# spin p0 e0 inclination pos Edot_tot Ldot_tot Qdot_tot Edot_hor Edot_inf Ldot_hor Ldot_inf Qdot_hor Qdot_inf elapsed  iu iw iz
9.8999999999999999e-01 1.4782116751162881e+00 0.0000000000000000e+00 1.0000000000000000e+00 7.5600000000000000e+02 8.9075662572639464e-02 2.4827483183254995e-01 0.0000000000000000e+00 -8.4396520179235695e-03 9.7515314590562951e-02 -2.3523296094109847e-02 2.7179812792666014e-01 0.0000000000000000e+00 0.0000000000000000e+00 0.0000000000000000e+00 1 0 0
9.9943765867480960e-01 1.1703051822331749e+00 0.0000000000000000e+00 1.0000000000000000e+00 7.3000000000000000e+02 7.9212676992113179e-02 1.7945484211104720e-01 0.0000000000000000e+00 -1.0658518395734904e-02 8.9871195387848241e-02 -2.4146674604050303e-02 2.0360151671509755e-01 0.0000000000000000e+00 0.0000000000000000e+00 0.0000000000000000e+00 1 0 1
9.9996837722339826e-01 1.0761466695695716e+00 0.0000000000000000e+00 1.0000000000000000e+00 7.7600000000000000e+02 4.8721372193454453e-02 1.0311078974795765e-01 0.0000000000000000e+00 -7.2828705526460334e-03 5.6004242746100483e-02 -1.5413000506918451e-02 1.1852379025487597e-01 0.0000000000000000e+00 0.0000000000000000e+00 0.0000000000000000e+00 1 0 2
9.9999822172058994e-01 1.0432708450441162e+00 0.0000000000000000e+00 1.0000000000000000e+00 7.3200000000000000e+02 3.1178634637989082e-02 6.4402638944131688e-02 0.0000000000000000e+00 -4.8170117094921599e-03 3.5995646347481203e-02 -9.9500273029302384e-03 7.4352666247061938e-02 0.0000000000000000e+00 0.0000000000000000e+00 0.0000000000000000e+00 1 0 3
9.9999990000000005e-01 1.0311293962945765e+00 0.0000000000000000e+00 1.0000000000000000e+00 7.4200000000000000e+02 2.3478429960600993e-02 4.8061649663665502e-02 0.0000000000000000e+00 -3.6635350394256831e-03 2.7141965000026639e-02 -7.4994596270241106e-03 5.5561109290689650e-02 0.0000000000000000e+00 0.0000000000000000e+00 0.0000000000000000e+00 1 0 4
9.9999999437658671e-01 1.0265435573430977e+00 0.0000000000000000e+00 1.0000000000000000e+00 7.5200000000000000e+02 2.0375245578570643e-02 4.1567098057051270e-02 0.0000000000000000e+00 -3.1895024470948697e-03 2.3564748025665536e-02 -6.5068349954532376e-03 4.8073933052504507e-02 0.0000000000000000e+00 0.0000000000000000e+00 0.0000000000000000e+00 1 0 5
9.9999999968377229e-01 1.0247962444980552e+00 0.0000000000000000e+00 1.0000000000000000e+00 7.6200000000000000e+02 1.9162962181745482e-02 3.9043078915633841e-02 0.0000000000000000e+00 -3.0031852909206667e-03 2.2166147472666153e-02 -6.1187617655156278e-03 4.5161840681149451e-02 0.0000000000000000e+00 0.0000000000000000e+00 0.0000000000000000e+00 1 0 6
9.9999999998221722e-01 1.0241282231884490e+00 0.0000000000000000e+00 1.0000000000000000e+00 7.3600000000000000e+02 1.8694999809514740e-02 3.8070680428153099e-02 0.0000000000000000e+00 -2.9311189936465391e-03 2.1626118803161284e-02 -5.9689593817066440e-03 4.4039639809859685e-02 0.0000000000000000e+00 0.0000000000000000e+00 0.0000000000000000e+00 1 0 7
9.9999999999900002e-01 1.0238724878578676e+00 0.0000000000000000e+00 1.0000000000000000e+00 7.5500000000000000e+02 1.8515186199960530e-02 3.7697319029016345e-02 0.0000000000000000e+00 -2.9034080016478946e-03 2.1418594201608406e-02 -5.9114014046346801e-03 4.3608720433650973e-02 0.0000000000000000e+00 0.0000000000000000e+00 0.0000000000000000e+00 1 0 8
9.8999999999999999e-01 1.5058746787877642e+00 5.0000000000000003e-02 1.0000000000000000e+00 8.3700000000000000e+02 8.7417979203119930e-02 2.4579049890264662e-01 -5.8232071966503522e-17 -8.2176267683293520e-03 9.5635605971449419e-02 -2.3101326255325759e-02 2.6889182515797083e-01 5.4740390675851833e-18 -6.3706111034088303e-17 3.3286922054830939e+02 1 1 0
9.9943765867480960e-01 1.1968097589805746e+00 5.0000000000000003e-02 1.0000000000000000e+00 8.1100000000000000e+02 8.0119944396603193e-02 1.8355374665438373e-01 -3.5420058738333838e-16 -1.0645309833355598e-02 9.0765254229957987e-02 -2.4393330108184539e-02 2.0794707676256685e-01 4.7072872618021080e-17 -4.0127346000135593e-16 1.0677012605536729e+03 1 1 1
9.9996837722339826e-01 1.1080299249763090e+00 5.0000000000000003e-02 1.0000000000000000e+00 8.2100000000000000e+02 5.2407135820211018e-02 1.1263610693065079e-01 1.5996136462390230e-16 -7.6645962350940788e-03 6.0071732055304576e-02 -1.6478178924970555e-02 1.2911428585562040e-01 -2.3400100375190156e-17 1.8336146499909155e-16 2.7672243328811601e+03 1 1 2
9.9999822172058994e-01 1.0825014508785353e+00 5.0000000000000003e-02 1.0000000000000000e+00 8.3100000000000000e+02 3.7842969112223873e-02 7.9770179199329147e-02 5.2230730101655308e-17 -5.6702088591762045e-03 4.3513177971399343e-02 -1.1956342974632829e-02 9.1726522173959379e-02 -7.8277614762572485e-18 6.0058491577912058e-17 4.8905175965484232e+03 1 1 3
9.9999990000000005e-01 1.0758481982871733e+00 5.0000000000000003e-02 1.0000000000000000e+00 8.4100000000000000e+02 3.2943594644531116e-02 6.9066755059054963e-02 1.1396024441621247e-16 -4.9607774857948622e-03 3.7904372130324306e-02 -1.0403858790356291e-02 7.9470613849406943e-02 -1.7165265919665376e-17 1.3112551033587757e-16 6.7905354469241574e+03 1 1 4
9.9999999437658671e-01 1.0742230257886685e+00 5.0000000000000003e-02 1.0000000000000000e+00 8.1500000000000000e+02 3.1628228569288375e-02 6.6216913663524737e-02 7.0228775171462254e-18 -4.7675642968659036e-03 3.6395792866152854e-02 -9.9847650292248548e-03 7.6201678692746230e-02 -1.0586119307522740e-18 8.0814894478981834e-18 8.1442292469721287e+03 1 1 5
9.9999999968377229e-01 1.0738346886048520e+00 5.0000000000000003e-02 1.0000000000000000e+00 8.2500000000000000e+02 3.1305265426823312e-02 6.5518604954469456e-02 9.4239481807898455e-17 -4.7199568881331252e-03 3.6025222314955786e-02 -9.8817222835914792e-03 7.5400327238059173e-02 -1.4213139685122064e-17 1.0845262149301988e-16 9.2798770354203880e+03 1 1 6
9.9999999998221722e-01 1.0737424293378135e+00 5.0000000000000003e-02 1.0000000000000000e+00 8.3500000000000000e+02 3.1227993516667413e-02 6.5351610038160660e-02 1.1737369438934284e-16 -4.7085594836612536e-03 3.5936553000327366e-02 -9.8570660588053558e-03 7.5208676096963953e-02 -1.7705042466211988e-17 1.3507873685554837e-16 9.7193990728519857e+03 1 1 7
9.9999999999900002e-01 1.0737205407999442e+00 5.0000000000000003e-02 1.0000000000000000e+00 8.4500000000000000e+02 3.1209656946441480e-02 6.5311985696565739e-02 7.1868568136491037e-17 -4.7058504747368316e-03 3.5915507421177641e-02 -9.8512063207205139e-03 7.5163192017284372e-02 -1.0839446281076387e-17 8.2708014417564548e-17 9.8532196785137057e+03 1 1 8
9.8999999999999999e-01 1.5393453000363944e+00 1.0000000000000001e-01 1.0000000000000000e+00 8.9100000000000000e+02 8.6640428690352739e-02 2.4405803421543523e-01 3.0239022946668445e-16 -8.0259432429772640e-03 9.4666371933329774e-02 -2.2591648759760132e-02 2.6664968297519276e-01 -2.7986006478111362e-17 3.3037623594479272e-16 4.1482998740859330e+02 1 2 0
9.9943765867480960e-01 1.2332564727828095e+00 1.0000000000000001e-01 1.0000000000000000e+00 9.1000000000000000e+02 7.9024381135755453e-02 1.8265871926894478e-01 -2.2580336144837473e-16 -1.0218342106420301e-02 8.9242723242175137e-02 -2.3632703049935505e-02 2.0629142231887898e-01 2.9216157536191544e-17 -2.5501951898456058e-16 1.6250284649487585e+03 1 2 1
9.9996837722339826e-01 1.1516880024396423e+00 1.0000000000000001e-01 1.0000000000000000e+00 9.1100000000000000e+02 5.2405956735424308e-02 1.1431110191974565e-01 1.0574714094974824e-16 -7.3797812894324816e-03 5.9785738024855005e-02 -1.6112038743204722e-02 1.3042314066294619e-01 -1.4910985180249641e-17 1.2065812612999356e-16 3.6822754120901227e+03 1 2 2
9.9999822172058994e-01 1.1305282382970696e+00 1.0000000000000001e-01 1.0000000000000000e+00 9.2100000000000000e+02 3.9312289472509435e-02 8.4333449879359271e-02 -1.7852879381965243e-16 -5.6411060298519151e-03 4.4953395502359210e-02 -1.2113479861004743e-02 9.6446929740359316e-02 2.5644751340303047e-17 -2.0417354515994589e-16 8.0511987287206575e+03 1 2 3
9.9999990000000005e-01 1.1253414882873409e+00 1.0000000000000001e-01 1.0000000000000000e+00 8.9500000000000000e+02 3.5138853691952111e-02 7.5030461992986963e-02 2.3407178656643874e-17 -5.0599107996943593e-03 4.0198764491642745e-02 -1.0815175674759366e-02 8.5845637667738658e-02 -3.3705776834222366e-18 2.6777756340064137e-17 1.0030706953462213e+04 1 2 4
9.9999999437658671e-01 1.1241004257802862e+00 1.0000000000000001e-01 1.0000000000000000e+00 9.0500000000000000e+02 3.4045620077733117e-02 7.2608977361883043e-02 5.6930080509730861e-17 -4.9059025480097888e-03 3.8951522625739581e-02 -1.0473469566193310e-02 8.3082446928068501e-02 -8.2129804550053635e-18 6.5143060964731528e-17 1.2349639857884496e+04 1 2 5
9.9999999968377229e-01 1.1238054744485346e+00 1.0000000000000001e-01 1.0000000000000000e+00 9.1500000000000000e+02 3.3779242153893323e-02 7.2019843139072809e-02 -6.4957091125434789e-17 -4.8682662420455498e-03 3.8647508395935164e-02 -1.0390097271091612e-02 8.2409940410158089e-02 9.3733807096912256e-18 -7.4330471835118662e-17 1.3391978463131003e+04 1 2 6
9.9999999998221722e-01 1.1237354936337107e+00 1.0000000000000001e-01 1.0000000000000000e+00 9.2500000000000000e+02 3.3715655469007025e-02 7.1879261602487893e-02 -8.8276034070559632e-17 -4.8592829246493678e-03 3.8574938393653987e-02 -1.0370204839742716e-02 8.2249466442225722e-02 1.2736910662571744e-17 -1.0101294473312403e-16 1.3773113793911412e+04 1 2 7
9.9999999999900002e-01 1.1237188967852061e+00 1.0000000000000001e-01 1.0000000000000000e+00 9.3500000000000000e+02 3.3700554609789289e-02 7.1845878510824343e-02 6.2825021796452736e-17 -4.8571442130611216e-03 3.8557698822846896e-02 -1.0365469378795003e-02 8.2211347889611361e-02 -9.0617949949372247e-18 7.1886816791384320e-17 1.2973625232217833e+04 1 2 8
9.8999999999999999e-01 1.5772983821063158e+00 1.5000000000000002e-01 1.0000000000000000e+00 9.9000000000000000e+02 8.6263578742393363e-02 2.4258178565086577e-01 -3.4593733282936875e-16 -7.8354678915279283e-03 9.4099046633921365e-02 -2.1996252506542902e-02 2.6457803815740377e-01 3.1380039477741365e-17 -3.7731737230710997e-16 5.8126617346331477e+02 1 3 0
9.9943765867480960e-01 1.2750244526615964e+00 1.5000000000000002e-01 1.0000000000000000e+00 9.9100000000000000e+02 7.7529110466272186e-02 1.8041330505511391e-01 -4.4628777112283021e-16 -9.6817815156666175e-03 8.7210891981937058e-02 -2.2547579027699896e-02 2.0296088408281016e-01 5.5779244623423890e-17 -5.0206701574625486e-16 2.0535782962972298e+03 1 3 1
9.9996837722339826e-01 1.1986347510077622e+00 1.5000000000000002e-01 1.0000000000000000e+00 1.0010000000000000e+03 5.1636933709702133e-02 1.1392584331961321e-01 -8.7355559157073294e-17 -6.9620823598739836e-03 5.8599016069574864e-02 -1.5382145549217869e-02 1.2930798886882314e-01 1.1792460121180084e-17 -9.9148019278251750e-17 4.9052609264804050e+03 1 3 2
9.9999822172058994e-01 1.1796943978542305e+00 1.5000000000000002e-01 1.0000000000000000e+00 9.7500000000000000e+02 3.9457365079391321e-02 8.5731876587517880e-02 -5.8622612584556363e-17 -5.4044853835251714e-03 4.4861850462913432e-02 -1.1761080503067393e-02 9.7492957090580507e-02 8.0458642515640822e-18 -6.6668476836115059e-17 9.6921608181875199e+03 1 3 3
9.9999990000000005e-01 1.1751363599628784e+00 1.5000000000000002e-01 1.0000000000000000e+00 9.8500000000000000e+02 3.5666906123855306e-02 7.7157107094299585e-02 4.4770345210138479e-17 -4.8991380160283062e-03 4.0566044139879166e-02 -1.0615114009501348e-02 8.7772221103789197e-02 -6.1646336901690145e-18 5.0934978900301773e-17 1.3667780880759470e+04 1 3 4
9.9999999437658671e-01 1.1740513465154911e+00 1.5000000000000002e-01 1.0000000000000000e+00 9.9500000000000000e+02 3.4683530329418670e-02 7.4944249226826312e-02 -1.2418805426622060e-16 -4.7667971902399641e-03 3.9450327519653737e-02 -1.0316711613218331e-02 8.5260960840033928e-02 1.7093832678842114e-17 -1.4128188694504094e-16 1.5556433204098605e+04 1 3 5
9.9999999968377229e-01 1.1737938111466142e+00 1.5000000000000002e-01 1.0000000000000000e+00 1.0050000000000000e+03 3.4444630876212030e-02 7.4407319266424493e-02 -1.3982219493505076e-16 -4.7345632414820564e-03 3.9179194117689671e-02 -1.0244133472925488e-02 8.4651452739337094e-02 1.9248520782808219e-17 -1.5907071571783639e-16 1.5584240597413853e+04 1 3 6
9.9999999998221722e-01 1.1737327263415920e+00 1.5000000000000002e-01 1.0000000000000000e+00 9.7900000000000000e+02 3.4387632031781322e-02 7.4279250562241536e-02 5.8337639212076652e-17 -4.7268722285525042e-03 3.9114504260328642e-02 -1.0226822082687421e-02 8.4506072644917024e-02 -8.0336661994351782e-18 6.6371305411501359e-17 1.6492259692328982e+04 1 3 7
9.9999999999900002e-01 1.1737182404095907e+00 1.5000000000000002e-01 1.0000000000000000e+00 9.8900000000000000e+02 3.4374102408606347e-02 7.4248855778666759e-02 -4.0605699683990123e-17 -4.7250477046645936e-03 3.9099150113266271e-02 -1.0222713497626681e-02 8.4471569276282521e-02 5.5889681105190349e-18 -4.6194667794503903e-17 1.5915118413741700e+04 1 3 8
9.8999999999999999e-01 1.6187039675174233e+00 2.0000000000000001e-01 1.0000000000000000e+00 1.0530000000000000e+03 8.6167050279169807e-02 2.4130256248601731e-01 -4.7840053563567087e-16 -7.6477145401061437e-03 9.3814764819275212e-02 -2.1352015428183543e-02 2.6265457791419733e-01 4.2316597040130570e-17 -5.2071713267579285e-16 5.8864299627579749e+02 1 4 0
9.9943765867480960e-01 1.3198099438213424e+00 2.0000000000000001e-01 1.0000000000000000e+00 1.0540000000000000e+03 7.6167854910572735e-02 1.7802508642786918e-01 2.5408972114732552e-16 -9.1517513042242548e-03 8.5319606214796742e-02 -2.1403071538675954e-02 1.9942815796654118e-01 -3.0546716386642774e-17 2.8463643753396611e-16 1.9540482839168981e+03 1 4 1
9.9996837722339826e-01 1.2469145587839414e+00 2.0000000000000001e-01 1.0000000000000000e+00 1.0550000000000000e+03 5.0827501227674460e-02 1.1303811048129227e-01 -2.0079602066632466e-16 -6.5483192217368888e-03 5.7375820449411037e-02 -1.4585611448466308e-02 1.2762372192975308e-01 2.5909250653317719e-17 -2.2670527131963261e-16 5.7168551812572405e+03 1 4 2
9.9999822172058994e-01 1.2292466153494126e+00 2.0000000000000001e-01 1.0000000000000000e+00 1.0650000000000000e+03 3.9265335608611771e-02 8.6067450814096683e-02 1.1466487867752381e-16 -5.1291092154356075e-03 4.4394444824042784e-02 -1.1262518070593617e-02 9.7329968884681053e-02 -1.5004688252675101e-17 1.2966956693018605e-16 1.2748589868540876e+04 1 4 3
9.9999990000000005e-01 1.2250276739431687e+00 2.0000000000000001e-01 1.0000000000000000e+00 1.0750000000000000e+03 3.5714022983861338e-02 7.7951331266384927e-02 6.7786229910743619e-17 -4.6767031726597415e-03 4.0390726156515802e-02 -1.0226270519436401e-02 8.8177601785808482e-02 -8.8889380086840294e-18 7.6675167919416318e-17 1.6820401088572107e+04 1 4 4
9.9999999437658671e-01 1.2240254285296919e+00 2.0000000000000001e-01 1.0000000000000000e+00 1.0850000000000000e+03 3.4797563227390423e-02 7.5866564537295789e-02 1.0107456809821457e-16 -4.5588188886289049e-03 3.9356382116013500e-02 -9.9575530624484206e-03 8.5824117599731992e-02 -1.3266125614629329e-17 1.1434069371282939e-16 2.0161507229644805e+04 1 4 5
9.9999999968377229e-01 1.2237876568573285e+00 2.0000000000000001e-01 1.0000000000000000e+00 1.0590000000000000e+03 3.4575131070520730e-02 7.5361074717325074e-02 -5.0200560186999248e-17 -4.5302590519936160e-03 3.9105390122508563e-02 -9.8925629545932332e-03 8.5253637671904275e-02 6.5897706988462547e-18 -5.6790330885838149e-17 1.9262613438427448e+04 1 4 6
9.9999999998221722e-01 1.2237312666766640e+00 2.0000000000000001e-01 1.0000000000000000e+00 1.0690000000000000e+03 3.4522118615332366e-02 7.5240623887976588e-02 9.8864773405821290e-17 -4.5234261153353659e-03 3.9045544730660783e-02 -9.8770249531444174e-03 8.5117648841107160e-02 -1.2974505247153314e-17 1.1183927865296120e-16 1.9513633042416535e+04 1 4 7
9.9999999999900002e-01 1.2237178940800983e+00 2.0000000000000001e-01 1.0000000000000000e+00 1.0790000000000000e+03 3.4509547233397789e-02 7.5212081032673447e-02 -9.8827501655607874e-17 -4.5217768948852986e-03 3.9031324128276541e-02 -9.8732544573082691e-03 8.5085335489968675e-02 1.2969586754855084e-17 -1.1179708841044926e-16 2.2004128177230246e+04 1 4 8
9.8999999999999999e-01 1.6627823949698188e+00 2.5000000000000000e-01 1.0000000000000000e+00 1.1340000000000000e+03 8.6287297959061676e-02 2.4020338705574323e-01 4.4584655842894087e-16 -7.4646792250438821e-03 9.3751977184104426e-02 -2.0687270911344913e-02 2.6089065796708405e-01 -3.8405466921309908e-17 4.8425202535024543e-16 6.5982127877976745e+02 1 5 0
9.9943765867480960e-01 1.3664337823830426e+00 2.5000000000000000e-01 1.0000000000000000e+00 1.1350000000000000e+03 7.5099561774371076e-02 1.7590615782987951e-01 -2.2293786337379452e-16 -8.6681731283241199e-03 8.3767734902694249e-02 -2.0303747634489066e-02 1.9620990546436448e-01 2.5732234798793562e-17 -2.4867009817258482e-16 2.1824741128915921e+03 1 5 1
9.9996837722339826e-01 1.2958691826424928e+00 2.5000000000000000e-01 1.0000000000000000e+00 1.1450000000000000e+03 5.0172438767957184e-02 1.1213985967549975e-01 9.3697708306187032e-17 -6.1748726093281666e-03 5.6347311377283715e-02 -1.3818144493375307e-02 1.2595800416886849e-01 -1.1553980863967937e-17 1.0525168917015282e-16 6.1643124574711546e+03 1 5 2
9.9999822172058994e-01 1.2789805809700538e+00 2.5000000000000000e-01 1.0000000000000000e+00 1.1550000000000000e+03 3.9032529786528741e-02 8.6035022349812154e-02 -1.8749675100173833e-16 -4.8643149274711067e-03 4.3896844713995846e-02 -1.0737922553196890e-02 9.6772944902997357e-02 2.3394761713527567e-17 -2.1089151271524443e-16 1.5800178936461918e+04 1 5 3
9.9999990000000005e-01 1.2749634881792580e+00 2.5000000000000000e-01 1.0000000000000000e+00 1.1650000000000000e+03 3.5637076100203842e-02 7.8225415699011910e-02 -7.2565107210486502e-17 -4.4510016101752224e-03 4.0088077710372434e-02 -9.7857545305136545e-03 8.8011170229511757e-02 9.0839604155196011e-18 -8.1649067625995003e-17 2.1532894978888333e+04 1 5 4
9.9999999437658671e-01 1.2740101447288064e+00 2.5000000000000000e-01 1.0000000000000000e+00 1.1390000000000000e+03 3.4763279271097826e-02 7.6223934108449687e-02 -1.1075679473294027e-16 -4.3438466868605200e-03 3.9107125957951641e-02 -9.5401050373428616e-03 8.5764039145776585e-02 1.3863774256282819e-17 -1.2462056898920335e-16 2.4784865633443929e+04 1 5 5
9.9999999968377229e-01 1.2737840289273601e+00 2.5000000000000000e-01 1.0000000000000000e+00 1.1490000000000000e+03 3.4551543226444451e-02 7.5739437677777230e-02 -6.1071716286231517e-17 -4.3177549532474576e-03 3.8869298179685548e-02 -9.4803094673305919e-03 8.5219747145091548e-02 7.6490552729315389e-18 -6.8720771559151477e-17 2.6733812052260153e+04 1 5 6
9.9999999998221722e-01 1.2737304060249957e+00 2.5000000000000000e-01 1.0000000000000000e+00 1.1590000000000000e+03 3.4501057762706525e-02 7.5623897807159043e-02 -1.3286469706120507e-16 -4.3115288194194110e-03 3.8812586582118981e-02 -9.4660828061890918e-03 8.5089980613332200e-02 1.6627951744876796e-17 -1.4949264880605451e-16 2.5285345950254239e+04 1 5 7
9.9999999999900002e-01 1.2737176896829616e+00 2.5000000000000000e-01 1.0000000000000000e+00 1.1420000000000000e+03 3.4489113103033008e-02 7.5596585439388547e-02 -1.6020001798252266e-16 -4.3100101803754017e-03 3.8799123283400579e-02 -9.4625908403016112e-03 8.5059176279673368e-02 2.0054157939295940e-17 -1.8025417592179147e-16 2.7365999825326726e+04 1 5 8
9.8999999999999999e-01 1.7089489724385734e+00 3.0000000000000004e-01 1.0000000000000000e+00 1.2150000000000000e+03 8.6567844015861845e-02 2.3924722464474851e-01 1.5937066642695877e-16 -7.2849176738185297e-03 9.3852761689680334e-02 -2.0016691353730263e-02 2.5926391599847415e-01 -1.3333794970636076e-17 1.7270446139759576e-16 7.6490842161700130e+02 1 6 0
9.9943765867480960e-01 1.4142505979278854e+00 3.0000000000000004e-01 1.0000000000000000e+00 1.2700000000000000e+03 7.4344735739285545e-02 1.7417320470413516e-01 3.7542515331839349e-16 -8.2377131028749575e-03 8.2582448842159747e-02 -1.9282799023318292e-02 1.9345600372745045e-01 -4.1569690933506296e-17 4.1699484425189679e-16 2.7160046766605228e+03 1 6 1
9.9996837722339826e-01 1.3452150624285313e+00 3.0000000000000004e-01 1.0000000000000000e+00 1.2260000000000000e+03 4.9713163134009954e-02 1.1139571298993167e-01 1.2101634766009682e-16 -5.8474416872160333e-03 5.5560604821224949e-02 -1.3109680465155881e-02 1.2450539345508234e-01 -1.4240521036835282e-17 1.3525686869692440e-16 7.8293355526756495e+03 1 6 2
9.9999822172058994e-01 1.3288160065281953e+00 3.0000000000000004e-01 1.0000000000000000e+00 1.2360000000000000e+03 3.8857610655461498e-02 8.5907705801741008e-02 -1.9075342594763402e-17 -4.6250705858936671e-03 4.3482681241349644e-02 -1.0233926385346382e-02 9.6141632187074458e-02 2.2723881410660912e-18 -2.1347730735826622e-17 1.9457692460150458e+04 1 6 3
9.9999990000000005e-01 1.3249238994910766e+00 3.0000000000000004e-01 1.0000000000000000e+00 1.2460000000000000e+03 3.5563120476320709e-02 7.8305478747083226e-02 -1.0272974353143457e-16 -4.2413980622681528e-03 3.9804518538580712e-02 -9.3481686366393979e-03 8.7653647383706540e-02 1.2262111172608915e-17 -1.1499185470402524e-16 2.4905579663974233e+04 1 6 4
9.9999999437658671e-01 1.3240007247397294e+00 3.0000000000000004e-01 1.0000000000000000e+00 1.2200000000000000e+03 3.4716762626919848e-02 7.6359938616337303e-02 -9.2485231852587780e-17 -4.1420279135379011e-03 3.8858790540449308e-02 -9.1197418402084278e-03 8.5479680456527943e-02 1.1044662321287345e-17 -1.0352989417385754e-16 2.9320625927076675e+04 1 6 5
9.9999999968377229e-01 1.3237817932763043e+00 3.0000000000000004e-01 1.0000000000000000e+00 1.2300000000000000e+03 3.4511571534749909e-02 7.5888525253282282e-02 -1.3328067979100631e-16 -4.1180049776276574e-03 3.8629576512369493e-02 -9.0646816868331405e-03 8.4953206940097656e-02 1.5918107224141526e-17 -1.4919878701512012e-16 2.9881411114582792e+04 1 6 6
9.9999999998221722e-01 1.3237298757080189e+00 3.0000000000000004e-01 1.0000000000000000e+00 1.2400000000000000e+03 3.4462713779737641e-02 7.5776307171898594e-02 6.1310588089364956e-18 -4.1122267440629632e-03 3.8574940523792303e-02 -9.0514361946288629e-03 8.4827743366508779e-02 -7.2947071440238749e-19 6.8605295233383221e-18 3.2587898740145378e+04 1 6 7
9.9999999999900002e-01 1.3237175637359755e+00 3.0000000000000004e-01 1.0000000000000000e+00 1.2500000000000000e+03 3.4451112475025608e-02 7.5749624361991563e-02 -6.5758753561523304e-17 -4.1108489811799830e-03 3.8561961456197238e-02 -9.0483033610087079e-03 8.4797927722981517e-02 7.8529645109761961e-18 -7.3611718072483435e-17 3.4473938034743071e+04 1 6 8
9.8999999999999999e-01 1.7567649394562446e+00 3.5000000000000003e-01 1.0000000000000000e+00 1.3320000000000000e+03 8.6945706478894200e-02 2.3836079905829158e-01 -5.4358237393157686e-16 -7.1041106422518163e-03 9.4049817121145129e-02 -1.9343685108356996e-02 2.5770448416664532e-01 4.4091911212668452e-17 -5.8767428514424397e-16 7.4352800972759724e+02 1 7 0
9.9943765867480960e-01 1.4628826994767730e+00 3.5000000000000003e-01 1.0000000000000000e+00 1.3330000000000000e+03 7.3875249781047134e-02 1.7283249782219853e-01 2.7946994413692641e-16 -7.8574221729089191e-03 8.1732671953954991e-02 -1.8349996370091173e-02 1.9118249419228500e-01 -2.9681200772573937e-17 3.0915114490949872e-16 2.8870093570416793e+03 1 7 1
9.9996837722339826e-01 1.3948092711987428e+00 3.5000000000000003e-01 1.0000000000000000e+00 1.3250000000000000e+03 4.9443524286604666e-02 1.1085663074431597e-01 1.5300626295025306e-16 -5.5653420609016995e-03 5.5008866347503745e-02 -1.2473124866648429e-02 1.2332975561095981e-01 -1.7213703948821546e-17 1.7021996689906545e-16 8.1234168334743008e+03 1 7 2
9.9999822172058994e-01 1.3787143803844761e+00 3.5000000000000003e-01 1.0000000000000000e+00 1.2990000000000000e+03 3.8769142461798932e-02 8.5799649115487708e-02 -3.9937089729236839e-17 -4.4136856823259818e-03 4.3182828144117821e-02 -9.7673581358044253e-03 9.5567007251273997e-02 4.5462973480875170e-18 -4.4483387077317201e-17 2.0885577874514274e+04 1 7 3
9.9999990000000005e-01 1.3748994834580226e+00 3.5000000000000003e-01 1.0000000000000000e+00 1.3090000000000000e+03 3.5536841647680811e-02 7.8334549110113061e-02 1.5493164000096432e-16 -4.0526670114241180e-03 3.9589508659095919e-02 -8.9348582710240560e-03 8.7269407381116201e-02 -1.7671242289695029e-17 1.7260288229062400e-16 2.9212996800306253e+04 1 7 4
9.9999999437658671e-01 1.3739949167944756e+00 3.5000000000000003e-01 1.0000000000000000e+00 1.3190000000000000e+03 3.4707417853119399e-02 7.6425749369576482e-02 -9.4112957064031213e-17 -3.9611513364124747e-03 3.8668569189523397e-02 -8.7242637077652643e-03 8.5150013077318981e-02 1.0743501845973545e-17 -1.0485645890998467e-16 3.4552747830227949e+04 1 7 5
9.9999999968377229e-01 1.3737804149885997e+00 3.5000000000000003e-01 1.0000000000000000e+00 1.3290000000000000e+03 3.4508570493238244e-02 7.5968176447307120e-02 1.5335835345777226e-16 -3.9383061851457277e-03 3.8446876678374368e-02 -8.6717097981974123e-03 8.4639886245482604e-02 -1.7506104479743600e-17 1.7086445793748137e-16 3.6476279785742052e+04 1 7 6
9.9999999998221722e-01 1.3737295489410677e+00 3.5000000000000003e-01 1.0000000000000000e+00 1.3030000000000000e+03 3.4460755877762900e-02 7.5858200739809006e-02 5.8183537565080255e-17 -3.9329589764176415e-03 3.8393714854170549e-02 -8.6594627404010145e-03 8.4517663480188895e-02 -6.6416532712717483e-18 6.4825190836332855e-17 3.4310115619159304e+04 1 7 7
9.9999999999900002e-01 1.3737174864253645e+00 3.5000000000000003e-01 1.0000000000000000e+00 1.3040000000000000e+03 3.4449444491499802e-02 7.5832199256402860e-02 -1.2397672422291424e-16 -3.9316865690309710e-03 3.8381131060521774e-02 -8.6565319831111744e-03 8.4488731239492298e-02 1.4151846717992915e-17 -1.3812857094087058e-16 3.4575047975450754e+04 1 7 8
9.8999999999999999e-01 1.8058989726605508e+00 4.0000000000000002e-01 1.0000000000000000e+00 1.3860000000000000e+03 8.7344064849011499e-02 2.3742207202306564e-01 -1.2483085873763238e-16 -6.9130252565453524e-03 9.4257090105556496e-02 -1.8656196434519934e-02 2.5607826845758408e-01 9.8200154953398453e-18 -1.3465087423297007e-16 9.8280046592559665e+02 1 8 0
9.9943765867480960e-01 1.5120958289819957e+00 4.0000000000000002e-01 1.0000000000000000e+00 1.3780000000000000e+03 7.3634449180497732e-02 1.7182212908829647e-01 0.0000000000000000e+00 -7.5271922623808751e-03 8.1161641442876520e-02 -1.7516861288482812e-02 1.8933899037677776e-01 0.0000000000000000e+00 0.0000000000000000e+00 3.0012879269784316e+03 1 8 1
9.9996837722339826e-01 1.4445715881567758e+00 4.0000000000000002e-01 1.0000000000000000e+00 1.3880000000000000e+03 4.9335571410771210e-02 1.1051655281304303e-01 9.8158417228193984e-17 -5.3282332373113346e-03 5.4663804648079690e-02 -1.1918127388358037e-02 1.2243468020139443e-01 -1.0585423549576622e-17 1.0874384077776472e-16 9.4932294220048934e+03 1 8 2
9.9999822172058994e-01 1.4286547359931348e+00 4.0000000000000002e-01 1.0000000000000000e+00 1.3980000000000000e+03 3.8765748524596216e-02 8.5751271419737818e-02 -2.1440409123675877e-16 -4.2250729726559981e-03 4.2990821497244376e-02 -9.3374177349190724e-03 9.5088689154636724e-02 2.3350682382696316e-17 -2.3775477361941068e-16 2.2849704612022266e+04 1 8 3
9.9999990000000005e-01 1.4248851487335124e+00 4.0000000000000002e-01 1.0000000000000000e+00 1.4080000000000000e+03 3.5572785105384738e-02 7.8383529590526843e-02 1.0282068933239819e-16 -3.8866335219702210e-03 3.9459418627345595e-02 -8.5576807197304643e-03 8.6941210310235842e-02 -1.1226946182184539e-17 1.1404763551455899e-16 3.6337729909331538e+04 1 8 4
9.9999999437658671e-01 1.4239915066808428e+00 4.0000000000000002e-01 1.0000000000000000e+00 1.3820000000000000e+03 3.4754570438320087e-02 7.6501729157901932e-02 -1.8069036013641879e-16 -3.7978887700988468e-03 3.8552459208408087e-02 -8.3545346488336295e-03 8.4856263806715210e-02 1.9731050010677261e-17 -2.0042141014705758e-16 3.7900961318468675e+04 1 8 5
9.9999999968377229e-01 1.4237796056895153e+00 4.0000000000000002e-01 1.0000000000000000e+00 1.3920000000000000e+03 3.4556442263648263e-02 7.6046429542163382e-02 -5.3736210738055998e-17 -3.7761675832855999e-03 3.8332609846922869e-02 -8.3047953208241071e-03 8.4351224862966159e-02 5.8662644233333809e-18 -5.9602475161379391e-17 4.0780262653339654e+04 1 8 6
9.9999999998221722e-01 1.4237293568372837e+00 4.0000000000000002e-01 1.0000000000000000e+00 1.4020000000000000e+03 3.4508966969647302e-02 7.5936995742880445e-02 -6.7445600875686691e-17 -3.7711860979215868e-03 3.8280153067557686e-02 -8.2936948805303959e-03 8.4230690623388713e-02 7.3662808124645060e-18 -7.4811881688131543e-17 4.1262086948754266e+04 1 8 7
9.9999999999900002e-01 1.4237174411345936e+00 4.0000000000000002e-01 1.0000000000000000e+00 1.3850000000000000e+03 3.4497691454976033e-02 7.5911202269845976e-02 -7.3547097562008953e-17 -3.7699737990825196e-03 3.8267665254046290e-02 -8.2908655105251600e-03 8.4202067780348069e-02 8.0341328986982130e-18 -8.1581230460689862e-17 4.2264407249434851e+04 1 8 8
9.8999999999999999e-01 1.5107320705787066e+00 0.0000000000000000e+00 1.0000000000000000e+00 1.4670000000000000e+03 8.5489859587257189e-02 2.4337839717333223e-01 0.0000000000000000e+00 -8.0411552169644598e-03 9.3531014804221768e-02 -2.2892112322740278e-02 2.6627050949607256e-01 0.0000000000000000e+00 0.0000000000000000e+00 0.0000000000000000e+00 2 0 0
9.9943765867480960e-01 1.2028255776955934e+00 0.0000000000000000e+00 1.0000000000000000e+00 1.4590000000000000e+03 8.3618797370799247e-02 1.9388000077851558e-01 0.0000000000000000e+00 -1.1164756953510191e-02 9.4783554324309433e-02 -2.5886800036595735e-02 2.1976680081511124e-01 0.0000000000000000e+00 0.0000000000000000e+00 0.0000000000000000e+00 2 0 1
9.9996837722339826e-01 1.1086670650319901e+00 0.0000000000000000e+00 1.0000000000000000e+00 1.4600000000000000e+03 6.1470352936026755e-02 1.3322592994271115e-01 0.0000000000000000e+00 -9.0507387624735435e-03 7.0521091698500279e-02 -1.9615847814538658e-02 1.5284177775724986e-01 0.0000000000000000e+00 0.0000000000000000e+00 0.0000000000000000e+00 2 0 2
9.9999822172058994e-01 1.0757912405065346e+00 0.0000000000000000e+00 1.0000000000000000e+00 1.4700000000000000e+03 4.8264660657651171e-02 1.0211898363595547e-01 0.0000000000000000e+00 -7.3093364667547629e-03 5.5573997124405874e-02 -1.5465187175617208e-02 1.1758417081157269e-01 0.0000000000000000e+00 0.0000000000000000e+00 0.0000000000000000e+00 2 0 3
9.9999990000000005e-01 1.0636497917569949e+00 0.0000000000000000e+00 1.0000000000000000e+00 1.4800000000000000e+03 4.2407582085730471e-02 8.8927770059445257e-02 0.0000000000000000e+00 -6.4788356977011768e-03 4.8886417783431640e-02 -1.3585976441980657e-02 1.0251374650142581e-01 0.0000000000000000e+00 0.0000000000000000e+00 0.0000000000000000e+00 2 0 4
9.9999999437658671e-01 1.0590639528055161e+00 0.0000000000000000e+00 1.0000000000000000e+00 1.4900000000000000e+03 4.0038006207913160e-02 8.3675090017829176e-02 0.0000000000000000e+00 -6.1357312254335435e-03 4.6173737433346608e-02 -1.2823012713152686e-02 9.6498102730981833e-02 0.0000000000000000e+00 0.0000000000000000e+00 0.0000000000000000e+00 2 0 5
9.9999999968377229e-01 1.0573166399604736e+00 0.0000000000000000e+00 1.0000000000000000e+00 1.4640000000000000e+03 3.9111058439568663e-02 8.1632420716091170e-02 0.0000000000000000e+00 -6.0006132934552611e-03 4.5111671733023953e-02 -1.2524452379185222e-02 9.4156873095276344e-02 0.0000000000000000e+00 0.0000000000000000e+00 0.0000000000000000e+00 2 0 6
9.9999999998221722e-01 1.0566486186508675e+00 0.0000000000000000e+00 1.0000000000000000e+00 1.4740000000000000e+03 3.8753074605847551e-02 8.0845315660053374e-02 0.0000000000000000e+00 -5.9483098365096807e-03 4.4701384442357217e-02 -1.2409156983478740e-02 9.3254472643532163e-02 0.0000000000000000e+00 0.0000000000000000e+00 0.0000000000000000e+00 2 0 7
9.9999999999900002e-01 1.0563928833202860e+00 0.0000000000000000e+00 1.0000000000000000e+00 1.4930000000000000e+03 3.8615497012599018e-02 8.0543080185147373e-02 0.0000000000000000e+00 -5.9281918627747876e-03 4.4543688875373813e-02 -1.2364850111876659e-02 9.2907930297024002e-02 0.0000000000000000e+00 0.0000000000000000e+00 0.0000000000000000e+00 2 0 8
9.8999999999999999e-01 1.5383950742501826e+00 5.0000000000000003e-02 1.0000000000000000e+00 1.5570000000000000e+03 8.3421078097733040e-02 2.4018349551383891e-01 1.9480259715490127e-16 -7.7667380606176381e-03 9.1187816158350671e-02 -2.2356908337685263e-02 2.6254040385152239e-01 -1.8132361232519919e-17 2.1293495838742041e-16 2.6625799368787557e+02 2 1 0
9.9943765867480960e-01 1.2293301544429931e+00 5.0000000000000003e-02 1.0000000000000000e+00 1.5490000000000000e+03 8.4413623534011759e-02 1.9830916474574153e-01 3.5226784111184901e-16 -1.1098338129314154e-02 9.5511961663325484e-02 -2.6076991932239411e-02 2.2438615667798034e-01 -4.6322042969818631e-17 3.9858988408166656e-16 7.3798491255845875e+02 2 1 1
9.9996837722339826e-01 1.1405503204387275e+00 5.0000000000000003e-02 1.0000000000000000e+00 1.5770000000000000e+03 6.5641296236072524e-02 1.4473310457449115e-01 -2.6868632224223058e-16 -9.4400828219041201e-03 7.5081379057975781e-02 -2.0820059138840444e-02 1.6555316371332970e-01 3.8649231023945110e-17 -3.0733555326617247e-16 1.5643493763403967e+03 2 1 2
9.9999822172058994e-01 1.1150218463409538e+00 5.0000000000000003e-02 1.0000000000000000e+00 1.5420000000000000e+03 5.5974925146341767e-02 1.2109541936648627e-01 -1.0552361393404253e-16 -8.2233412182776602e-03 6.4198266364618756e-02 -1.7795525582214058e-02 1.3889094494869691e-01 1.5506098445960313e-17 -1.2102971238000178e-16 2.1180549695296213e+03 2 1 3
9.9999990000000005e-01 1.1083685937495917e+00 5.0000000000000003e-02 1.0000000000000000e+00 1.5520000000000000e+03 5.2931655970140323e-02 1.1392976199316210e-01 -2.0417102364293357e-16 -7.8128559285724763e-03 6.0744511898711835e-02 -1.6821441184613404e-02 1.3075120317777203e-01 3.0146387342972082e-17 -2.3431741098590342e-16 2.2910530497319996e+03 2 1 4
9.9999999437658671e-01 1.1067434212510869e+00 5.0000000000000003e-02 1.0000000000000000e+00 1.5620000000000000e+03 5.2146278534898949e-02 1.1209808852415559e-01 -4.8048375410381777e-17 -7.7051412977216568e-03 5.9851419832619941e-02 -1.6568683027031871e-02 1.2866677155118597e-01 7.1007567875534853e-18 -5.5149132197934925e-17 2.4561973187793046e+03 2 1 5
9.9999999968377229e-01 1.1063550840672705e+00 5.0000000000000003e-02 1.0000000000000000e+00 1.5720000000000000e+03 5.1955953002109055e-02 1.1165523610089524e-01 -1.4875465672700666e-16 -7.6789345701577970e-03 5.9634887572265795e-02 -1.6507352961298617e-02 1.2816258906219163e-01 2.1992211999897913e-17 -1.7074686872690305e-16 2.8288754864949733e+03 2 1 6
9.9999999998221722e-01 1.1062628248002320e+00 5.0000000000000003e-02 1.0000000000000000e+00 1.5460000000000000e+03 5.1910585927656808e-02 1.1154973308047542e-01 1.6014056401181551e-16 -7.6726813956058248e-03 5.9583267323262128e-02 -1.6492728405225598e-02 1.2804246148569748e-01 -2.3676405686448465e-17 1.8381696969826122e-16 2.8445187042355537e+03 2 1 7
9.9999999999900002e-01 1.1062409362623626e+00 5.0000000000000003e-02 1.0000000000000000e+00 1.5560000000000000e+03 5.1899812611358523e-02 1.1152468279568542e-01 -1.1400850462362803e-16 -7.6711962976696302e-03 5.9571008909027799e-02 -1.6489255673351969e-02 1.2801393846903389e-01 1.6858058315328683e-17 -1.3086656293895383e-16 3.1357229035925120e+03 2 1 8
9.8999999999999999e-01 1.5718656954988128e+00 1.0000000000000001e-01 1.0000000000000000e+00 1.6470000000000000e+03 8.2065410147707005e-02 2.3750314258495997e-01 0.0000000000000000e+00 -7.5177188794049677e-03 8.9583129027111741e-02 -2.1736372861999833e-02 2.5923951544695933e-01 0.0000000000000000e+00 0.0000000000000000e+00 3.1877506241947412e+02 2 2 0
9.9943765867480960e-01 1.2657768682452279e+00 1.0000000000000001e-01 1.0000000000000000e+00 1.6570000000000000e+03 8.3695889753271038e-02 1.9888102965364041e-01 -1.8363385673440000e-16 -1.0699760624386608e-02 9.4395650377656570e-02 -2.5435571828037479e-02 2.2431660148167587e-01 2.3487509246725666e-17 -2.0712136598112771e-16 1.1963861065795645e+03 2 2 1
9.9996837722339826e-01 1.1842083979020608e+00 1.0000000000000001e-01 1.0000000000000000e+00 1.6220000000000000e+03 6.6746392557765821e-02 1.4968360282542906e-01 1.9941861871877045e-16 -9.2443640350664529e-03 7.5990756592832026e-02 -2.0747256297995433e-02 1.7043085912342429e-01 -2.7640897967801024e-17 2.2705951668656797e-16 2.1605259712012485e+03 2 2 2
9.9999822172058994e-01 1.1630486337594881e+00 1.0000000000000001e-01 1.0000000000000000e+00 1.6320000000000000e+03 5.8664622725500506e-02 1.2945122485236113e-01 2.4297773161138691e-16 -8.2636307873355484e-03 6.6928253512834282e-02 -1.8250658776835960e-02 1.4770188362919268e-01 -3.4254577175213168e-17 2.7723230878659259e-16 2.9510598250916228e+03 2 2 3
9.9999990000000005e-01 1.1578618837497594e+00 1.0000000000000001e-01 1.0000000000000000e+00 1.6420000000000000e+03 5.6263287964655566e-02 1.2363562945629469e-01 -1.3726312248640060e-16 -7.9529291812930527e-03 6.4216217145947538e-02 -1.7491748045353885e-02 1.4112737750164686e-01 1.9419741420894094e-17 -1.5668286390729494e-16 3.4911671095993370e+03 2 2 4
9.9999999437658671e-01 1.1566208212427047e+00 1.0000000000000001e-01 1.0000000000000000e+00 1.6520000000000000e+03 5.5656928180106070e-02 1.2217871397475945e-01 -8.1387372824320792e-17 -7.8732920890016780e-03 6.3530220269105500e-02 -1.7299062379175868e-02 1.3947777635392905e-01 1.1523490414673049e-17 -9.2910863238991912e-17 3.3272696763072163e+03 2 2 5
9.9999999968377229e-01 1.1563258699109531e+00 1.0000000000000001e-01 1.0000000000000000e+00 1.6260000000000000e+03 5.5510848738061891e-02 1.2182838684565908e-01 1.6230801615478679e-16 -7.8540404635893506e-03 6.3364889201649871e-02 -1.7252586097086870e-02 1.3908097294274227e-01 -2.2985061983177590e-17 1.8529307813795981e-16 3.8792157880561426e+03 2 2 6
9.9999999998221722e-01 1.1562558890961292e+00 1.0000000000000001e-01 1.0000000000000000e+00 1.6360000000000000e+03 5.5476089730224713e-02 1.2174506419597587e-01 1.3276767157773671e-16 -7.8494540860827872e-03 6.3325543816306284e-02 -1.7241519757246380e-02 1.3898658395321711e-01 -1.8799403634062642e-17 1.5156707521179912e-16 3.5883473305171356e+03 2 2 7
9.9999999999900002e-01 1.1562392922476246e+00 1.0000000000000001e-01 1.0000000000000000e+00 1.6460000000000000e+03 5.5467839350689385e-02 1.2172528871012062e-01 1.3993376758849671e-16 -7.8483653144962931e-03 6.3316204665183215e-02 -1.7238893020831217e-02 1.3896418173094821e-01 -1.9823873628829295e-17 1.5975764121732049e-16 3.7858357055000961e+03 2 2 8
9.8999999999999999e-01 1.6098187775687343e+00 1.5000000000000002e-01 1.0000000000000000e+00 1.7100000000000000e+03 8.1156837418696726e-02 2.3509446961341293e-01 -7.0221896526969953e-17 -7.2839651579112898e-03 8.8440802576607205e-02 -2.1054061799084943e-02 2.5614853141249533e-01 6.2923060000211823e-18 -7.6514202526990659e-17 4.1956546852272004e+02 2 3 0
9.9943765867480960e-01 1.3075448481240148e+00 1.5000000000000002e-01 1.0000000000000000e+00 1.7020000000000000e+03 8.2521634085420417e-02 1.9780928474939760e-01 -2.1961242241341605e-16 -1.0187225961873044e-02 9.2708860047292688e-02 -2.4429705402591963e-02 2.2223899015198753e-01 2.7122421422767434e-17 -2.4673484383617840e-16 1.2103841192768887e+03 2 3 1
9.9996837722339826e-01 1.2311551464701807e+00 1.5000000000000002e-01 1.0000000000000000e+00 1.7570000000000000e+03 6.6600968005618641e-02 1.5131741319187494e-01 9.0031704036570728e-17 -8.8372250352293721e-03 7.5438193040846965e-02 -2.0100683852188734e-02 1.7141809704406152e-01 -1.1966219193985575e-17 1.0199792323055454e-16 2.4375503746531904e+03 2 3 2
9.9999822172058994e-01 1.2122147933166489e+00 1.5000000000000002e-01 1.0000000000000000e+00 1.7040000000000000e+03 5.9322499371568242e-02 1.3281101330803916e-01 -1.0164214787515536e-16 -7.9853480643984429e-03 6.7307847435965601e-02 -1.7900733481389316e-02 1.5071174678942589e-01 1.3697387337378862e-17 -1.1533953521252904e-16 2.9593637533280998e+03 2 3 3
9.9999990000000005e-01 1.2076567554252968e+00 1.5000000000000002e-01 1.0000000000000000e+00 1.7140000000000000e+03 5.7204318430377432e-02 1.2758312891992024e-01 7.2285526082490888e-17 -7.7224540556797457e-03 6.4926772486054121e-02 -1.7246467196701528e-02 1.4482959611662222e-01 -9.7737257252874268e-18 8.2059251807780135e-17 3.3758852145345882e+03 2 3 4
9.9999999437658671e-01 1.2065717419779096e+00 1.5000000000000002e-01 1.0000000000000000e+00 1.7240000000000000e+03 5.6673065520917894e-02 1.2628103285812017e-01 -1.2761616180904681e-16 -7.6556209403885267e-03 6.4328686461304505e-02 -1.7081519153843913e-02 1.4336255201196044e-01 1.7264406533009348e-17 -1.4488056834205480e-16 3.9751575151579455e+03 2 3 5
9.9999999968377229e-01 1.2063142066090327e+00 1.5000000000000002e-01 1.0000000000000000e+00 1.7340000000000000e+03 5.6545079202935361e-02 1.2596790385052178e-01 9.6467010103244514e-17 -7.6394989785888512e-03 6.4184578181522789e-02 -1.7041806876564241e-02 1.4300971072708379e-01 -1.3048433357872435e-17 1.0951544346111372e-16 3.8634536731075495e+03 2 3 6
9.9999999998221722e-01 1.2062531218040105e+00 1.5000000000000002e-01 1.0000000000000000e+00 1.7080000000000000e+03 5.6514917802471837e-02 1.2589408157661644e-01 1.1467284283875615e-16 -7.6356601774465764e-03 6.4150577979916079e-02 -1.7032355352961274e-02 1.4292643692957324e-01 -1.5518798781569759e-17 1.3019164162032383e-16 4.3892383957682177e+03 2 3 7
9.9999999999900002e-01 1.2062386358720092e+00 1.5000000000000002e-01 1.0000000000000000e+00 1.7180000000000000e+03 5.6507704025165133e-02 1.2587643832902762e-01 -1.7055682649599965e-16 -7.6347489865947618e-03 6.4142453011757597e-02 -1.7030112151076676e-02 1.4290655048010514e-01 2.3079602026044330e-17 -1.9363642852204136e-16 4.4431678897654638e+03 2 3 8
9.8999999999999999e-01 1.6512243629798418e+00 2.0000000000000001e-01 1.0000000000000000e+00 1.7820000000000000e+03 8.0586820757079319e-02 2.3290406266428387e-01 4.8136316824291500e-16 -7.0661734386425860e-03 8.7652994195720535e-02 -2.0343648268740987e-02 2.5324771093302290e-01 -4.2033962046633531e-17 5.2339713028954578e-16 5.0233931060601026e+02 2 4 0
9.9943765867480960e-01 1.3523303392837609e+00 2.0000000000000001e-01 1.0000000000000000e+00 1.8190000000000000e+03 8.1371229289518510e-02 1.9617467565004645e-01 -8.7119056702021449e-17 -9.6675841610972379e-03 9.1038813450614167e-02 -2.3307115108230941e-02 2.1948179075827701e-01 1.0350438332298735e-17 -9.7469495034320011e-17 1.4078192118210718e+03 2 4 1
9.9996837722339826e-01 1.2794349542463599e+00 2.0000000000000001e-01 1.0000000000000000e+00 1.7840000000000000e+03 6.6105077772309645e-02 1.5155589930426036e-01 2.1229567655783574e-16 -8.3881304182976003e-03 7.4493208190607188e-02 -1.9251090320080638e-02 1.7080698962434063e-01 -2.6960621036864063e-17 2.3925629759469136e-16 2.5827274950351566e+03 2 4 2
9.9999822172058994e-01 1.2617670108118311e+00 2.0000000000000001e-01 1.0000000000000000e+00 1.7940000000000000e+03 5.9313218267727112e-02 1.3411409229624649e-01 7.6167751799310767e-17 -7.6221008898964011e-03 6.6935319157620798e-02 -1.7256984023347997e-02 1.5137107631959390e-01 -9.8030142181901305e-18 8.5970766017499277e-17 3.6560025152396411e+03 2 4 3
9.9999990000000005e-01 1.2575480694055872e+00 2.0000000000000001e-01 1.0000000000000000e+00 1.8040000000000000e+03 5.7357664100116661e-02 1.2922700417140975e-01 -3.0612202944903540e-16 -7.3893603486272618e-03 6.4747024448741947e-02 -1.6671074771197527e-02 1.4589807894260409e-01 3.9498363737176209e-17 -3.4562039318620517e-16 3.6407000241819769e+03 2 4 4
9.9999999437658671e-01 1.2565458239921103e+00 2.0000000000000001e-01 1.0000000000000000e+00 1.8140000000000000e+03 5.6868829082188217e-02 1.2801305548315720e-01 -1.4212304165002062e-16 -7.3304983286716441e-03 6.4199327410857931e-02 -1.6523980823067302e-02 1.4453703630622122e-01 1.8345303968234403e-17 -1.6046834561825253e-16 4.1063562753126025e+03 2 4 5
9.9999999968377229e-01 1.2563080523197470e+00 2.0000000000000001e-01 1.0000000000000000e+00 1.7880000000000000e+03 5.6751333902598559e-02 1.2772170527480747e-01 -1.2288372931040253e-16 -7.3163067279981790e-03 6.4067640630594780e-02 -1.6488583105021021e-02 1.4421028837982694e-01 1.5857242074769818e-17 -1.3874097138516901e-16 4.4005845581786707e+03 2 4 6
9.9999999998221722e-01 1.2562516621390825e+00 2.0000000000000001e-01 1.0000000000000000e+00 1.7980000000000000e+03 5.6723453390569847e-02 1.2765258759609627e-01 -3.5588425214754336e-16 -7.3129285123409880e-03 6.4036381902908251e-02 -1.6480160403318688e-02 1.4413274799941250e-01 4.5947502853762854e-17 -4.0183175500130349e-16 4.5606151312962174e+03 2 4 7
9.9999999999900002e-01 1.2562382895425168e+00 2.0000000000000001e-01 1.0000000000000000e+00 1.8080000000000000e+03 5.6716833232529178e-02 1.2763617696541096e-01 -1.3855103160913681e-16 -7.3121266925915045e-03 6.4028959925119505e-02 -1.6478161485561374e-02 1.4411433845097235e-01 1.7882783993046043e-17 -1.5643381560218221e-16 4.6551005885470659e+03 2 4 8
9.8999999999999999e-01 1.6953027904322373e+00 2.5000000000000000e-01 1.0000000000000000e+00 1.9170000000000000e+03 8.0280480358308481e-02 2.3089817128451934e-01 -7.6683754889947682e-16 -6.8637177796500148e-03 8.7144198137958845e-02 -1.9629214327498881e-02 2.5052738561201732e-01 6.5164823737314022e-17 -8.3200237263678935e-16 5.3216840451769531e+02 2 5 0
9.9943765867480960e-01 1.3989541778454611e+00 2.5000000000000000e-01 1.0000000000000000e+00 1.8730000000000000e+03 8.0425278356716756e-02 1.9446010761241150e-01 2.2335690829345573e-16 -9.1842586447768264e-03 8.9609537001492587e-02 -2.2186977083947502e-02 2.1664708469635902e-01 -2.5480361201897542e-17 2.4883726949534997e-16 1.5406236430751160e+03 2 5 1
9.9996837722339826e-01 1.3283895781049113e+00 2.5000000000000000e-01 1.0000000000000000e+00 1.8920000000000000e+03 6.5604573547537071e-02 1.5124624883109417e-01 2.5410016693011061e-16 -7.9594823021234620e-03 7.3564055849660276e-02 -1.8358763583496605e-02 1.6960501241459025e-01 -3.0844355151294059e-17 2.8494452208139947e-16 2.7636502859508619e+03 2 5 2
9.9999822172058994e-01 1.3115009764324723e+00 2.5000000000000000e-01 1.0000000000000000e+00 1.8660000000000000e+03 5.9129327482811501e-02 1.3452679957901009e-01 9.6837357680134693e-17 -7.2558514056393873e-03 6.6385178888446139e-02 -1.6521792255613735e-02 1.5104859183461780e-01 -1.1898383535217091e-17 1.0873574121535165e-16 3.6965452151400968e+03 2 5 3
9.9999990000000005e-01 1.3074838836416764e+00 2.5000000000000000e-01 1.0000000000000000e+00 1.8760000000000000e+03 5.7276243255208088e-02 1.2986167971666535e-01 -5.7670170735175817e-17 -7.0444724033253301e-03 6.4320715658531882e-02 -1.5986526708917786e-02 1.4584820642558100e-01 7.0994440144102218e-18 -6.4769614749585089e-17 4.0474407760994509e+03 2 5 4
9.9999999437658671e-01 1.3065305401912248e+00 2.5000000000000000e-01 1.0000000000000000e+00 1.8860000000000000e+03 5.6814255590641599e-02 1.2870519979032177e-01 -3.1436124763164517e-16 -6.9911511131209260e-03 6.3805406703760753e-02 -1.5852415396709053e-02 1.4455761518702656e-01 3.8719376452568756e-17 -3.5308062408420373e-16 4.5728433685656637e+03 2 5 5
9.9999999968377229e-01 1.3063044243897786e+00 2.5000000000000000e-01 1.0000000000000000e+00 1.8960000000000000e+03 5.6703199959963584e-02 1.2842763790709325e-01 3.2627394495898382e-16 -6.9782983094255424e-03 6.3681498269386766e-02 -1.5820148315980574e-02 1.4424778622306955e-01 -4.0190057900616664e-17 3.6646400285959392e-16 4.6314579927446321e+03 2 5 6
9.9999999998221722e-01 1.3062508014874141e+00 2.5000000000000000e-01 1.0000000000000000e+00 1.8700000000000000e+03 5.6676765188290443e-02 1.2836159771628958e-01 -2.1876369246814913e-16 -6.9752380872763120e-03 6.3652003275563807e-02 -1.5812468080213641e-02 1.4417406579649997e-01 2.6953217093806022e-17 -2.4571690956194469e-16 4.7089340530568734e+03 2 5 7
9.9999999999900002e-01 1.3062380851453801e+00 2.5000000000000000e-01 1.0000000000000000e+00 1.8800000000000000e+03 5.6670483164366049e-02 1.2834590763994974e-01 1.5840772308880416e-16 -6.9745119952614150e-03 6.3644995159625475e-02 -1.5810646086840040e-02 1.4415655372678612e-01 -1.9515359223239665e-17 1.7792308231204006e-16 5.1966693225735798e+03 2 5 8
9.8999999999999999e-01 1.7414693679009918e+00 3.0000000000000004e-01 1.0000000000000000e+00 1.9800000000000000e+03 8.0166868442877862e-02 2.2902233796260935e-01 1.7036014428721942e-16 -6.6729101653997275e-03 8.6839778608277601e-02 -1.8922558653911417e-02 2.4794489661651947e-01 -1.4086639882811624e-17 1.8444678417003250e-16 5.9138127162028104e+02 2 6 0
9.9943765867480960e-01 1.4467709933903039e+00 3.0000000000000004e-01 1.0000000000000000e+00 1.9810000000000000e+03 7.9727090253575550e-02 1.9286098813871838e-01 4.4594038942430295e-16 -8.7476552749124522e-03 8.8474745528485957e-02 -2.1117617748851198e-02 2.1397860588756931e-01 -4.8832900559554446e-17 4.9477328998385128e-16 1.7336788155613467e+03 2 6 1
9.9996837722339826e-01 1.3777354578909498e+00 3.0000000000000004e-01 1.0000000000000000e+00 1.9550000000000000e+03 6.5222232000980401e-02 1.5076518563234242e-01 2.9677725811543606e-16 -7.5707090668030615e-03 7.2792941067783709e-02 -1.7492225914563838e-02 1.6825741154690343e-01 -3.4434505347150834e-17 3.3121176346258034e-16 2.9757931738011539e+03 2 6 2
9.9999822172058994e-01 1.3613364019906138e+00 3.0000000000000004e-01 1.0000000000000000e+00 1.9650000000000000e+03 5.8957494757554178e-02 1.3456111046470373e-01 -2.4272473024105318e-16 -6.9151014326810159e-03 6.5872596190232210e-02 -1.5782196911992803e-02 1.5034330737669208e-01 2.8468243172280045e-17 -2.7119297341332933e-16 3.9751121971393004e+03 2 6 3
9.9999990000000005e-01 1.3574442949534951e+00 3.0000000000000004e-01 1.0000000000000000e+00 1.9750000000000000e+03 5.7169669492549119e-02 1.3004643640116570e-01 -3.2684374595455475e-16 -6.7202485156194133e-03 6.3889918008166374e-02 -1.5287759409180668e-02 1.4533419581034349e-01 3.8422229761950544e-17 -3.6526597571649835e-16 4.7030157889900729e+03 2 6 4
9.9999999437658671e-01 1.3565211202021479e+00 3.0000000000000004e-01 1.0000000000000000e+00 1.9490000000000000e+03 5.6724632909220772e-02 1.2892846891677387e-01 1.3398102955374851e-16 -6.6709365059806720e-03 6.3395569415198888e-02 -1.5163531817398990e-02 1.4409200073416945e-01 -1.5758146207123044e-17 1.4973917576086800e-16 5.1714821036094800e+03 2 6 5
9.9999999968377229e-01 1.3563021887387228e+00 3.0000000000000004e-01 1.0000000000000000e+00 1.9590000000000000e+03 5.6617778112389675e-02 1.2866036862544594e-01 -2.0340338142218124e-16 -6.6590908875680359e-03 6.3276868999955674e-02 -1.5133757917705088e-02 1.4379412654314733e-01 2.3925723972362979e-17 -2.2732910539452931e-16 5.7989763480424881e+03 2 6 6
9.9999999998221722e-01 1.3562502711704374e+00 3.0000000000000004e-01 1.0000000000000000e+00 1.9690000000000000e+03 5.6592366822200597e-02 1.2859663343005226e-01 -2.4442166824917813e-16 -6.6562669245993304e-03 6.3248633746797123e-02 -1.5126657301310426e-02 1.4372329073135981e-01 2.8751145639202833e-17 -2.7317281388837473e-16 6.0599963538125157e+03 2 6 7
9.9999999999900002e-01 1.3562379591983940e+00 3.0000000000000004e-01 1.0000000000000000e+00 1.9790000000000000e+03 5.6586338695795227e-02 1.2858151628105358e-01 2.7294362861302396e-16 -6.6555942802478708e-03 6.3241932976040013e-02 -1.5124965261007267e-02 1.4370648154205884e-01 -3.2106330556351673e-17 3.0504995916936773e-16 5.7771275887284428e+03 2 6 8
9.8999999999999999e-01 1.7892853349186630e+00 3.5000000000000003e-01 1.0000000000000000e+00 2.0340000000000000e+03 8.0168489995926018e-02 2.2718571934534360e-01 3.0267217977987955e-16 -6.4877700393368293e-03 8.6656260035262681e-02 -1.8225311158725124e-02 2.4541103050406907e-01 -2.4280992095249315e-17 3.2695317187512502e-16 6.3696005565114319e+02 2 7 0
9.9943765867480960e-01 1.4954030949391914e+00 3.5000000000000003e-01 1.0000000000000000e+00 2.0350000000000000e+03 7.9263328130598165e-02 1.9144326812613099e-01 -3.1516260823616884e-16 -8.3575509196209714e-03 8.7620879050217565e-02 -2.0120473847843268e-02 2.1156374197397082e-01 3.3129247757229596e-17 -3.4829185599339355e-16 1.8538102797586471e+03 2 7 1
9.9996837722339826e-01 1.4273296666611612e+00 3.5000000000000003e-01 1.0000000000000000e+00 2.0270000000000000e+03 6.4984159926008506e-02 1.5026929254275795e-01 3.7874207155728516e-17 -7.2247148200668713e-03 7.2208874746074597e-02 -1.6680158719387307e-02 1.6694945126214233e-01 -4.1990606100309865e-18 4.2073267765758927e-17 3.4001463325470686e+03 2 7 2
9.9999822172058994e-01 1.4112347758468946e+00 3.5000000000000003e-01 1.0000000000000000e+00 2.0370000000000000e+03 5.8862962811345641e-02 1.3445319540803258e-01 -1.5298723328738911e-16 -6.6115013352341812e-03 6.5474464146576927e-02 -1.5084144171113279e-02 1.4953733957914117e-01 1.7160020594755120e-17 -1.7014725388213651e-16 4.7693021368561313e+03 2 7 3
9.9999990000000005e-01 1.4074198789204411e+00 3.5000000000000003e-01 1.0000000000000000e+00 2.0470000000000000e+03 5.7120943127430213e-02 1.3005287529347659e-01 1.6194142064228725e-17 -6.4280709339548893e-03 6.3549014061381290e-02 -1.4620017325583826e-02 1.4467289261905508e-01 -1.8189775000962248e-18 1.8013119564324640e-17 5.0365193128380924e+03 2 7 4
9.9999999437658671e-01 1.4065153122568941e+00 3.5000000000000003e-01 1.0000000000000000e+00 2.0570000000000000e+03 5.6686760327243249e-02 1.2896185176830482e-01 -1.7181170055776222e-16 -6.3819665410319859e-03 6.3068726868272793e-02 -1.4504124562559685e-02 1.4346597633086008e-01 1.9323375649662027e-17 -1.9113507620741831e-16 5.7912794283535331e+03 2 7 5
9.9999999968377229e-01 1.4063008104510182e+00 3.5000000000000003e-01 1.0000000000000000e+00 2.0310000000000000e+03 5.6582559396021526e-02 1.2870037999375236e-01 3.4495209359405284e-18 -6.3708283982847561e-03 6.2953387794302790e-02 -1.4476119865977886e-02 1.4317649985972533e-01 -3.8512816700386289e-19 3.8346491029442253e-18 6.2970746609680355e+03 2 7 6
9.9999999998221722e-01 1.4062499444034862e+00 3.5000000000000003e-01 1.0000000000000000e+00 2.0410000000000000e+03 5.6557779269542474e-02 1.2863820599382358e-01 2.5116699506685369e-17 -6.3681860283249878e-03 6.2925965297864137e-02 -1.4469488231815450e-02 1.4310769422563230e-01 -2.8280427014970519e-18 2.7944742208180944e-17 7.2394315404882655e+03 2 7 7
9.9999999999900002e-01 1.4062378818877830e+00 3.5000000000000003e-01 1.0000000000000000e+00 2.0510000000000000e+03 5.6551873122383974e-02 1.2862335814493447e-01 -1.5191160594938332e-16 -6.3675882031876910e-03 6.2919461325568748e-02 -1.4468024817002562e-02 1.4309138296193441e-01 1.7091853238853472e-17 -1.6900345918823218e-16 7.2083650430943817e+03 2 7 8
9.8999999999999999e-01 1.8384193681229692e+00 4.0000000000000002e-01 1.0000000000000000e+00 2.1240000000000000e+03 8.0195965677177433e-02 2.2525057549782407e-01 -4.6454258742475931e-16 -6.2971562305600814e-03 8.6493121907737669e-02 -1.7522456012715223e-02 2.4277303151053833e-01 3.6111169091863457e-17 -5.0065375651662402e-16 7.0984435786772519e+02 2 8 0
9.9943765867480960e-01 1.5446162244444142e+00 4.0000000000000002e-01 1.0000000000000000e+00 2.1430000000000000e+03 7.8977895750982699e-02 1.9017094216875069e-01 -3.3781145377664979e-16 -8.0154620363001357e-03 8.6993357787282927e-02 -1.9214767343906515e-02 2.0938570951265545e-01 3.4132283388832923e-17 -3.7194373716547959e-16 2.0165580889685079e+03 2 8 1
9.9996837722339826e-01 1.4770919836191942e+00 4.0000000000000002e-01 1.0000000000000000e+00 2.1080000000000000e+03 6.4880481976017382e-02 1.4982165821655102e-01 1.5192909355182643e-16 -6.9288570790855672e-03 7.1809339055100285e-02 -1.5953880614500558e-02 1.6577553883104806e-01 -1.6173850257632225e-17 1.6810294380945427e-16 3.6963210466802120e+03 2 8 2
9.9999822172058994e-01 1.4611751314555532e+00 4.0000000000000002e-01 1.0000000000000000e+00 2.1180000000000000e+03 5.8857846100651000e-02 1.3430928406127574e-01 1.8832046113822079e-16 -6.3441532296378529e-03 6.5201999330286128e-02 -1.4442160507772838e-02 1.4875144456904291e-01 -2.0260074113437430e-17 2.0858053525165223e-16 5.2610161557439715e+03 2 8 3
9.9999990000000005e-01 1.4574055441959308e+00 4.0000000000000002e-01 1.0000000000000000e+00 2.1280000000000000e+03 5.7142386344579452e-02 1.2998689004260203e-01 1.0276339197941979e-16 -6.1699860969132020e-03 6.3312372441490378e-02 -1.4003732783469808e-02 1.4399062282606581e-01 -1.1067801128242754e-17 1.1383119310765532e-16 5.6025046334555373e+03 2 8 4
9.9999999437658671e-01 1.4565119021432613e+00 4.0000000000000002e-01 1.0000000000000000e+00 2.1380000000000000e+03 5.6714998051550725e-02 1.2891547612067683e-01 -1.1106147656317616e-16 -6.1261155968083039e-03 6.2841113648354513e-02 -1.3893916655878675e-02 1.4280939277654833e-01 1.1975749538984483e-17 -1.2303722610215401e-16 6.1859765664665028e+03 2 8 5
9.9999999968377229e-01 1.4563000011519338e+00 4.0000000000000002e-01 1.0000000000000000e+00 2.1120000000000000e+03 5.6612398395217894e-02 1.2865856133364759e-01 -1.6798065237881891e-16 -6.1155662431547336e-03 6.2727964638370326e-02 -1.3867555000556614e-02 1.4252611633420167e-01 1.8111935837581854e-17 -1.8609258821639356e-16 7.4548576472913846e+03 2 8 6
9.9999999998221722e-01 1.4562497522997022e+00 4.0000000000000002e-01 1.0000000000000000e+00 2.1220000000000000e+03 5.6587992851922744e-02 1.2859742961478632e-01 7.3098037843266416e-17 -6.1130793934383188e-03 6.2701072245359632e-02 -1.3861368313166606e-02 1.4245879792794963e-01 -7.8761498536608828e-18 8.0974187696924258e-17 7.6790721435854211e+03 2 8 7
9.9999999999900002e-01 1.4562378365970121e+00 4.0000000000000002e-01 1.0000000000000000e+00 2.1320000000000000e+03 5.6582206105604049e-02 1.2858295131136616e-01 -1.5874313014365524e-16 -6.1124834618021418e-03 6.2694689567404399e-02 -1.3859879490676338e-02 1.4244283080203651e-01 1.7107824819507561e-17 -1.7585095496316021e-16 7.7662755121672526e+03 2 8 8
9.8999999999999999e-01 1.5878500812760041e+00 0.0000000000000000e+00 1.0000000000000000e+00 2.1960000000000000e+03 7.7313864227656098e-02 2.3123406816982670e-01 0.0000000000000000e+00 -7.0689477904832838e-03 8.4382812018139533e-02 -2.1142153113190898e-02 2.5237622128301745e-01 0.0000000000000000e+00 0.0000000000000000e+00 0.0000000000000000e+00 3 0 0
9.9943765867480960e-01 1.2799435883928909e+00 0.0000000000000000e+00 1.0000000000000000e+00 2.2060000000000000e+03 8.8226763914063755e-02 2.1593470593748140e-01 0.0000000000000000e+00 -1.1342430946072098e-02 9.9569194860135976e-02 -2.7760561334221754e-02 2.4369526727170318e-01 0.0000000000000000e+00 0.0000000000000000e+00 0.0000000000000000e+00 3 0 1
9.9996837722339826e-01 1.1857850757292876e+00 0.0000000000000000e+00 1.0000000000000000e+00 2.2070000000000000e+03 7.9666601581252439e-02 1.8253325839175324e-01 0.0000000000000000e+00 -1.1174492651394391e-02 9.0841094232646830e-02 -2.5603157584843102e-02 2.0813641597659607e-01 0.0000000000000000e+00 0.0000000000000000e+00 0.0000000000000000e+00 3 0 2
9.9999822172058994e-01 1.1529092512038321e+00 0.0000000000000000e+00 1.0000000000000000e+00 2.2170000000000000e+03 7.3514734262790982e-02 1.6451998570916226e-01 0.0000000000000000e+00 -1.0573926294165880e-02 8.4088660556956754e-02 -2.3663585541740917e-02 1.8818357125090310e-01 0.0000000000000000e+00 0.0000000000000000e+00 0.0000000000000000e+00 3 0 3
9.9999990000000005e-01 1.1407678024542924e+00 0.0000000000000000e+00 1.0000000000000000e+00 2.1910000000000000e+03 7.0664742029716787e-02 1.5676384458256887e-01 0.0000000000000000e+00 -1.0250837569526251e-02 8.0915579599242823e-02 -2.2740629363857234e-02 1.7950447394642591e-01 0.0000000000000000e+00 0.0000000000000000e+00 0.0000000000000000e+00 3 0 4
9.9999999437658671e-01 1.1361819635028136e+00 0.0000000000000000e+00 1.0000000000000000e+00 2.2010000000000000e+03 6.9495196983488758e-02 1.5365924671838677e-01 0.0000000000000000e+00 -1.0112901068756610e-02 7.9608098052245446e-02 -2.2360405147594672e-02 1.7601965186598167e-01 0.0000000000000000e+00 0.0000000000000000e+00 0.0000000000000000e+00 3 0 5
9.9999999968377229e-01 1.1344346506577712e+00 0.0000000000000000e+00 1.0000000000000000e+00 2.2110000000000000e+03 6.9035368031431149e-02 1.5244973711653259e-01 0.0000000000000000e+00 -1.0057962398826637e-02 7.9093330430257708e-02 -2.2210843041076865e-02 1.7466058015760960e-01 0.0000000000000000e+00 0.0000000000000000e+00 0.0000000000000000e+00 3 0 6
9.9999999998221722e-01 1.1337666293481650e+00 0.0000000000000000e+00 1.0000000000000000e+00 2.2210000000000000e+03 6.8857451778577855e-02 1.5198336925566952e-01 0.0000000000000000e+00 -1.0036606747693048e-02 7.8894058526270822e-02 -2.2152973570874111e-02 1.7413634282654361e-01 0.0000000000000000e+00 0.0000000000000000e+00 0.0000000000000000e+00 3 0 7
9.9999999999900002e-01 1.1335108940175835e+00 0.0000000000000000e+00 1.0000000000000000e+00 2.2040000000000000e+03 6.8789028250328330e-02 1.5180424803842310e-01 0.0000000000000000e+00 -1.0028379528211446e-02 7.8817407778539780e-02 -2.2130718401546644e-02 1.7393496643996975e-01 0.0000000000000000e+00 0.0000000000000000e+00 0.0000000000000000e+00 3 0 8
9.8999999999999999e-01 1.6155130849474801e+00 5.0000000000000003e-02 1.0000000000000000e+00 2.2680000000000000e+03 7.5095750439173672e-02 2.2744090104642140e-01 -4.3784361891199685e-16 -6.7734890440494045e-03 8.1869239483223180e-02 -2.0508137621808815e-02 2.4794903866822979e-01 3.9479475145094273e-17 -4.7732309405708833e-16 1.5462174289580435e+02 3 1 0
9.9943765867480960e-01 1.3064481651402906e+00 5.0000000000000003e-02 1.0000000000000000e+00 2.3140000000000000e+03 8.7960599675366222e-02 2.1831854089534969e-01 -1.2589818587886628e-16 -1.1100682968775751e-02 9.9061282644140936e-02 -2.7553181036002627e-02 2.4587172193135293e-01 1.5889258828501285e-17 -1.4178744470736650e-16 4.3536753753107041e+02 3 1 1
9.9996837722339826e-01 1.2176683311360250e+00 5.0000000000000003e-02 1.0000000000000000e+00 2.2790000000000000e+03 8.1829461867032743e-02 1.9091416900340788e-01 8.4782922461904722e-17 -1.1199758005576130e-02 9.3029219872608065e-02 -2.6134056829175602e-02 2.1704822583258163e-01 -1.1605852647445226e-17 9.6388775109349123e-17 7.1720937408041209e+02 3 1 2
9.9999822172058994e-01 1.1921398570382513e+00 5.0000000000000003e-02 1.0000000000000000e+00 2.2890000000000000e+03 7.8023013878561906e-02 1.7873355561783061e-01 -1.8614716258886675e-16 -1.0889848506635377e-02 8.8912862385197203e-02 -2.4951110748473494e-02 2.0368466636630259e-01 2.5987460843465108e-17 -2.1213462343233085e-16 8.5482687891647220e+02 3 1 3
9.9999990000000005e-01 1.1854866044468892e+00 5.0000000000000003e-02 1.0000000000000000e+00 2.2990000000000000e+03 7.6820735691731867e-02 1.7513395639878304e-01 -1.6032249097418635e-16 -1.0772505841810864e-02 8.7593241533541824e-02 -2.4563895363300878e-02 1.9969785176208288e-01 2.2487448599424954e-17 -1.8280993957361121e-16 9.8357893544062972e+02 3 1 4
9.9999999437658671e-01 1.1838614319483844e+00 5.0000000000000003e-02 1.0000000000000000e+00 2.2730000000000000e+03 7.6512270347752334e-02 1.7422505589059165e-01 -5.5674870544551261e-17 -1.0741258402019085e-02 8.7253528749770978e-02 -2.4463818993920080e-02 1.9868887488450968e-01 7.8170975017363694e-18 -6.3491968046286917e-17 9.2000714316032827e+02 3 1 5
9.9999999968377229e-01 1.1834730947645680e+00 5.0000000000000003e-02 1.0000000000000000e+00 2.2830000000000000e+03 7.6437675086032747e-02 1.7400609873985157e-01 -2.2713072397791426e-16 -1.0733636802029657e-02 8.7171311888062222e-02 -2.4439577492931071e-02 1.9844567623278295e-01 3.1900073930993686e-17 -2.5903079790890575e-16 9.3865516285132617e+02 3 1 6
9.9999999998221722e-01 1.1833808354975295e+00 5.0000000000000003e-02 1.0000000000000000e+00 2.2930000000000000e+03 7.6419905602400001e-02 1.7395398637411671e-01 3.2597298118449255e-16 -1.0731817242199843e-02 8.7151722844599988e-02 -2.4433799579937226e-02 1.9838778595405376e-01 -4.5786089116028485e-17 3.7175907030051964e-16 9.4706184913031757e+02 3 1 7
9.9999999999900002e-01 1.1833589469596602e+00 5.0000000000000003e-02 1.0000000000000000e+00 2.3030000000000000e+03 7.6415684759299066e-02 1.7394161187775453e-01 8.9525868086781947e-17 -1.0731385058034086e-02 8.7147069817332598e-02 -2.4432427726254185e-02 1.9837403960400668e-01 -1.2573627228364199e-17 1.0209949531514606e-16 9.6232015501894057e+02 3 1 8
9.8999999999999999e-01 1.6489837061961103e+00 1.0000000000000001e-01 1.0000000000000000e+00 2.3760000000000000e+03 7.3359956868126713e-02 2.2385856287094086e-01 2.3140470988725300e-16 -6.4978527098678131e-03 7.9857809577994751e-02 -1.9801446380699233e-02 2.4366000925164061e-01 -2.0472843629833409e-17 2.5187755351708552e-16 2.4620126309711486e+02 3 2 0
9.9943765867480960e-01 1.3428948789425255e+00 1.0000000000000001e-01 1.0000000000000000e+00 2.3680000000000000e+03 8.6892875647965231e-02 2.1849289445849610e-01 -1.9853959881717407e-17 -1.0652676100463322e-02 9.7545551748428078e-02 -2.6785812548123789e-02 2.4527870700661986e-01 2.4338133052014484e-18 -2.2287773186918698e-17 6.4317110415827483e+02 3 2 1
9.9996837722339826e-01 1.2613264085993583e+00 1.0000000000000001e-01 1.0000000000000000e+00 2.3690000000000000e+03 8.2271030129163564e-02 1.9552087825613193e-01 -2.6048613700186996e-16 -1.0851426538386898e-02 9.3122456667550577e-02 -2.5798752455306599e-02 2.2131963071144006e-01 3.4370842778983390e-17 -2.9485697978084988e-16 9.5210971799027175e+02 3 2 2
9.9999822172058994e-01 1.2401666444567856e+00 1.0000000000000001e-01 1.0000000000000000e+00 2.3790000000000000e+03 7.9564870727809864e-02 1.8623009101303439e-01 3.4847804615980593e-16 -1.0663024752785093e-02 9.0227895480594358e-02 -2.4970164028432246e-02 2.1120025504146725e-01 -4.6723588771389765e-17 3.9520163493119421e-16 1.1279744532871991e+03 3 2 3
9.9999990000000005e-01 1.2349798944470569e+00 1.0000000000000001e-01 1.0000000000000000e+00 2.3530000000000000e+03 7.8765499300884903e-02 1.8366061408731177e-01 -2.0390424247652899e-16 -1.0593873079564289e-02 8.9359372380449290e-02 -2.4714901386358047e-02 2.0837551547366884e-01 2.7439052570474744e-17 -2.3134329504699794e-16 1.1946686089346185e+03 3 2 4
9.9999999437658671e-01 1.2337388319400022e+00 1.0000000000000001e-01 1.0000000000000000e+00 2.3630000000000000e+03 7.8565322641505717e-02 1.8302676103351365e-01 -1.3936532055992495e-16 -1.0575805791729391e-02 8.9141128433234795e-02 -2.4650405420346192e-02 2.0767716645385964e-01 1.8768769217195926e-17 -1.5813408977711990e-16 1.2853803015556186e+03 3 2 5
9.9999999968377229e-01 1.2334438806082506e+00 1.0000000000000001e-01 1.0000000000000000e+00 2.3730000000000000e+03 7.8517221784965313e-02 1.8287499224574932e-01 -2.6681051233607302e-16 -1.0571422652968707e-02 8.9088644437933212e-02 -2.4634877167485466e-02 2.0750986941323457e-01 3.5942963609742387e-17 -3.0275347594581499e-16 1.4303954149475321e+03 3 2 6
9.9999999998221722e-01 1.2333738997934267e+00 1.0000000000000001e-01 1.0000000000000000e+00 2.3830000000000000e+03 7.8505779258619818e-02 1.8283891911138850e-01 1.1696958660428246e-17 -1.0570377629039006e-02 8.9076156887658783e-02 -2.4631181537846963e-02 2.0747010064923432e-01 -1.5720650002371610e-18 1.3269023660665359e-17 1.3968655358357355e+03 3 2 7
9.9999999999900002e-01 1.2333573029449221e+00 1.0000000000000001e-01 1.0000000000000000e+00 2.3930000000000000e+03 7.8503064488481725e-02 1.8283036178453108e-01 2.6674428621547786e-16 -1.0570129512034208e-02 8.9073194000516359e-02 -2.4630304457645334e-02 2.0746066624217513e-01 -3.5936143325861202e-17 3.0268042954133748e-16 1.4059752769898623e+03 3 2 8
9.8999999999999999e-01 1.6869367882660318e+00 1.5000000000000002e-01 1.0000000000000000e+00 2.4660000000000000e+03 7.2031578331878482e-02 2.2047068440364490e-01 -2.6173750939009534e-16 -6.2464930772818767e-03 7.8278071409160016e-02 -1.9060024666937143e-02 2.3953070907058133e-01 2.2619053707164445e-17 -2.8435656309725766e-16 2.6611017179023474e+02 3 3 0
9.9943765867480960e-01 1.3846628588213123e+00 1.5000000000000002e-01 1.0000000000000000e+00 2.4400000000000000e+03 8.5576186334808207e-02 2.1734916201762888e-01 -5.6887675789230544e-16 -1.0134546234389395e-02 9.5710732569197460e-02 -2.5728193302466791e-02 2.4307735532009622e-01 6.7341514319510796e-17 -6.3621827221181790e-16 7.3184035645239055e+02 3 3 1
9.9996837722339826e-01 1.3082731571674782e+00 1.5000000000000002e-01 1.0000000000000000e+00 2.4590000000000000e+03 8.1775026307155607e-02 1.9712437163318350e-01 3.1384781894486665e-16 -1.0349279825325186e-02 9.2124306132479766e-02 -2.4955166204666059e-02 2.2207953783784815e-01 -3.9733276665882997e-17 3.5358109561074678e-16 1.1305611990457401e+03 3 3 2
9.9999822172058994e-01 1.2893328040139465e+00 1.5000000000000002e-01 1.0000000000000000e+00 2.4600000000000000e+03 7.9581469179178480e-02 1.8923390164548456e-01 -1.1937800562507735e-16 -1.0211506521276382e-02 8.9792975700454858e-02 -2.4293730205048797e-02 2.1352763185053172e-01 1.5323403313482939e-17 -1.3470140893855934e-16 1.2528149368762970e+03 3 3 3
9.9999990000000005e-01 1.2847747661225943e+00 1.5000000000000002e-01 1.0000000000000000e+00 2.4340000000000000e+03 7.8945549946046550e-02 1.8709205339896071e-01 -8.3085562163170182e-17 -1.0160866507393129e-02 8.9106416453438614e-02 -2.4093342118756439e-02 2.1118539551771431e-01 1.0699593264165780e-17 -9.3785155427334705e-17 1.4225002793446183e+03 3 3 4
9.9999999437658671e-01 1.2836897526752071e+00 1.5000000000000002e-01 1.0000000000000000e+00 2.4440000000000000e+03 7.8787221966821849e-02 1.8656659307757562e-01 1.9607379998842088e-16 -1.0147676179482128e-02 8.8934898146303995e-02 -2.4042985047506432e-02 2.1060957812507564e-01 -2.5271980452011015e-17 2.2134578044043205e-16 1.3475009538503364e+03 3 3 5
9.9999999968377229e-01 1.2834322173063302e+00 1.5000000000000002e-01 1.0000000000000000e+00 2.4540000000000000e+03 7.8749243936413735e-02 1.8644097830976164e-01 -2.7230164883638540e-16 -1.0144479082541439e-02 8.8893723018954568e-02 -2.4030877716177724e-02 2.1047185602593807e-01 3.5098960389379347e-17 -3.0740060922576454e-16 1.5406929302830249e+03 3 3 6
9.9999999998221722e-01 1.2833711325013080e+00 1.5000000000000002e-01 1.0000000000000000e+00 2.4640000000000000e+03 7.8740211940794641e-02 1.8641112981775654e-01 1.1059932082308740e-17 -1.0143717002318364e-02 8.8883928943112575e-02 -2.4027997202454278e-02 2.1043912702020842e-01 -1.4217857567946285e-18 1.2481717839103370e-17 1.7929117853362113e+03 3 3 7
9.9999999999900002e-01 1.2833566465693067e+00 1.5000000000000002e-01 1.0000000000000000e+00 2.4740000000000000e+03 7.8738068384308010e-02 1.8640404772394190e-01 -1.7198333909253931e-16 -1.0143536060387363e-02 8.8881604444695173e-02 -2.4027313593718728e-02 2.1043136131765658e-01 2.2171041857492405e-17 -1.9415438095002959e-16 2.0284371103225276e+03 3 3 8
9.8999999999999999e-01 1.7283423736771393e+00 2.0000000000000001e-01 1.0000000000000000e+00 2.5110000000000000e+03 7.1048220541405235e-02 2.1727148655302195e-01 -4.9160300604050777e-17 -6.0210614286035340e-03 7.7069281970008452e-02 -1.8314571539351867e-02 2.3558605809237221e-01 4.1224709852223601e-18 -5.3282771589273175e-17 3.2095872630085796e+02 3 4 0
9.9943765867480960e-01 1.4294483499810584e+00 2.0000000000000001e-01 1.0000000000000000e+00 2.5570000000000000e+03 8.4325692965493998e-02 2.1556407370156411e-01 -2.1018342350393044e-16 -9.6225919241928297e-03 9.3948284889685443e-02 -2.4563311804975625e-02 2.4012738550653953e-01 2.3953248083707018e-17 -2.3413667158763124e-16 8.1291384591069072e+02 3 4 1
9.9996837722339826e-01 1.3565529649436574e+00 2.0000000000000001e-01 1.0000000000000000e+00 2.5130000000000000e+03 8.1005695255550694e-02 1.9716708962511009e-01 -2.9084695299891295e-16 -9.8238106021356197e-03 9.0829505857686274e-02 -2.3904200245702036e-02 2.2107128987080826e-01 3.5264290074066560e-17 -3.2611124307297749e-16 1.2000651330491528e+03 3 4 2
9.9999822172058994e-01 1.3388850215091286e+00 2.0000000000000001e-01 1.0000000000000000e+00 2.5230000000000000e+03 7.9098131828988241e-02 1.9009649704721476e-01 -3.2011589924357352e-16 -9.7112997345041637e-03 8.8809431563491539e-02 -2.3339419610132028e-02 2.1343591665734227e-01 3.9302795939233701e-17 -3.5941869518280764e-16 1.5029934700280428e+03 3 4 3
9.9999990000000005e-01 1.3346660801028847e+00 2.0000000000000001e-01 1.0000000000000000e+00 2.5330000000000000e+03 7.8549202683479036e-02 1.8819063572456360e-01 -3.5173514955743716e-16 -9.6700026041132963e-03 8.8219205287591543e-02 -2.3169641225212007e-02 2.1136027694977352e-01 4.3304722564709498e-17 -3.9503987212214202e-16 1.5612366125090048e+03 3 4 4
9.9999999437658671e-01 1.3336638346894079e+00 2.0000000000000001e-01 1.0000000000000000e+00 2.5430000000000000e+03 7.8412849008647548e-02 1.8772404537557813e-01 -3.8569834216030509e-16 -9.6592636658537744e-03 8.8072112674500283e-02 -2.3127076778575555e-02 2.1085112215414992e-01 4.7516303164610789e-17 -4.3321464532491134e-16 1.5023400400914252e+03 3 4 5
9.9999999968377229e-01 1.3334260630170445e+00 2.0000000000000001e-01 1.0000000000000000e+00 2.5170000000000000e+03 7.8380148600385599e-02 1.8761253077326751e-01 -2.5680067366187115e-16 -9.6566619252009597e-03 8.8036810525586762e-02 -2.3116849067352972e-02 2.1072937984061682e-01 3.1642381963751521e-17 -2.8844305562562394e-16 1.5529339984310791e+03 3 4 6
9.9999999998221722e-01 1.3333696728363800e+00 2.0000000000000001e-01 1.0000000000000000e+00 2.5270000000000000e+03 7.8372374428878483e-02 1.8758604055182712e-01 3.9912251972071884e-16 -9.6560418281167529e-03 8.8028416256993758e-02 -2.3114416093580052e-02 2.1070045664540568e-01 -4.9180241902853648e-17 4.4830276162356025e-16 1.6089917629258707e+03 3 4 7
9.9999999999900002e-01 1.3333563002398143e+00 2.0000000000000001e-01 1.0000000000000000e+00 2.5370000000000000e+03 7.8370529415399570e-02 1.8757975484490957e-01 -2.7415575465349800e-16 -9.6558945921371101e-03 8.8026424007536200e-02 -2.3113838685905753e-02 2.1069359353081216e-01 3.3782082955280839e-17 -3.0793783760877206e-16 1.6688797843409702e+03 3 4 8
9.8999999999999999e-01 1.7724208011295348e+00 2.5000000000000000e-01 1.0000000000000000e+00 2.5920000000000000e+03 7.0343794487841810e-02 2.1423330645133046e-01 3.3369641897421190e-16 -5.8192646325071215e-03 7.6163059120348528e-02 -1.7583998786862527e-02 2.3181730523819427e-01 -2.7359047560211329e-17 3.6105546653442343e-16 4.1987377383001149e+02 3 5 0
9.9943765867480960e-01 1.4760721885427586e+00 2.5000000000000000e-01 1.0000000000000000e+00 2.6290000000000000e+03 8.3272284668624200e-02 2.1352158993833459e-01 -5.3195548186896738e-16 -9.1496570789426843e-03 9.2421941747566391e-02 -2.3393432220860561e-02 2.3691502215919555e-01 5.8269361001270788e-17 -5.9022484287023823e-16 8.6610042216721922e+02 3 5 1
9.9996837722339826e-01 1.4055075888022088e+00 2.5000000000000000e-01 1.0000000000000000e+00 2.5940000000000000e+03 8.0262782485549175e-02 1.9645500407320268e-01 0.0000000000000000e+00 -9.3289661154290441e-03 8.9591748600977031e-02 -2.2802343034078507e-02 2.1925734710728159e-01 0.0000000000000000e+00 0.0000000000000000e+00 1.3334637782340869e+03 3 5 2
9.9999822172058994e-01 1.3886189871297698e+00 2.5000000000000000e-01 1.0000000000000000e+00 2.6040000000000000e+03 7.8534538102674023e-02 1.8993126223089576e-01 2.2100735979782360e-16 -9.2305717880060874e-03 8.7765109890678511e-02 -2.2301446757240103e-02 2.1223270898813321e-01 -2.5956459735571923e-17 2.4696381953338993e-16 1.6564750633202493e+03 3 5 3
9.9999990000000005e-01 1.3846018943389740e+00 2.5000000000000000e-01 1.0000000000000000e+00 2.6140000000000000e+03 7.8038831836867065e-02 1.8817762225858078e-01 2.4455724206110301e-17 -9.1947183933812678e-03 8.7233550230248119e-02 -2.2151662062183147e-02 2.1032928432076037e-01 -2.8770194379749962e-18 2.7332743644085114e-17 1.6016001786524430e+03 3 5 4
9.9999999437658671e-01 1.3836485508885223e+00 2.5000000000000000e-01 1.0000000000000000e+00 2.6240000000000000e+03 7.7915815304503422e-02 1.8774862099290490e-01 2.0844284186794484e-16 -9.1854120779928591e-03 8.7101227382496579e-02 -2.2114162513847024e-02 2.0986278350674750e-01 -2.4551652393175662e-17 2.3299449426111644e-16 1.6660940300524235e+03 3 5 5
9.9999999968377229e-01 1.3834224350870761e+00 2.5000000000000000e-01 1.0000000000000000e+00 2.5980000000000000e+03 7.7886321424088953e-02 1.8764611333644765e-01 -7.6254282040860828e-17 -9.1831584274386594e-03 8.7069479851527881e-02 -2.2105154926309184e-02 2.0975126826275386e-01 8.9864719623880832e-18 -8.5240754003247812e-17 2.1504669172698632e+03 3 5 6
9.9999999998221722e-01 1.3833688121847116e+00 2.5000000000000000e-01 1.0000000000000000e+00 2.6080000000000000e+03 7.7879311615276656e-02 1.8762176719445953e-01 -2.8454776899107053e-16 -9.1826213503353356e-03 8.7061932965610822e-02 -2.2103012369158261e-02 2.0972477956361776e-01 3.3525030954799714e-17 -3.1807279994587152e-16 1.9909075517561287e+03 3 5 7
9.9999999999900002e-01 1.3833560958426776e+00 2.5000000000000000e-01 1.0000000000000000e+00 2.6180000000000000e+03 7.7877647632661667e-02 1.8761598962046122e-01 4.0951668763821593e-16 -9.1824938730892987e-03 8.7060141505749686e-02 -2.2102503995858329e-02 2.0971849361631692e-01 -4.8247522357081075e-17 4.5776420999529109e-16 2.0096177011802793e+03 3 5 8
9.8999999999999999e-01 1.8185873785982893e+00 3.0000000000000004e-01 1.0000000000000000e+00 2.6730000000000000e+03 6.9844420602521176e-02 2.1129599113602096e-01 5.4788844624690983e-16 -5.6358482589755256e-03 7.5480268861496821e-02 -1.6876302225414412e-02 2.2817229336143399e-01 -4.3709155382761989e-17 5.9159760162966152e-16 4.0222497521620244e+02 3 6 0
9.9943765867480960e-01 1.5238890040876014e+00 3.0000000000000004e-01 1.0000000000000000e+00 2.6920000000000000e+03 8.2442005869106286e-02 2.1140434214537143e-01 -3.9383535167127199e-16 -8.7231292475200336e-03 9.1165135116625481e-02 -2.2266319463239839e-02 2.3367066160860842e-01 4.1489852654272460e-17 -4.3532520432554053e-16 1.0995131850456819e+03 3 6 1
9.9996837722339826e-01 1.4548534685882473e+00 3.0000000000000004e-01 1.0000000000000000e+00 2.6930000000000000e+03 7.9656697548742161e-02 1.9539497489991758e-01 3.5510292018020917e-16 -8.8808997633950323e-03 8.8537597312136312e-02 -2.1723223723723751e-02 2.1711819862363976e-01 -3.9467809906206445e-17 3.9457073008641294e-16 1.4363311383277178e+03 3 6 2
9.9999822172058994e-01 1.4384544126879113e+00 3.0000000000000004e-01 1.0000000000000000e+00 2.7030000000000000e+03 7.8050644940858879e-02 1.8927278334360226e-01 -1.3344655236229144e-16 -8.7912352406632390e-03 8.6841880181520767e-02 -2.1268912124031137e-02 2.1054169546763346e-01 1.4986496047430430e-17 -1.4843304840972090e-16 1.5145072895567864e+03 3 6 3
9.9999990000000005e-01 1.4345623056507926e+00 3.0000000000000004e-01 1.0000000000000000e+00 2.6770000000000000e+03 7.7590471604169028e-02 1.8762808317171448e-01 -2.3994698836505115e-16 -8.7588766889764736e-03 8.6349348293145528e-02 -2.1133556429553363e-02 2.0876163960126809e-01 2.7013561374454527e-17 -2.6696054973949930e-16 1.6259640304297209e+03 3 6 4
9.9999999437658671e-01 1.4336391308994454e+00 3.0000000000000004e-01 1.0000000000000000e+00 2.6870000000000000e+03 7.7476322666946096e-02 1.8722584924785471e-01 -2.0786244863997110e-16 -8.7504937739579930e-03 8.6226816440901244e-02 -2.1099700561105907e-02 2.0832554980895976e-01 2.3425373375636228e-17 -2.3128782201560401e-16 1.6755941591653973e+03 3 6 5
9.9999999968377229e-01 1.4334201994360203e+00 3.0000000000000004e-01 1.0000000000000000e+00 2.6970000000000000e+03 7.7448960637146139e-02 1.8712974863277726e-01 -9.0259205581599221e-17 -8.7484646486170395e-03 8.6197425285761756e-02 -2.1091570019964319e-02 2.0822131865274099e-01 1.0164709243789130e-17 -1.0042391482538797e-16 1.7853137232419103e+03 3 6 6
9.9999999998221722e-01 1.4333682818677349e+00 3.0000000000000004e-01 1.0000000000000000e+00 2.7070000000000000e+03 7.7442455251966857e-02 1.8710691889304473e-01 -2.0773040942173392e-16 -8.7479811325890059e-03 8.6190436384553759e-02 -2.1089636186781370e-02 2.0819655507982646e-01 2.3414199675532518e-17 -2.3114460909726274e-16 1.9578311674185097e+03 3 6 7
9.9999999999900002e-01 1.4333559698956915e+00 3.0000000000000004e-01 1.0000000000000000e+00 2.7170000000000000e+03 7.7440913132405448e-02 1.8710150685803442e-01 -1.4898418372316290e-16 -8.7478663080140916e-03 8.6188779440416280e-02 -2.1089177164551286e-02 2.0819068402258400e-01 1.6788535528487000e-17 -1.6577271925164627e-16 1.8078155496092513e+03 3 6 8
9.8999999999999999e-01 1.8664033456159606e+00 3.5000000000000003e-01 1.0000000000000000e+00 2.7630000000000000e+03 6.9465488611689663e-02 2.0835771171827880e-01 -6.1697747898827571e-17 -5.4629633483426815e-03 7.4928451960032408e-02 -1.6188803024935434e-02 2.2454651474321319e-01 4.8520861536107076e-18 -6.6549834052438335e-17 4.4756914592720568e+02 3 7 0
9.9943765867480960e-01 1.5725211056364889e+00 3.5000000000000003e-01 1.0000000000000000e+00 2.7550000000000000e+03 8.1808262550439756e-02 2.0927695880338246e-01 -1.0307629223699745e-16 -8.3416564467014009e-03 9.0149918997140407e-02 -2.1205574876309970e-02 2.3048253367969154e-01 1.0421310866598863e-17 -1.1349760310359387e-16 1.2428100981116295e+03 3 7 1
9.9996837722339826e-01 1.5044476773584587e+00 3.5000000000000003e-01 1.0000000000000000e+00 2.7920000000000000e+03 7.9202183970331103e-02 1.9416906480582058e-01 4.0561415720013951e-16 -8.4805481858478467e-03 8.7682732156178986e-02 -2.0700493958731945e-02 2.1486955876455310e-01 -4.3250956996851098e-17 4.4886511419698183e-16 1.5083872464289889e+03 3 7 2
9.9999822172058994e-01 1.4883527865441921e+00 3.5000000000000003e-01 1.0000000000000000e+00 2.7570000000000000e+03 7.7686196045023956e-02 1.8836689648829902e-01 -4.5275813253487626e-16 -8.3971068888167109e-03 8.6083302933837966e-02 -2.0283198405453191e-02 2.0865009489375030e-01 4.8766812328830023e-17 -5.0152494486370496e-16 1.7423614265546203e+03 3 7 3
9.9999990000000005e-01 1.4845378896177386e+00 3.5000000000000003e-01 1.0000000000000000e+00 2.7670000000000000e+03 7.7251672720368633e-02 1.8680724222772546e-01 -3.1749051038150730e-16 -8.3672196477545483e-03 8.5618892368121438e-02 -2.0159084408941409e-02 2.0696632663666617e-01 3.4288879523428909e-17 -3.5177938990493440e-16 1.8463161332467571e+03 3 7 4
9.9999999437658671e-01 1.4836333229541916e+00 3.5000000000000003e-01 1.0000000000000000e+00 2.7770000000000000e+03 7.7143871161411123e-02 1.8642573975445265e-01 1.7557263037817280e-16 -8.3594879734213007e-03 8.5503359134831453e-02 -2.0128053865276257e-02 2.0655379361972726e-01 -1.8976514918576484e-17 1.9454914529674653e-16 1.9520044756839052e+03 3 7 5
9.9999999968377229e-01 1.4834188211483157e+00 3.5000000000000003e-01 1.0000000000000000e+00 2.7870000000000000e+03 7.7118026097438841e-02 1.8633457698231512e-01 3.7237128776919789e-16 -8.3576170855724132e-03 8.5475643183009625e-02 -2.0120602599659726e-02 2.0645517958197199e-01 -4.0209041295854849e-17 4.1258032906505185e-16 2.1544783471990377e+03 3 7 6
9.9999999998221722e-01 1.4833679551007837e+00 3.5000000000000003e-01 1.0000000000000000e+00 2.7610000000000000e+03 7.7111881204333432e-02 1.8631291960168808e-01 -2.9958550334344034e-16 -8.3571713097898952e-03 8.5469052514120639e-02 -2.0118830377560182e-02 2.0643174997924635e-01 3.2370660861753712e-17 -3.3195616420519254e-16 2.3306531368577853e+03 3 7 7
9.9999999999900002e-01 1.4833558925850805e+00 3.5000000000000003e-01 1.0000000000000000e+00 2.7710000000000000e+03 7.7110423078256898e-02 1.8630778146101040e-01 1.4122786661492473e-16 -8.3570655015980395e-03 8.5467488579853410e-02 -2.0118409885535475e-02 2.0642619134654641e-01 -1.5257194431895592e-17 1.5648506104681675e-16 2.2624422310311347e+03 3 7 8
9.8999999999999999e-01 1.9155373788202668e+00 4.0000000000000002e-01 1.0000000000000000e+00 2.8350000000000000e+03 6.9114057360934802e-02 2.0527753214768207e-01 2.1255743906711490e-16 -5.2900283017300546e-03 7.4404085662663919e-02 -1.5507527772135699e-02 2.2078505991981587e-01 -1.6042192143339231e-17 2.2859963121045162e-16 5.4028304167930037e+02 3 8 0
9.9943765867480960e-01 1.6217342351417117e+00 4.0000000000000002e-01 1.0000000000000000e+00 2.8360000000000000e+03 8.1301167259695342e-02 2.0709796291261612e-01 -2.5785742657014439e-16 -7.9997299402276810e-03 8.9300897199921805e-02 -2.0218874550988405e-02 2.2731683746360495e-01 2.5160655196133662e-17 -2.8301808176627102e-16 1.2074007671270519e+03 3 8 1
9.9996837722339826e-01 1.5542099943164918e+00 4.0000000000000002e-01 1.0000000000000000e+00 2.8640000000000000e+03 7.8855912876061376e-02 1.9281249668980857e-01 2.2378048867009240e-16 -8.1251330084892073e-03 8.6981045884549968e-02 -1.9750997649080500e-02 2.1256349433888891e-01 -2.2954835725961260e-17 2.4673532439605193e-16 1.8294694409631193e+03 3 8 2
9.9999822172058994e-01 1.5382931421528507e+00 4.0000000000000002e-01 1.0000000000000000e+00 2.8380000000000000e+03 7.7405436725951182e-02 1.8727135241487156e-01 2.0070529307667420e-16 -8.0524683888084925e-03 8.5457905114758426e-02 -1.9376498477065626e-02 2.0664785089193730e-01 -2.0785802120810437e-17 2.2149109519748435e-16 1.9776626227134839e+03 3 8 3
9.9999990000000005e-01 1.5345235548932283e+00 4.0000000000000002e-01 1.0000000000000000e+00 2.8480000000000000e+03 7.6991233132200673e-02 1.8578380175171794e-01 -4.8313605835801421e-17 -8.0246923794787661e-03 8.5015925511677692e-02 -1.9262063131542963e-02 2.0504586488325874e-01 4.9903950980764457e-18 -5.3304000933877698e-17 2.0769790429491550e+03 3 8 4
9.9999999437658671e-01 1.5336299128405588e+00 4.0000000000000002e-01 1.0000000000000000e+00 2.8580000000000000e+03 7.6888463107897570e-02 1.8541985291639362e-01 -7.9322569873886107e-17 -8.0175054947057151e-03 8.4905968602601634e-02 -1.9233442736457183e-02 2.0465329565285081e-01 8.1815095747785441e-18 -8.7504079448662510e-17 2.2477638062145561e+03 3 8 5
9.9999999968377229e-01 1.5334180118492313e+00 4.0000000000000002e-01 1.0000000000000000e+00 2.8680000000000000e+03 7.6863814030745825e-02 1.8533285615053258e-01 -2.7099793054552379e-16 -8.0157663539820959e-03 8.4879580384726164e-02 -1.9226569663046249e-02 2.0455942581357642e-01 2.8104234781021320e-17 -2.9910216532653864e-16 2.2629343750076368e+03 3 8 6
9.9999999998221722e-01 1.5333677629969997e+00 4.0000000000000002e-01 1.0000000000000000e+00 2.8420000000000000e+03 7.6857956288007401e-02 1.8531219827860265e-01 -7.0157847759298412e-18 -8.0153519617494357e-03 8.4873308249755211e-02 -1.9224934917646687e-02 2.0453713319624670e-01 7.0926175913485525e-19 -7.7250465350646744e-18 2.4645395893128589e+03 3 8 7
9.9999999999900002e-01 1.5333558472943096e+00 4.0000000000000002e-01 1.0000000000000000e+00 2.8430000000000000e+03 7.6856564781656200e-02 1.8530729339625185e-01 -2.0573242375949547e-16 -8.0152535792011072e-03 8.4871818360856485e-02 -1.9224546981954013e-02 2.0453184037820546e-01 2.1343534697353172e-17 -2.2707595845684422e-16 2.5460022154906765e+03 3 8 8
9.8999999999999999e-01 1.7707257040765096e+00 0.0000000000000000e+00 1.0000000000000000e+00 2.9160000000000000e+03 6.0016631777337209e-02 2.0083246774442057e-01 0.0000000000000000e+00 -4.9679327006557925e-03 6.4984564477992959e-02 -1.6624094926927482e-02 2.1745656267134827e-01 0.0000000000000000e+00 0.0000000000000000e+00 0.0000000000000000e+00 4 0 0
9.9943765867480960e-01 1.4628192111933964e+00 0.0000000000000000e+00 1.0000000000000000e+00 2.9170000000000000e+03 8.1546601861337789e-02 2.2577600002674747e-01 0.0000000000000000e+00 -9.2684348549200331e-03 9.0815036716257763e-02 -2.5661279566383172e-02 2.5143727959313050e-01 0.0000000000000000e+00 0.0000000000000000e+00 0.0000000000000000e+00 4 0 1
9.9996837722339826e-01 1.3686606985297931e+00 0.0000000000000000e+00 1.0000000000000000e+00 2.9450000000000000e+03 8.6280239644485709e-02 2.2442883080083417e-01 0.0000000000000000e+00 -1.0623618232251830e-02 9.6903857876737665e-02 -2.7633745902455688e-02 2.5206257670328958e-01 0.0000000000000000e+00 0.0000000000000000e+00 0.0000000000000000e+00 4 0 2
9.9999822172058994e-01 1.3357848740043377e+00 0.0000000000000000e+00 1.0000000000000000e+00 2.9190000000000000e+03 8.7187591328542868e-02 2.2179189994312684e-01 0.0000000000000000e+00 -1.1008109657758567e-02 9.8195700986301426e-02 -2.8002947650846165e-02 2.4979484759397308e-01 0.0000000000000000e+00 0.0000000000000000e+00 0.0000000000000000e+00 4 0 3
9.9999990000000005e-01 1.3236434252547979e+00 0.0000000000000000e+00 1.0000000000000000e+00 2.9290000000000000e+03 8.7372530148704788e-02 2.2042758977256291e-01 0.0000000000000000e+00 -1.1130989596239085e-02 9.8503519744943896e-02 -2.8081791889356538e-02 2.4850938166191960e-01 0.0000000000000000e+00 0.0000000000000000e+00 0.0000000000000000e+00 4 0 4
9.9999999437658671e-01 1.3190575863033192e+00 0.0000000000000000e+00 1.0000000000000000e+00 2.9390000000000000e+03 8.7417472615070185e-02 2.1984975947595362e-01 0.0000000000000000e+00 -1.1174292260961670e-02 9.8591764876031746e-02 -2.8102682363101403e-02 2.4795244183905490e-01 0.0000000000000000e+00 0.0000000000000000e+00 0.0000000000000000e+00 4 0 5
9.9999999968377229e-01 1.3173102734582767e+00 0.0000000000000000e+00 1.0000000000000000e+00 2.9490000000000000e+03 8.7430762164602535e-02 2.1962008640159850e-01 0.0000000000000000e+00 -1.1190320016460175e-02 9.8621082181062705e-02 -2.8109317453388571e-02 2.4772940385498704e-01 0.0000000000000000e+00 0.0000000000000000e+00 0.0000000000000000e+00 4 0 6
9.9999999998221722e-01 1.3166422521486705e+00 0.0000000000000000e+00 1.0000000000000000e+00 2.9230000000000000e+03 8.7435269650946376e-02 2.1953086468325536e-01 0.0000000000000000e+00 -1.1196377612216283e-02 9.8631647263162592e-02 -2.8111658697257569e-02 2.4764252338051299e-01 0.0000000000000000e+00 0.0000000000000000e+00 0.0000000000000000e+00 4 0 7
9.9999999999900002e-01 1.3163865168180890e+00 0.0000000000000000e+00 1.0000000000000000e+00 2.9780000000000000e+03 8.7436910710579283e-02 2.1949650019464736e-01 0.0000000000000000e+00 -1.1198686116480559e-02 9.8635596827059718e-02 -2.8112525812836842e-02 2.4760902600748425e-01 0.0000000000000000e+00 0.0000000000000000e+00 0.0000000000000000e+00 4 0 8
9.8999999999999999e-01 1.7983887077479856e+00 5.0000000000000003e-02 1.0000000000000000e+00 3.0150000000000000e+03 5.8065906917887558e-02 1.9672421627853065e-01 -4.1892040066716884e-16 -4.7274698895270169e-03 6.2793376807414619e-02 -1.6007609954826880e-02 2.1273182623335748e-01 3.4089049221751740e-17 -4.5300944988892182e-16 7.7679338825866580e+01 4 1 0
9.9943765867480960e-01 1.4893237879407961e+00 5.0000000000000003e-02 1.0000000000000000e+00 3.0520000000000000e+03 7.9866461683123002e-02 2.2415469315947692e-01 3.3410187557050421e-16 -8.8977074912249335e-03 8.8764169174347721e-02 -2.4967244907757508e-02 2.4912193806723396e-01 -3.7214428078912111e-17 3.7131630364941384e-16 2.0153916027303785e+02 4 1 1
9.9996837722339826e-01 1.4005439539365305e+00 5.0000000000000003e-02 1.0000000000000000e+00 3.0260000000000000e+03 8.4901656221751776e-02 2.2478337933870310e-01 -2.5620361077562115e-16 -1.0197244288224359e-02 9.5098900509975548e-02 -2.6995385147380903e-02 2.5177876448608344e-01 3.0769447757305325e-17 -2.8697305853292446e-16 2.8649307372421026e+02 4 1 2
9.9999822172058994e-01 1.3750154798387568e+00 5.0000000000000003e-02 1.0000000000000000e+00 3.0000000000000000e+03 8.5941660532454639e-02 2.2366800499352277e-01 3.9731419042525354e-16 -1.0526089284426452e-02 9.6467749816881096e-02 -2.7393079172772398e-02 2.5106108416629541e-01 -4.8659883540786804e-17 4.4597407396604078e-16 2.8898174473084509e+02 4 1 3
9.9999990000000005e-01 1.3683622272473948e+00 5.0000000000000003e-02 1.0000000000000000e+00 3.0100000000000000e+03 8.6168700357949282e-02 2.2325263057610337e-01 4.9572042154744988e-16 -1.0606218284489556e-02 9.6774918642438867e-02 -2.7478008213988464e-02 2.5073063879008856e-01 -6.1013434780018176e-17 5.5673385632746552e-16 2.9884171172790229e+02 4 1 4
9.9999999437658671e-01 1.3667370547488900e+00 5.0000000000000003e-02 1.0000000000000000e+00 3.0200000000000000e+03 8.6221060865506766e-02 2.2314264578139006e-01 -2.7814080235063079e-16 -1.0625392664060155e-02 9.6846453529567056e-02 -2.7497475407738420e-02 2.5064012118912637e-01 3.4274685263817552e-17 -3.1241548761444881e-16 3.0415365947037935e+02 4 1 5
9.9999999968377229e-01 1.3663487175650735e+00 5.0000000000000003e-02 1.0000000000000000e+00 3.0300000000000000e+03 8.6233387685370699e-02 2.2311586007388756e-01 1.3737866300511966e-16 -1.0629950495812305e-02 9.6863338181182479e-02 -2.7502051271956308e-02 2.5061791134584299e-01 -1.6934010535049513e-17 1.5431267354016887e-16 3.0517322855908424e+02 4 1 6
9.9999999998221722e-01 1.3662564582980350e+00 5.0000000000000003e-02 1.0000000000000000e+00 3.0040000000000000e+03 8.6236305403200292e-02 2.2310946695904807e-01 -2.8933685503134663e-16 -1.0631031956942674e-02 9.6867337360142317e-02 -2.7503134061058438e-02 2.5061260102010607e-01 3.5666767885041201e-17 -3.2500362291638819e-16 3.0820181198325008e+02 4 1 7
9.9999999999900002e-01 1.3662345697601657e+00 5.0000000000000003e-02 1.0000000000000000e+00 3.0500000000000000e+03 8.6236996998617158e-02 2.2310794847501775e-01 -2.0940266151688890e-16 -1.0631288448845463e-02 9.6868285447462149e-02 -2.7503390678139429e-02 2.5061133915315698e-01 2.5813657099195430e-17 -2.3521631861608389e-16 3.4135157457366586e+02 4 1 8
9.8999999999999999e-01 1.8318593289966159e+00 1.0000000000000001e-01 1.0000000000000000e+00 3.0870000000000000e+03 5.6397995949518512e-02 1.9258446090720402e-01 -2.7429064229953402e-16 -4.5051539474665961e-03 6.0903149896985108e-02 -1.5349649347500681e-02 2.0793411025470501e-01 2.1857457518941510e-17 -2.9614809981847629e-16 1.2313826633431017e+02 4 2 0
9.9943765867480960e-01 1.5257705017430310e+00 1.0000000000000001e-01 1.0000000000000000e+00 3.0790000000000000e+03 7.7882262712098804e-02 2.2140466799761896e-01 3.6414361722283399e-16 -8.4356313359091259e-03 8.6317894048007646e-02 -2.3957508397266264e-02 2.4536217639488539e-01 -3.9410158631455466e-17 4.0355377585428866e-16 2.7328681231196970e+02 4 2 1
9.9996837722339826e-01 1.4442020313998638e+00 1.0000000000000001e-01 1.0000000000000000e+00 3.0890000000000000e+03 8.2872812449882455e-02 2.2344888618880163e-01 1.3603416110838108e-16 -9.6095565422138970e-03 9.2482368992095915e-02 -2.5895029710611066e-02 2.4934391589941221e-01 -1.5767203655070364e-17 1.5180136476345202e-16 4.2982913170754910e+02 4 2 2
9.9999822172058994e-01 1.4230422672572911e+00 1.0000000000000001e-01 1.0000000000000000e+00 3.0990000000000000e+03 8.3931586175535464e-02 2.2314322829447208e-01 -1.6091788808721072e-16 -9.8895601394246180e-03 9.3821146314959969e-02 -2.6280221590557176e-02 2.4942344988502801e-01 1.8949678733588406e-17 -1.7986756682079921e-16 4.4584762477129698e+02 4 2 3
9.9999990000000005e-01 1.4178555172475624e+00 1.0000000000000001e-01 1.0000000000000000e+00 3.1090000000000000e+03 8.4169788702625759e-02 2.2300126600143202e-01 -2.4102902560512723e-16 -9.9554433797133680e-03 9.4125232082338958e-02 -2.6364352095351304e-02 2.4936561809678418e-01 2.8492715394394337e-17 -2.6952174099952096e-16 4.2996779627632350e+02 4 2 4
9.9999999437658671e-01 1.4166144547405077e+00 1.0000000000000001e-01 1.0000000000000000e+00 3.0830000000000000e+03 8.4225412872311334e-02 2.2296310530428573e-01 1.2104157578388140e-17 -9.9710243958210515e-03 9.4196437268132566e-02 -2.6383829655221961e-02 2.4934693495950622e-01 -1.4303626868671971e-18 1.3534520265255294e-17 4.2468059569597244e+02 4 2 5
9.9999999968377229e-01 1.4163195034087561e+00 1.0000000000000001e-01 1.0000000000000000e+00 3.0930000000000000e+03 8.4238553008874048e-02 2.2295379457578224e-01 3.4653981063181062e-16 -9.9747166480730169e-03 9.4213269656947027e-02 -2.6388420866041880e-02 2.4934221544182267e-01 -4.1015845400570417e-17 3.8755565603238130e-16 4.2813030534423888e+02 4 2 6
9.9999999998221722e-01 1.4162495225939322e+00 1.0000000000000001e-01 1.0000000000000000e+00 3.1030000000000000e+03 8.4241666168850413e-02 2.2295157184379685e-01 2.8493678340273050e-16 -9.9755920716299365e-03 9.4217258240480412e-02 -2.6389508046397541e-02 2.4934107989019400e-01 -3.3728292242518063e-17 3.1866507564524479e-16 4.3259743552841246e+02 4 2 7
9.9999999999900002e-01 1.4162329257454276e+00 1.0000000000000001e-01 1.0000000000000000e+00 3.1130000000000000e+03 8.4242404384169967e-02 2.2295104431318069e-01 3.5862946961831268e-16 -9.9757995620062320e-03 9.4218203946175902e-02 -2.6389765506947674e-02 2.4934080982012780e-01 -4.2447495503321619e-17 4.0107696512162988e-16 4.6482094041351229e+02 4 2 8
9.8999999999999999e-01 1.8698124110665373e+00 1.5000000000000002e-01 1.0000000000000000e+00 3.1860000000000000e+03 5.5028132350426071e-02 1.8851654637621146e-01 1.7263931058714795e-16 -4.3078878690265172e-03 5.9336020219452723e-02 -1.4685434378754195e-02 2.0320198075496623e-01 -1.3434477594096743e-17 1.8607378818124501e-16 1.4369276295322925e+02 4 3 0
9.9943765867480960e-01 1.5675384816218179e+00 1.5000000000000002e-01 1.0000000000000000e+00 3.1690000000000000e+03 7.5973229244746546e-02 2.1804183542091088e-01 4.6947401017354258e-16 -7.9708369466909325e-03 8.3944066191437475e-02 -2.2820214756784172e-02 2.4086205017769460e-01 -4.9143712811270227e-17 5.1861772298481118e-16 3.0612582722958177e+02 4 3 1
9.9996837722339826e-01 1.4911487799679837e+00 1.5000000000000002e-01 1.0000000000000000e+00 3.1610000000000000e+03 8.0844260599276227e-02 2.2098183971602933e-01 2.1422233308663215e-16 -9.0268199934301473e-03 8.9871080592706237e-02 -2.4632418348642968e-02 2.4561425806467238e-01 -2.3882339081460599e-17 2.3810467216809053e-16 4.1829489083494991e+02 4 3 2
9.9999822172058994e-01 1.4722084268144520e+00 1.5000000000000002e-01 1.0000000000000000e+00 3.1710000000000000e+03 8.1896901279650755e-02 2.2109478931660928e-01 5.7639148677113297e-16 -9.2730429228359869e-03 9.1169944202486503e-02 -2.4996805919737235e-02 2.4609159523634672e-01 -6.5172523147701231e-17 6.4156400991883044e-16 4.4220675458759069e+02 4 3 3
9.9999990000000005e-01 1.4676503889230998e+00 1.5000000000000002e-01 1.0000000000000000e+00 3.1810000000000000e+03 8.2137030827705834e-02 2.2107583007238568e-01 1.7811669682772995e-16 -9.3305597281199918e-03 9.1467590555826109e-02 -2.5077386676580413e-02 2.4615321674896562e-01 -2.0201393220054604e-17 1.9831809004778442e-16 4.9355260213743895e+02 4 3 4
9.9999999437658671e-01 1.4665653754757126e+00 1.5000000000000002e-01 1.0000000000000000e+00 3.1910000000000000e+03 8.2193367197816364e-02 2.2106851035804403e-01 -4.5436951294437236e-16 -9.3441374343034237e-03 9.1537504632119737e-02 -2.5096126026069452e-02 2.4616463638411420e-01 5.1574963276143875e-17 -5.0594447622051916e-16 4.6422081346064806e+02 4 3 5
9.9999999968377229e-01 1.4663078401068357e+00 1.5000000000000002e-01 1.0000000000000000e+00 3.1650000000000000e+03 8.2206691795500594e-02 2.2106661307305420e-01 -1.6551349868768989e-16 -9.3473535584590681e-03 9.1554045353959501e-02 -2.5100548438867692e-02 2.4616716151192217e-01 1.8795853512512727e-17 -1.8430935220020229e-16 4.7828951129596680e+02 4 3 6
9.9999999998221722e-01 1.4662467553018135e+00 1.5000000000000002e-01 1.0000000000000000e+00 3.1750000000000000e+03 8.2209849388105050e-02 2.2106615347856742e-01 -3.8701615981802180e-16 -9.3481160133865732e-03 9.1557965401491428e-02 -2.5101595943824537e-02 2.4616774942239250e-01 4.3935969408051137e-17 -4.3095212922607094e-16 5.2271576826460660e+02 4 3 7
9.9999999999900002e-01 1.4662322693698122e+00 1.5000000000000002e-01 1.0000000000000000e+00 3.1670000000000000e+03 8.2210597811419650e-02 2.2106604325441045e-01 5.0911964207934115e-16 -9.3482967959489377e-03 9.1558894607368657e-02 -2.5101844272205832e-02 2.4616788752661556e-01 -5.7813029811894089e-17 5.6693267189123124e-16 4.8129506151471287e+02 4 3 8
9.8999999999999999e-01 1.9112179964776448e+00 2.0000000000000001e-01 1.0000000000000000e+00 3.2760000000000000e+03 5.3936585530530316e-02 1.8456621842373633e-01 -3.4058554804283616e-17 -4.1366835717537246e-03 5.8073269102284081e-02 -1.4037676121767342e-02 1.9860389454550309e-01 2.5598674194870697e-18 -3.6618422223770646e-17 1.8176702714618295e+02 4 4 0
9.9943765867480960e-01 1.6123239727815639e+00 2.0000000000000001e-01 1.0000000000000000e+00 3.2770000000000000e+03 7.4306309526065276e-02 2.1441809228463499e-01 -1.4283114177036129e-16 -7.5431114427130371e-03 8.1849420968778397e-02 -2.1666394859440732e-02 2.3608448714407476e-01 1.4432718260142725e-17 -1.5726386003050307e-16 3.5746483556367457e+02 4 4 1
9.9996837722339826e-01 1.5394285877441629e+00 2.0000000000000001e-01 1.0000000000000000e+00 3.2510000000000000e+03 7.9061020492948608e-02 2.1797057437626002e-01 3.5110146120653155e-17 -8.4997552151607966e-03 8.7560775708108843e-02 -2.3352570490800056e-02 2.4132314486705964e-01 -3.7746495774197071e-18 3.8884795698072613e-17 4.7542029878403991e+02 4 4 2
9.9999822172058994e-01 1.5217606443096341e+00 2.0000000000000001e-01 1.0000000000000000e+00 3.2610000000000000e+03 8.0103759750480549e-02 2.1834150816523423e-01 3.3937087743499196e-16 -8.7207415717223437e-03 8.8824501322202001e-02 -2.3695025390294434e-02 2.4203653355552796e-01 -3.6829467860335572e-17 3.7620034529532720e-16 5.0961634848732501e+02 4 4 3
9.9999990000000005e-01 1.5175417029033902e+00 2.0000000000000001e-01 1.0000000000000000e+00 3.2710000000000000e+03 8.0343623317286422e-02 2.1839446513357114e-01 3.0879974446811828e-16 -8.7722768341442492e-03 8.9115900151430658e-02 -2.3771354237512265e-02 2.4216581937108378e-01 -3.3617642505138773e-17 3.4241738697325398e-16 5.3198662909958512e+02 4 4 4
9.9999999437658671e-01 1.5165394574899134e+00 2.0000000000000001e-01 1.0000000000000000e+00 3.2450000000000000e+03 8.0400040029292352e-02 2.1840490664739534e-01 2.7818294629956648e-16 -8.7844387899158917e-03 8.9184478819207144e-02 -2.3789150121337463e-02 2.4219405676873237e-01 -3.0312336682163313e-17 3.0849528298172866e-16 6.1224457153491676e+02 4 4 5
9.9999999968377229e-01 1.5163016858175500e+00 2.0000000000000001e-01 1.0000000000000000e+00 3.2550000000000000e+03 8.0413390713629213e-02 2.1840725793004795e-01 -2.9097691979901999e-16 -8.7873193939124808e-03 8.9200710107541770e-02 -2.3793352656912643e-02 2.4220061058695891e-01 3.1699113543276770e-17 -3.2267603334229743e-16 6.0266825769655406e+02 4 4 6
9.9999999998221722e-01 1.5162452956368855e+00 2.0000000000000001e-01 1.0000000000000000e+00 3.2650000000000000e+03 8.0416554839632878e-02 2.1840780760100592e-01 3.2161786531035467e-16 -8.7880022946089497e-03 8.9204557134242052e-02 -2.3794348238984242e-02 2.4220215583998961e-01 -3.5032518081630827e-17 3.5665038339198373e-16 6.8260927511472255e+02 4 4 7
9.9999999999900002e-01 1.5162319230403198e+00 2.0000000000000001e-01 1.0000000000000000e+00 3.2480000000000000e+03 8.0417305290658367e-02 2.1840793822310289e-01 4.9774689034283433e-16 -8.7881641616654755e-03 8.9205469452323397e-02 -2.3794584080219918e-02 2.4220252230332276e-01 -5.4215320357340482e-17 5.5196221070017341e-16 6.3569553803931922e+02 4 4 8
9.8999999999999999e-01 1.9552964239300403e+00 2.5000000000000000e-01 1.0000000000000000e+00 3.3750000000000000e+03 5.3078927032373283e-02 1.8072784494036007e-01 3.0447927926663797e-16 -3.9883838603901644e-03 5.7067310892763380e-02 -1.3417596735394145e-02 1.9414544167575329e-01 -2.2626333000217327e-17 3.2710561226685359e-16 2.1324620769172907e+02 4 5 0
9.9943765867480960e-01 1.6589478113432641e+00 2.5000000000000000e-01 1.0000000000000000e+00 3.3310000000000000e+03 7.2921907608120742e-02 2.1072034324826858e-01 -1.8715726146491514e-16 -7.1641425888745343e-03 8.0086050196994371e-02 -2.0552910144446743e-02 2.3127325339271643e-01 1.8254651252333381e-17 -2.0541191271724950e-16 4.7576895056664944e+02 4 5 1
9.9996837722339826e-01 1.5883832116027143e+00 2.5000000000000000e-01 1.0000000000000000e+00 3.3590000000000000e+03 7.7585979312056866e-02 2.1473922140198354e-01 -2.4240938668464884e-16 -8.0393680220089744e-03 8.5625347334065238e-02 -2.2123324325560835e-02 2.3686254572754600e-01 2.5004754126871857e-17 -2.6741414081152166e-16 6.1483460992947221e+02 4 5 2
9.9999822172058994e-01 1.5714946099302753e+00 2.5000000000000000e-01 1.0000000000000000e+00 3.3240000000000000e+03 7.8621979234546127e-02 2.1529411480167659e-01 4.6059138032066427e-16 -8.2407891501307187e-03 8.6862768384676367e-02 -2.2445179672627411e-02 2.3773929447430447e-01 -4.8008487757687772e-17 5.0859986807835569e-16 5.8311692335922271e+02 4 5 3
9.9999990000000005e-01 1.5674775171394795e+00 2.5000000000000000e-01 1.0000000000000000e+00 3.3340000000000000e+03 7.8861689200304882e-02 2.1539686681493778e-01 -3.8262169755209956e-16 -8.2877631161565688e-03 8.7149452316460818e-02 -2.2517334027981888e-02 2.3791420084292003e-01 3.9998820305665617e-17 -4.2262051785776583e-16 6.6185770586505532e+02 4 5 4
9.9999999437658671e-01 1.5665241736890279e+00 2.5000000000000000e-01 1.0000000000000000e+00 3.3440000000000000e+03 7.8918164717186559e-02 2.1541950471114657e-01 4.0018526323989706e-16 -8.2988500001140424e-03 8.7217014717300367e-02 -2.2534186866172867e-02 2.3795369157731988e-01 -4.1871471829657159e-17 4.4205673506955448e-16 6.7602497234381735e+02 4 5 5
9.9999999968377229e-01 1.5662980578875816e+00 2.5000000000000000e-01 1.0000000000000000e+00 3.3540000000000000e+03 7.8931534894131211e-02 2.1542477101166069e-01 2.3916954085174844e-16 -8.3014760536789505e-03 8.7233010947809067e-02 -2.2538168482152076e-02 2.3796293949380942e-01 -2.5022393581766267e-17 2.6419193443351164e-16 6.7848382704891264e+02 4 5 6
9.9999999998221722e-01 1.5662444349852171e+00 2.5000000000000000e-01 1.0000000000000000e+00 3.3280000000000000e+03 7.8934704751412954e-02 2.1542601563727617e-01 2.9978524106646111e-16 -8.3020986101942588e-03 8.7236803361606788e-02 -2.2539111817360912e-02 2.3796512745463411e-01 -3.1345944840030506e-17 3.3113118590648909e-16 6.1806716987676919e+02 4 5 7
9.9999999999900002e-01 1.5662317186431831e+00 2.5000000000000000e-01 1.0000000000000000e+00 3.3380000000000000e+03 7.8935456191363412e-02 2.1542630991315773e-01 3.9545386450693767e-16 -8.3022462284697753e-03 8.7237702419832225e-02 -2.2539335467491040e-02 2.3796564538064785e-01 -4.1355702584784205e-17 4.3680956709172240e-16 6.2381341821234673e+02 4 5 8
9.8999999999999999e-01 2.0014630013987946e+00 3.0000000000000004e-01 1.0000000000000000e+00 3.4110000000000000e+03 5.2393304522466148e-02 1.7694935173207710e-01 2.0808689508885563e-16 -3.8571650027395968e-03 5.6250469525205828e-02 -1.2826791582561834e-02 1.8977614331463979e-01 -1.5097062026192283e-17 2.2318395711504706e-16 2.6913772640284151e+02 4 6 0
9.9943765867480960e-01 1.7067646268881069e+00 3.0000000000000004e-01 1.0000000000000000e+00 3.4120000000000000e+03 7.1791714636683809e-02 2.0701422787540361e-01 2.4205993253021021e-16 -6.8315928999453527e-03 7.8623307536629175e-02 -1.9503476010518488e-02 2.2651770388592141e-01 -2.2729899645557767e-17 2.6478983217576854e-16 4.7536635703593493e+02 4 6 1
9.9996837722339826e-01 1.6377290913887528e+00 3.0000000000000004e-01 1.0000000000000000e+00 3.4040000000000000e+03 7.6397323353590951e-02 2.1142989803527265e-01 -1.8778747271432708e-16 -7.6403634456620427e-03 8.4037686799252456e-02 -2.0971312497068885e-02 2.3240121053234089e-01 1.8626267192684129e-17 -2.0641373990701063e-16 5.8690715886559337e+02 4 6 2
9.9999822172058994e-01 1.6213300354884168e+00 3.0000000000000004e-01 1.0000000000000000e+00 3.4140000000000000e+03 7.7432179214040539e-02 2.1213296630741180e-01 -5.1813278764834726e-16 -7.8263009592808835e-03 8.5258480173320800e-02 -2.1274749514166622e-02 2.3340771582157846e-01 5.1963376858274170e-17 -5.7009616450662158e-16 6.8040789115987718e+02 4 6 3
9.9999990000000005e-01 1.6174379284512981e+00 3.0000000000000004e-01 1.0000000000000000e+00 3.4240000000000000e+03 7.7672746602271886e-02 2.1227509449300475e-01 -4.4145766976185069e-16 -7.8696902823237186e-03 8.5542436884594730e-02 -2.1343091586112084e-02 2.3361818607911561e-01 4.4399487321674422e-17 -4.8585715708352147e-16 6.3168745732400566e+02 4 6 4
9.9999999437658671e-01 1.6165147536999509e+00 3.0000000000000004e-01 1.0000000000000000e+00 3.4340000000000000e+03 7.7729496352641730e-02 2.1230732817465797e-01 1.3678854130299086e-16 -7.8799334464692682e-03 8.5609429799110917e-02 -2.1359075874443245e-02 2.3366640404910186e-01 -1.3721580129547872e-17 1.5051012143253828e-16 7.7762412472069263e+02 4 6 5
9.9999999968377229e-01 1.6162958222365258e+00 3.0000000000000004e-01 1.0000000000000000e+00 3.4080000000000000e+03 7.7742935929471180e-02 2.1231488569027979e-01 -1.2416772524423237e-16 -7.8823598000376267e-03 8.5625295729508832e-02 -2.1362853582822930e-02 2.3367773927310290e-01 1.2480283683931500e-17 -1.3664800892816374e-16 9.4946245722472668e+02 4 6 6
9.9999999998221722e-01 1.6162439046682404e+00 3.0000000000000004e-01 1.0000000000000000e+00 3.4180000000000000e+03 7.7746122274766030e-02 2.1231667395119053e-01 -6.0822348679598031e-16 -7.8829350244176942e-03 8.5629057299183478e-02 -2.1363748690966761e-02 2.3368042264215660e-01 6.1160782349808032e-17 -6.6938426914578213e-16 1.2211562222950161e+03 4 6 7
9.9999999999900002e-01 1.6162315926961970e+00 3.0000000000000004e-01 1.0000000000000000e+00 3.4280000000000000e+03 7.7746877691975219e-02 2.1231709729246520e-01 -2.3107337169900135e-16 -7.8830714613155346e-03 8.5629949153290752e-02 -2.1363961001643630e-02 2.3368105829410732e-01 2.3211333216792045e-17 -2.5428470491579122e-16 1.1606666456311941e+03 4 6 8
9.8999999999999999e-01 2.0492789684164658e+00 3.5000000000000003e-01 1.0000000000000000e+00 3.5280000000000000e+03 5.1805700257281276e-02 1.7313665677002923e-01 -3.6143425301243326e-16 -3.7356496349635567e-03 5.5541349892245157e-02 -1.2259188794163819e-02 1.8539584556419331e-01 2.5561905630347209e-17 -3.8699615864278047e-16 2.7653602870926261e+02 4 7 0
9.9943765867480960e-01 1.7553967284369945e+00 3.5000000000000003e-01 1.0000000000000000e+00 3.5200000000000000e+03 7.0849889896790127e-02 2.0327939527361363e-01 2.5509072226645974e-16 -6.5375747636062147e-03 7.7387464660395297e-02 -1.8523427769085787e-02 2.2180282304269822e-01 -2.3226529999511399e-17 2.7831725226596992e-16 5.1507876275293529e+02 4 7 1
9.9996837722339826e-01 1.6873233001589643e+00 3.5000000000000003e-01 1.0000000000000000e+00 3.4850000000000000e+03 7.5428380890387586e-02 2.0806353800158189e-01 9.6444781199688372e-17 -7.2924049143002941e-03 8.2720785804688390e-02 -1.9903038341896225e-02 2.2796657634347686e-01 -9.2770797898816041e-18 1.0572186098956961e-16 6.8803932276461273e+02 4 7 2
9.9999822172058994e-01 1.6712284093446976e+00 3.5000000000000003e-01 1.0000000000000000e+00 3.4950000000000000e+03 7.6468620844141161e-02 2.0889868229939274e-01 -2.1949819093111244e-16 -7.4659854052758238e-03 8.3934606249416663e-02 -2.0190607944669425e-02 2.2908929024406113e-01 2.1248425816462551e-17 -2.4074661674757469e-16 6.9342643561586738e+02 4 7 3
9.9999990000000005e-01 1.6674135124182441e+00 3.5000000000000003e-01 1.0000000000000000e+00 3.5050000000000000e+03 7.6711426400865090e-02 2.0907543135114143e-01 -5.2302214190990204e-16 -7.5065176093456233e-03 8.4217944010210280e-02 -2.0255623313071781e-02 2.2933105466421252e-01 5.0638259038876575e-17 -5.7366040094877698e-16 7.1685972031019628e+02 4 7 4
9.9999999437658671e-01 1.6665089457546971e+00 3.5000000000000003e-01 1.0000000000000000e+00 3.5150000000000000e+03 7.6768766516046041e-02 2.0911607588837283e-01 2.7859857872464077e-16 -7.5160883410217202e-03 8.4284854857068076e-02 -2.0270846104336489e-02 2.2938692199270855e-01 -2.7006192088401538e-17 3.0560477081304107e-16 8.0166202181018889e+02 4 7 5
9.9999999968377229e-01 1.6662944439488212e+00 3.5000000000000003e-01 1.0000000000000000e+00 3.4890000000000000e+03 7.6782350022909174e-02 2.0912564141547110e-01 -2.4451310941464759e-16 -7.5183555370873538e-03 8.4300705559996095e-02 -2.0274444816014977e-02 2.2940008623148467e-01 2.3672165965641312e-17 -2.6818527538029021e-16 8.3319387910701334e+02 4 7 6
9.9999999998221722e-01 1.6662435779012892e+00 3.5000000000000003e-01 1.0000000000000000e+00 3.4990000000000000e+03 7.6785569869845194e-02 2.0912790415619137e-01 -5.4960633620008467e-16 -7.5188930356926585e-03 8.4304462905538238e-02 -2.0275297563793798e-02 2.2940320171998421e-01 5.3367852540820714e-17 -6.0297418874090458e-16 7.7191681865975261e+02 4 7 7
9.9999999999900002e-01 1.6662315153855860e+00 3.5000000000000003e-01 1.0000000000000000e+00 3.5090000000000000e+03 7.6786333546111946e-02 2.0912844093487679e-01 4.3497256950964212e-16 -7.5190204592980852e-03 8.4305354005409561e-02 -2.0275499623263173e-02 2.2940394055813837e-01 -4.2188145658854011e-17 4.7716071516849223e-16 7.8805550981685519e+02 4 7 8
9.8999999999999999e-01 2.0984130016207723e+00 4.0000000000000002e-01 1.0000000000000000e+00 3.5730000000000000e+03 5.1232419277043084e-02 1.6915490312115108e-01 -7.8552154010829989e-17 -3.6169648581323940e-03 5.4849384135175316e-02 -1.1706025034623540e-02 1.8086092815577451e-01 5.3883965133114014e-18 -8.3940550524141447e-17 3.0985527619253844e+02 4 8 0
9.9943765867480960e-01 1.8046098579422172e+00 4.0000000000000002e-01 1.0000000000000000e+00 3.5830000000000000e+03 7.0003827632911866e-02 1.9941891507655857e-01 -1.1729571038826865e-16 -6.2688849492414751e-03 7.6272712582151889e-02 -1.7600714163882595e-02 2.1701962924044116e-01 1.0332458786878248e-17 -1.2762816917514643e-16 6.0509820333868265e+02 4 8 1
9.9996837722339826e-01 1.7370856171169973e+00 4.0000000000000002e-01 1.0000000000000000e+00 3.5840000000000000e+03 7.4582615078128259e-02 2.0456643046971160e-01 -2.8909790070672578e-16 -6.9835340539501642e-03 8.1566149132078214e-02 -1.8913173182301877e-02 2.2347960365201217e-01 2.6748064462847249e-17 -3.1584596516957140e-16 7.7047975468728691e+02 4 8 2
9.9999822172058994e-01 1.7211687649533562e+00 4.0000000000000002e-01 1.0000000000000000e+00 3.5940000000000000e+03 7.5634506503282947e-02 2.0552798316070001e-01 -4.0123477335019395e-16 -7.1478486489903875e-03 8.2782355152273460e-02 -1.9188704645902707e-02 2.2471668780660417e-01 3.7345384387374533e-17 -4.3858015773756925e-16 9.1705733638163656e+02 4 8 3
9.9999990000000005e-01 1.7173991776937338e+00 4.0000000000000002e-01 1.0000000000000000e+00 3.5680000000000000e+03 7.5881005995290629e-02 2.0573766091597484e-01 3.3697935995076480e-17 -7.1862475906205600e-03 8.3067253585910744e-02 -1.9251225241787347e-02 2.2498888615776327e-01 -3.1913350143056008e-18 3.6889271009381895e-17 8.6693524638935924e+02 4 8 4
9.9999999437658671e-01 1.7165055356410643e+00 4.0000000000000002e-01 1.0000000000000000e+00 3.5780000000000000e+03 7.5939277916769465e-02 2.0578628881892194e-01 -1.9474486207228743e-16 -7.1953166170356407e-03 8.3134594533805867e-02 -1.9265878499747088e-02 2.2505216731866773e-01 1.8194059428969807e-17 -2.1293892150125591e-16 9.0469571917410940e+02 4 8 5
9.9999999968377229e-01 1.7162936346497368e+00 4.0000000000000002e-01 1.0000000000000000e+00 3.5880000000000000e+03 7.5953086043100998e-02 2.0579775877844103e-01 2.5024502010277500e-16 -7.1974650827345346e-03 8.3150551125834998e-02 -1.9269343420897332e-02 2.2506710219933868e-01 -2.3507248151261788e-17 2.7375226825403407e-16 9.7414287132769823e+02 4 8 6
9.9999999998221722e-01 1.7162433857975052e+00 4.0000000000000002e-01 1.0000000000000000e+00 3.5980000000000000e+03 7.5956359912050658e-02 2.0580047517060104e-01 -6.5662209276517946e-16 -7.1979744433399231e-03 8.3154334355390838e-02 -1.9270164521257915e-02 2.2507063969185778e-01 6.1501976343014666e-17 -7.1812406910818898e-16 9.3379380570352077e+02 4 8 7
9.9999999999900002e-01 1.7162314700948151e+00 4.0000000000000002e-01 1.0000000000000000e+00 3.5720000000000000e+03 7.5957136156421245e-02 2.0580111887453248e-01 4.8090084844713887e-16 -7.1980952535272190e-03 8.3155231409948377e-02 -1.9270359329465352e-02 2.2507147820399839e-01 -4.4953359021766238e-17 5.2585420746890329e-16 1.0184008407453075e+03 4 8 8
9.8999999999999999e-01 2.2043921473921273e+00 0.0000000000000000e+00 1.0000000000000000e+00 3.6450000000000000e+03 3.1879136154168944e-02 1.3589770088519174e-01 0.0000000000000000e+00 -1.9843926873811175e-03 3.3863528841550077e-02 -8.4592757646983641e-03 1.4435697664989011e-01 0.0000000000000000e+00 0.0000000000000000e+00 0.0000000000000000e+00 5 0 0
9.9943765867480960e-01 1.8964856545090143e+00 0.0000000000000000e+00 1.0000000000000000e+00 3.6730000000000000e+03 4.8061636697761610e-02 1.7355749080882502e-01 0.0000000000000000e+00 -3.9531986908726072e-03 5.2014835388634190e-02 -1.4275569718343262e-02 1.8783306052716842e-01 0.0000000000000000e+00 0.0000000000000000e+00 0.0000000000000000e+00 5 0 1
9.9996837722339826e-01 1.8023271418454110e+00 0.0000000000000000e+00 1.0000000000000000e+00 3.6650000000000000e+03 5.4578921978762907e-02 1.8663844121494702e-01 0.0000000000000000e+00 -4.8387450248025422e-03 5.9417667003565412e-02 -1.6546604368938071e-02 2.0318504558388509e-01 0.0000000000000000e+00 0.0000000000000000e+00 0.0000000000000000e+00 5 0 2
9.9999822172058994e-01 1.7694513173199555e+00 0.0000000000000000e+00 1.0000000000000000e+00 3.6750000000000000e+03 5.7031441668327305e-02 1.9126835260114133e-01 0.0000000000000000e+00 -5.1850910832657512e-03 6.2216532751593112e-02 -1.7389422405814359e-02 2.0865777500695579e-01 0.0000000000000000e+00 0.0000000000000000e+00 0.0000000000000000e+00 5 0 3
9.9999990000000005e-01 1.7573098685704158e+00 0.0000000000000000e+00 1.0000000000000000e+00 3.6490000000000000e+03 5.7957117935085678e-02 1.9297126717924232e-01 0.0000000000000000e+00 -5.3181342718241799e-03 6.3275252206909771e-02 -1.7707007284466923e-02 2.1067827446370946e-01 0.0000000000000000e+00 0.0000000000000000e+00 0.0000000000000000e+00 5 0 4
9.9999999437658671e-01 1.7527240296189370e+00 0.0000000000000000e+00 1.0000000000000000e+00 3.6590000000000000e+03 5.8309229334725030e-02 1.9361228714209655e-01 0.0000000000000000e+00 -5.3691232110083037e-03 6.3678352545733244e-02 -1.7827850525404938e-02 2.1144013766750153e-01 0.0000000000000000e+00 0.0000000000000000e+00 0.0000000000000000e+00 5 0 5
9.9999999968377229e-01 1.7509767167738945e+00 0.0000000000000000e+00 1.0000000000000000e+00 3.6690000000000000e+03 5.8443728903397912e-02 1.9385614101938017e-01 0.0000000000000000e+00 -5.3886588497457201e-03 6.3832387753143621e-02 -1.7874023945465650e-02 2.1173016496484581e-01 0.0000000000000000e+00 0.0000000000000000e+00 0.0000000000000000e+00 5 0 6
9.9999999998221722e-01 1.7503086954642884e+00 0.0000000000000000e+00 1.0000000000000000e+00 3.6790000000000000e+03 5.8495197801117269e-02 1.9394930851917175e-01 0.0000000000000000e+00 -5.3961433195606123e-03 6.3891341120677736e-02 -1.7891695469728613e-02 2.1184100398890010e-01 0.0000000000000000e+00 0.0000000000000000e+00 0.0000000000000000e+00 5 0 7
9.9999999999900002e-01 1.7500529601337069e+00 0.0000000000000000e+00 1.0000000000000000e+00 3.6620000000000000e+03 5.8514907454206469e-02 1.9398496327803733e-01 0.0000000000000000e+00 -5.3990112960772916e-03 6.3913918750283655e-02 -1.7898464742969935e-02 2.1188342802100701e-01 0.0000000000000000e+00 0.0000000000000000e+00 0.0000000000000000e+00 5 0 8
9.8999999999999999e-01 2.2320551510636033e+00 5.0000000000000003e-02 1.0000000000000000e+00 3.7350000000000000e+03 3.0801674593726600e-02 1.3267639804014958e-01 2.9460078385701184e-16 -1.8864561383290387e-03 3.2688130732055613e-02 -8.1175484008266709e-03 1.4079394644097615e-01 -1.8024578276213816e-17 3.1262536213322559e-16 2.9424613872542977e+01 5 1 0
9.9943765867480960e-01 1.9229902312564140e+00 5.0000000000000003e-02 1.0000000000000000e+00 3.7450000000000000e+03 4.6554498975151654e-02 1.7004467998068321e-01 3.1914318340838617e-16 -3.7594059682057590e-03 5.0313904943357357e-02 -1.3721522455783222e-02 1.8376620243646627e-01 -2.5751598668052754e-17 3.4489478207643780e-16 4.8102882611565292e+01 5 1 1
9.9996837722339826e-01 1.8342103972521484e+00 5.0000000000000003e-02 1.0000000000000000e+00 3.7280000000000000e+03 5.2529091754160762e-02 1.8235326619549388e-01 2.8343391264417344e-16 -4.5505336887288871e-03 5.7079625442889623e-02 -1.5786997998918809e-02 1.9814026419441233e-01 -2.4537924135355358e-17 3.0797183677952822e-16 5.8696568937972188e+01 5 1 2
9.9999822172058994e-01 1.8086819231543747e+00 5.0000000000000003e-02 1.0000000000000000e+00 3.7380000000000000e+03 5.4376491324434652e-02 1.8597035150017369e-01 -5.6096628501281702e-16 -4.8030063860705118e-03 5.9179497710505118e-02 -1.6416548209030966e-02 2.0238689970920473e-01 4.9520640807886040e-17 -6.1048692582069879e-16 6.3612784470431507e+01 5 1 3
9.9999990000000005e-01 1.8020286705630126e+00 5.0000000000000003e-02 1.0000000000000000e+00 3.7480000000000000e+03 5.4866913971369023e-02 1.8691517911094233e-01 -2.6120394483731264e-16 -4.8707230495178243e-03 5.9737637020886671e-02 -1.6583146660935907e-02 2.0349832577187821e-01 2.3174707267677729e-17 -2.8437865210499076e-16 6.4746555523015559e+01 5 1 4
9.9999999437658671e-01 1.8004034980645078e+00 5.0000000000000003e-02 1.0000000000000000e+00 3.7580000000000000e+03 5.4987251008130449e-02 1.8714601147214374e-01 4.2775724423228996e-16 -4.8873861144094286e-03 5.9874637122539875e-02 -1.6623998769084866e-02 2.0377001024122782e-01 -3.7997910108446892e-17 4.6575515434073690e-16 7.4641161029227078e+01 5 1 5
9.9999999968377229e-01 1.8000151608806914e+00 5.0000000000000003e-02 1.0000000000000000e+00 3.7320000000000000e+03 5.5016036906610978e-02 1.8720117007942316e-01 -3.3253607881431286e-16 -4.8913748977312084e-03 5.9907411804342010e-02 -1.6633769578865004e-02 2.0383493965828822e-01 2.9547510356424674e-17 -3.6208358917073764e-16 6.8713358295150101e+01 5 1 6
9.9999999998221722e-01 1.7999229016136529e+00 5.0000000000000003e-02 1.0000000000000000e+00 3.7420000000000000e+03 5.5022877457950016e-02 1.8721427433047583e-01 -3.9618144994546195e-16 -4.8923229360595235e-03 5.9915200394009584e-02 -1.6636091393283158e-02 2.0385036572375975e-01 3.5201928182586108e-17 -4.3138337812804767e-16 7.5422589903697371e+01 5 1 7
9.9999999999900002e-01 1.7999010130757835e+00 5.0000000000000003e-02 1.0000000000000000e+00 3.7520000000000000e+03 5.5024500496699845e-02 1.8721738338095509e-01 5.5755275204294233e-16 -4.8925481948649593e-03 5.9917048691564896e-02 -1.6636643345726482e-02 2.0385402672668165e-01 -4.9544348723715925e-17 6.0709710076665701e-16 7.1443894496187568e+01 5 1 8
9.8999999999999999e-01 2.2655257723122340e+00 1.0000000000000001e-01 1.0000000000000000e+00 3.8340000000000000e+03 2.9856193108833317e-02 1.2930268820455776e-01 1.2810267047933515e-16 -1.8004699714294517e-03 3.1656663080262618e-02 -7.7665115452648838e-03 1.3706919974982265e-01 -7.6976172378270052e-18 1.3580028771716086e-16 4.2950026240199804e+01 5 2 0
9.9943765867480960e-01 1.9594369450586488e+00 1.0000000000000001e-01 1.0000000000000000e+00 3.8080000000000000e+03 4.4922428433823290e-02 1.6566877658098073e-01 -2.4066471401374523e-16 -3.5458814562240272e-03 4.8468309890047329e-02 -1.3038273596084126e-02 1.7870705017706523e-01 1.8945157551398246e-17 -2.5960987156514354e-16 7.8193571610376239e+01 5 2 1
9.9996837722339826e-01 1.8778684747154817e+00 1.0000000000000001e-01 1.0000000000000000e+00 3.8090000000000000e+03 5.0224186339828482e-02 1.7689781792413881e-01 -2.2452322694488480e-16 -4.2244617965739549e-03 5.4448648136402419e-02 -1.4840318298988053e-02 1.9173813622312663e-01 1.8833256731321800e-17 -2.4335648367620691e-16 8.4430933198891580e+01 5 2 2
9.9999822172058994e-01 1.8567087105729090e+00 1.0000000000000001e-01 1.0000000000000000e+00 3.8190000000000000e+03 5.1700709521741391e-02 1.7989765231289170e-01 -1.6985575894559076e-17 -4.4180172223882083e-03 5.6118726744129786e-02 -1.5334078812393105e-02 1.9523173112528533e-01 1.4428556943927733e-18 -1.8428431588951868e-17 1.0288606711104512e+02 5 2 3
9.9999990000000005e-01 1.8515219605631803e+00 1.0000000000000001e-01 1.0000000000000000e+00 3.8290000000000000e+03 5.2068989958300629e-02 1.8063728548521246e-01 5.0372529414343803e-16 -4.4666052658942209e-03 5.6535595224194865e-02 -1.5456700270592361e-02 1.9609398575580511e-01 -4.3090148662288459e-17 5.4681544280572582e-16 9.7522918472066522e+01 5 2 4
9.9999999437658671e-01 1.8502808980561256e+00 1.0000000000000001e-01 1.0000000000000000e+00 3.8390000000000000e+03 5.2157478688933015e-02 1.8081448825094401e-01 2.7486590586974061e-16 -4.4782985295812568e-03 5.6635777218514316e-02 -1.5486132309209645e-02 1.9630062056015374e-01 -2.3531368932372855e-17 2.9839727480211180e-16 1.0002566647157073e+02 5 2 5
9.9999999968377229e-01 1.8499859467243740e+00 1.0000000000000001e-01 1.0000000000000000e+00 3.8130000000000000e+03 5.2178529771553461e-02 1.8085661466618488e-01 -2.2936345228109703e-16 -4.4810813871764095e-03 5.6659611158729951e-02 -1.5493132332966649e-02 1.9634974699915100e-01 1.9645998741296154e-17 -2.4900945102239310e-16 9.6312415063381195e+01 5 2 6
9.9999999998221722e-01 1.8499159659095501e+00 1.0000000000000001e-01 1.0000000000000000e+00 3.8230000000000000e+03 5.2183525555300592e-02 1.8086661030813886e-01 2.8112318521000398e-16 -4.4817418780568148e-03 5.6665267433357425e-02 -1.5494793492827562e-02 1.9636140380096562e-01 -2.4083747096568825e-17 3.0520693230656977e-16 9.9772542458958924e+01 5 2 7
9.9999999999900002e-01 1.8498993690610455e+00 1.0000000000000001e-01 1.0000000000000000e+00 3.8690000000000000e+03 5.2184710299780633e-02 1.8086898049853334e-01 -2.9811318378063610e-16 -4.4818987677985103e-03 5.6666609067579261e-02 -1.5495188272106018e-02 1.9636416877064006e-01 2.5534620782530434e-17 -3.2364780456316536e-16 9.9473542408086360e+01 5 2 8
9.8999999999999999e-01 2.3034788543821554e+00 1.5000000000000002e-01 1.0000000000000000e+00 3.9060000000000000e+03 2.9064623533639172e-02 1.2590011912638183e-01 1.2901079616966068e-16 -1.7284175042298763e-03 3.0793041037869048e-02 -7.4231777883065411e-03 1.3332329691468792e-01 -7.5869447845233806e-18 1.3659774095418407e-16 5.6154881510883570e+01 5 3 0
9.9943765867480960e-01 2.0012049249374355e+00 1.5000000000000002e-01 1.0000000000000000e+00 3.8980000000000000e+03 4.3435977943222459e-02 1.6106663594269940e-01 7.1527955089001074e-17 -3.3494341552406707e-03 4.6785412098462938e-02 -1.2339595071313580e-02 1.7340623101401309e-01 -5.4798810250893749e-18 7.7007836114090496e-17 9.8820784817449749e+01 5 3 1
9.9996837722339826e-01 1.9248152232836016e+00 1.5000000000000002e-01 1.0000000000000000e+00 3.8900000000000000e+03 4.8236474090009855e-02 1.7147520845423328e-01 1.9514317499180174e-16 -3.9419649993108086e-03 5.2178439089320426e-02 -1.3931114946086573e-02 1.8540632340031968e-01 -1.5874483901077047e-17 2.1101765889287802e-16 1.1980791583377868e+02 5 3 2
9.9999822172058994e-01 1.9058748701300698e+00 1.5000000000000002e-01 1.0000000000000000e+00 3.9000000000000000e+03 4.9514013247869526e-02 1.7414900540406217e-01 5.5804406752572776e-16 -4.1025182094716903e-03 5.3616531457341424e-02 -1.4347029671789281e-02 1.8849603507585069e-01 -4.5963323959762396e-17 6.0400739148549076e-16 1.2106191395316273e+02 5 3 3
9.9999990000000005e-01 1.9013168322387177e+00 1.5000000000000002e-01 1.0000000000000000e+00 3.9100000000000000e+03 4.9826791674446293e-02 1.7479762566161688e-01 2.7749099459832931e-17 -4.1419925724669130e-03 5.3968784246913183e-02 -1.4448337801339748e-02 1.8924596346295583e-01 -2.2884683545660590e-18 3.0037567814398952e-17 1.3702002563141286e+02 5 3 4
9.9999999437658671e-01 1.9002318187913305e+00 1.5000000000000002e-01 1.0000000000000000e+00 3.9200000000000000e+03 4.9901553325628567e-02 1.7495231373165535e-01 1.9423608691632780e-16 -4.1514374047018172e-03 5.4052990730330389e-02 -1.4472522356635403e-02 1.8942483608829158e-01 -1.6067727544738910e-17 2.1030381446106755e-16 1.2436680152360350e+02 5 3 5
9.9999999968377229e-01 1.8999742834224536e+00 1.5000000000000002e-01 1.0000000000000000e+00 3.8940000000000000e+03 4.9919315799637189e-02 1.7498904596718701e-01 2.1096361195823734e-16 -4.1536819265443120e-03 5.4072997726181404e-02 -1.4478266597220568e-02 1.8946731256440796e-01 -1.7444320594747183e-17 2.2840793255298505e-16 1.3600455044955015e+02 5 3 6
9.9999999998221722e-01 1.8999131986174314e+00 1.5000000000000002e-01 1.0000000000000000e+00 3.9040000000000000e+03 4.9923529872887451e-02 1.7499775944802889e-01 -7.2230923209856595e-17 -4.1542144558949405e-03 5.4077744328782318e-02 -1.4479629284086698e-02 1.8947738873211489e-01 5.9556870610056799e-18 -7.8186610270862036e-17 1.2169405916240066e+02 5 3 7
9.9999999999900002e-01 1.8998987126854301e+00 1.5000000000000002e-01 1.0000000000000000e+00 3.9140000000000000e+03 4.9924529221764664e-02 1.7499982566679362e-01 -4.4412226109136135e-16 -4.1543408800677299e-03 5.4078870101832391e-02 -1.4479952854368098e-02 1.8947977852116152e-01 3.6737446971697600e-17 -4.8085970806305779e-16 1.3366688342858106e+02 5 3 8
9.8999999999999999e-01 2.3448844397932627e+00 2.0000000000000001e-01 1.0000000000000000e+00 3.9690000000000000e+03 2.8421791097876677e-02 1.2252893470327066e-01 2.5243621502359195e-17 -1.6694736590411017e-03 3.0091264756917823e-02 -7.0963171365289049e-03 1.2962525183979845e-01 -1.4827904762181114e-18 2.6726411978577345e-17 7.4771851944737136e+01 5 4 0
9.9943765867480960e-01 2.0459904160971818e+00 2.0000000000000001e-01 1.0000000000000000e+00 3.9880000000000000e+03 4.2179774992856432e-02 1.5651092242811424e-01 -1.7647278964447341e-16 -3.1811245616006514e-03 4.5360899554456963e-02 -1.1674459675269288e-02 1.6818538210338396e-01 1.3194409331225265e-17 -1.8966719897569902e-16 1.2911095213890076e+02 5 4 1
9.9996837722339826e-01 1.9730950310597808e+00 2.0000000000000001e-01 1.0000000000000000e+00 3.9710000000000000e+03 4.6623926191226100e-02 1.6632325233753847e-01 4.4765335449122206e-16 -3.7101834286706096e-03 5.0334109619896573e-02 -1.3102752986700109e-02 1.7942600532423861e-01 -3.5298656568457462e-17 4.8295201105967993e-16 1.5144004207197577e+02 5 4 2
9.9999822172058994e-01 1.9554270876252520e+00 2.0000000000000001e-01 1.0000000000000000e+00 3.9810000000000000e+03 4.7780825245262497e-02 1.6879980238449457e-01 -3.8542032878346057e-16 -3.8497564098191866e-03 5.1630581655081643e-02 -1.3467246898964861e-02 1.8226704928345960e-01 3.0758112812161012e-17 -4.1617844159562469e-16 1.4157996596116573e+02 5 4 3
9.9999990000000005e-01 1.9512081462190081e+00 2.0000000000000001e-01 1.0000000000000000e+00 3.9910000000000000e+03 4.8061920099316799e-02 1.6939687079735552e-01 2.1501007745002049e-16 -3.8837623007491793e-03 5.1945682400065855e-02 -1.3555308699264320e-02 1.8295217949661824e-01 -1.7196930522897436e-17 2.3220700797291795e-16 1.4445732940919697e+02 5 4 4
9.9999999437658671e-01 1.9502059008055312e+00 2.0000000000000001e-01 1.0000000000000000e+00 4.0010000000000000e+03 4.8128973979512345e-02 1.6953903169160192e-01 -2.3655814288073334e-16 -3.8918793455817910e-03 5.2020853325094048e-02 -1.3576285963745700e-02 1.8311531765534714e-01 1.8951417130720598e-17 -2.5550956001145383e-16 1.4568436631653458e+02 5 4 5
9.9999999968377229e-01 1.9499681291331679e+00 2.0000000000000001e-01 1.0000000000000000e+00 3.9750000000000000e+03 4.8144897486061870e-02 1.6957277607722185e-01 -2.2080778152495654e-16 -3.8938072063540254e-03 5.2038704692416074e-02 -1.3581265815045429e-02 1.8315404189226692e-01 1.7651132084828737e-17 -2.3845891360978494e-16 1.5129603928606957e+02 5 4 6
9.9999999998221722e-01 1.9499117389525034e+00 2.0000000000000001e-01 1.0000000000000000e+00 3.9850000000000000e+03 4.8148674785419593e-02 1.6958077989337081e-01 -1.7711041264526036e-16 -3.8942645385242679e-03 5.2042939323943771e-02 -1.3582447008069470e-02 1.8316322690144055e-01 1.4235929825046938e-17 -1.9134634247030704e-16 1.5218176855146885e+02 5 4 7
9.9999999999900002e-01 1.9498983663559377e+00 2.0000000000000001e-01 1.0000000000000000e+00 3.9770000000000000e+03 4.8149570581607709e-02 1.6958267792703483e-01 1.1807524695328639e-16 -3.8943731210640533e-03 5.2043943702671625e-02 -1.3582727549226369e-02 1.8316540547625970e-01 -9.4908409093339116e-18 1.2756608786261979e-16 1.5311153597384691e+02 5 4 8
9.8999999999999999e-01 2.3889628672456582e+00 2.5000000000000000e-01 1.0000000000000000e+00 4.0590000000000000e+03 2.7903285850143445e-02 1.1919665833292803e-01 2.6466974907918911e-16 -1.6210478314060846e-03 2.9524333681549428e-02 -6.7881798521128031e-03 1.2598483818504080e-01 -1.5072787134224471e-17 2.7974253621341448e-16 9.0252764993347228e+01 5 5 0
9.9943765867480960e-01 2.0926142546588817e+00 2.5000000000000000e-01 1.0000000000000000e+00 4.0600000000000000e+03 4.1149944989310232e-02 1.5208530208613749e-01 3.8974117553849971e-16 -3.0402005693430821e-03 4.4190145558653186e-02 -1.1058772239297071e-02 1.6314407432543498e-01 -2.8361068109762164e-17 4.1810224364826216e-16 1.3150666645262390e+02 5 5 1
9.9996837722339826e-01 2.0220496549183320e+00 2.5000000000000000e-01 1.0000000000000000e+00 4.0520000000000000e+03 4.5340681187523733e-02 1.6146006944438801e-01 -2.2517567762699904e-16 -3.5219189414177985e-03 4.8862600128941898e-02 -1.2358575329891392e-02 1.7381864477427889e-01 1.7246952959297043e-17 -2.4242263058629535e-16 1.5851757190097123e+02 5 5 2
9.9999822172058994e-01 2.0051610532458932e+00 2.5000000000000000e-01 1.0000000000000000e+00 4.0620000000000000e+03 4.6419274272268170e-02 1.6380726968063788e-01 4.1040487469762758e-16 -3.6470807821971330e-03 5.0066355054465266e-02 -1.2686037408983034e-02 1.7649330708961999e-01 -3.1795342421372638e-17 4.4220021711900028e-16 1.6392224289476871e+02 5 5 3
9.9999990000000005e-01 2.0011439604550976e+00 2.5000000000000000e-01 1.0000000000000000e+00 4.0720000000000000e+03 4.6680407696236402e-02 1.6437168961002013e-01 1.6175896903228421e-16 -3.6774331768516899e-03 5.0357840873087895e-02 -1.2764836818306067e-02 1.7713652642832597e-01 -1.2538707347481877e-17 1.7429767637976527e-16 1.7984407051559538e+02 5 5 4
9.9999999437658671e-01 2.0001906170046455e+00 2.5000000000000000e-01 1.0000000000000000e+00 4.0820000000000000e+03 4.6742643032682545e-02 1.6450598770993324e-01 2.4531471763663374e-16 -3.6846695363227234e-03 5.0427312569005053e-02 -1.2783588569189265e-02 1.7728957627912204e-01 -1.9051527122116437e-17 2.6436624475875078e-16 1.7253555677831173e+02 5 5 5
9.9999999968377229e-01 1.9999645012031995e+00 2.5000000000000000e-01 1.0000000000000000e+00 4.0560000000000000e+03 4.6757418957564641e-02 1.6453786043969648e-01 4.1765246535901493e-16 -3.6863877350034428e-03 5.0443806692567768e-02 -1.2788039006976474e-02 1.7732589944667179e-01 -3.2437095812401022e-17 4.5008956117141729e-16 1.8355466185323894e+02 5 5 6
9.9999999998221722e-01 1.9999108783008350e+00 2.5000000000000000e-01 1.0000000000000000e+00 4.0660000000000000e+03 4.6760923859756415e-02 1.6454542005337500e-01 2.1383114653298268e-16 -3.6867953139076105e-03 5.0447719173664182e-02 -1.2789094600407003e-02 1.7733451465378053e-01 -1.6654646316229371e-17 2.3048579284921042e-16 1.9863461482338607e+02 5 5 7
9.9999999999900002e-01 1.9998981619588010e+00 2.5000000000000000e-01 1.0000000000000000e+00 4.0580000000000000e+03 4.6761755175524042e-02 1.6454721320206916e-01 2.9229456757574675e-16 -3.6868919875028810e-03 5.0448647163027022e-02 -1.2789344997371168e-02 1.7733655819943955e-01 -2.2718440457529652e-17 3.1501300803327502e-16 1.9067909609060735e+02 5 5 8
9.8999999999999999e-01 2.4351294447144127e+00 3.0000000000000004e-01 1.0000000000000000e+00 4.1760000000000000e+03 2.7471801456207656e-02 1.1586827102868050e-01 -1.5436754678345928e-16 -1.5796164741496035e-03 2.9051417930357246e-02 -6.4963095699076337e-03 1.2236458059858785e-01 8.6548229515250157e-18 -1.6302236973498511e-16 9.2028893266804516e+01 5 6 0
9.9943765867480960e-01 2.1404310702037250e+00 3.0000000000000004e-01 1.0000000000000000e+00 4.1590000000000000e+03 4.0301973334667673e-02 1.4777248339094393e-01 2.6547992184051316e-16 -2.9210201432375801e-03 4.3222993477905237e-02 -1.0491923656567851e-02 1.5826440704751157e-01 -1.8902112357316301e-17 2.8438203419782709e-16 1.6536789845023304e+02 5 6 1
9.9996837722339826e-01 2.0713955347043704e+00 3.0000000000000004e-01 1.0000000000000000e+00 4.1330000000000000e+03 4.4311460598984512e-02 1.5682109746772968e-01 -7.4177761680541671e-17 -3.3667027445226125e-03 4.7678163343507107e-02 -1.1688527078537113e-02 1.6850962454626606e-01 5.5856071005394767e-18 -7.9763368781081438e-17 1.8222430182527751e+02 5 6 2
9.9999822172058994e-01 2.0549964788040347e+00 3.0000000000000004e-01 1.0000000000000000e+00 4.1430000000000000e+03 4.5337383837246788e-02 1.5907951886396818e-01 1.7149176011868359e-16 -3.4814549325235295e-03 4.8818838769770410e-02 -1.1987854290742662e-02 1.7106737315471066e-01 -1.2966468334716703e-17 1.8445822845339899e-16 1.8319196517299861e+02 5 6 3
9.9999990000000005e-01 2.0511043717669160e+00 3.0000000000000004e-01 1.0000000000000000e+00 4.1530000000000000e+03 4.5585335784528398e-02 1.5962205847674957e-01 2.8354573529432082e-16 -3.5092102562194324e-03 4.9094546040747582e-02 -1.2059734651695892e-02 1.7168179312844373e-01 -2.1422392129892196e-17 3.0496812742420994e-16 1.9713041314482689e+02 5 6 4
9.9999999437658671e-01 2.0501811970155686e+00 3.0000000000000004e-01 1.0000000000000000e+00 4.1630000000000000e+03 4.5644403772625450e-02 1.5975111777910017e-01 2.0776464997615545e-16 -3.5158231267656760e-03 4.9160226899390924e-02 -1.2076831044264288e-02 1.7182794882336389e-01 -1.5749984561356969e-17 2.2351463453751142e-16 1.9506653008144349e+02 5 6 5
9.9999999968377229e-01 2.0499622655521437e+00 3.0000000000000004e-01 1.0000000000000000e+00 4.1370000000000000e+03 4.5658426235469972e-02 1.5978174534194434e-01 -2.3821251441583363e-16 -3.5173930385607520e-03 4.9175819274030468e-02 -1.2080888104829185e-02 1.7186263344677258e-01 1.7996454037048815e-17 -2.5620896845288320e-16 2.1215504271630198e+02 5 6 6
9.9999999998221722e-01 2.0499103479838583e+00 3.0000000000000004e-01 1.0000000000000000e+00 4.1470000000000000e+03 4.5661752337920816e-02 1.5978900953447250e-01 -1.5206009573183423e-16 -3.5177654203014507e-03 4.9179517758222109e-02 -1.2081850343693806e-02 1.7187085987816547e-01 1.1511939578285155e-17 -1.6357203531011889e-16 2.2759120272379369e+02 5 6 7
9.9999999999900002e-01 2.0498980360118146e+00 3.0000000000000004e-01 1.0000000000000000e+00 4.1390000000000000e+03 4.5662541149367762e-02 1.5979073219910439e-01 1.9768159182792546e-16 -3.5178536990907901e-03 4.9180394848458292e-02 -1.2082078430417625e-02 1.7187281062952092e-01 -1.4976042528373964e-17 2.1265763435629970e-16 2.2362201074697077e+02 5 6 8
9.8999999999999999e-01 2.4829454117320839e+00 3.5000000000000003e-01 1.0000000000000000e+00 4.2570000000000000e+03 2.7081521503235041e-02 1.1247412668033072e-01 2.3771611874430921e-16 -1.5413360164806661e-03 2.8622857519715796e-02 -6.2151607420727860e-03 1.1868928742240402e-01 -1.3115938421518865e-17 2.5083205716582792e-16 1.0985754055529833e+02 5 7 0
9.9943765867480960e-01 2.1890631717526121e+00 3.5000000000000003e-01 1.0000000000000000e+00 4.2220000000000000e+03 3.9571831779911811e-02 1.4349388106716682e-01 1.0437283814588566e-16 -2.8161196531382221e-03 4.2387951433049992e-02 -9.9646384020245903e-03 1.5345851946918956e-01 -7.2630867673976981e-18 1.1163592491328286e-16 2.0011322792805731e+02 5 7 1
9.9996837722339826e-01 2.1209897434745821e+00 3.5000000000000003e-01 1.0000000000000000e+00 4.2320000000000000e+03 4.3450749752605440e-02 1.5229563489079190e-01 4.8336839037237872e-17 -3.2333871364629320e-03 4.6684136889068355e-02 -1.1076188938373106e-02 1.6337182382916368e-01 -3.4829036552209348e-18 5.1819742692458654e-17 2.3374976110924035e+02 5 7 2
9.9999822172058994e-01 2.1048948526603155e+00 3.5000000000000003e-01 1.0000000000000000e+00 4.2420000000000000e+03 4.4440555928698250e-02 1.5449150706448220e-01 -2.8429983088707960e-16 -3.3402584327738610e-03 4.7780814361471864e-02 -1.1353234959081726e-02 1.6584474202356309e-01 2.0909082932935578e-17 -3.0520891382001390e-16 2.3847658239305019e+02 5 7 3
9.9999990000000005e-01 2.1010799557338622e+00 3.5000000000000003e-01 1.0000000000000000e+00 4.2160000000000000e+03 4.4679595005727317e-02 1.5501894230256452e-01 2.8528982141701219e-16 -3.3660707457015705e-03 4.8045665751428906e-02 -1.1419699301948610e-02 1.6643864160451133e-01 -2.1032878807789721e-17 3.0632270022479920e-16 2.4740306617971510e+02 5 7 4
9.9999999437658671e-01 2.1001753890703148e+00 3.5000000000000003e-01 1.0000000000000000e+00 4.2260000000000000e+03 4.4736528235789774e-02 1.5514440296123980e-01 -1.0334693298557442e-16 -3.3722185250990278e-03 4.8108746760888499e-02 -1.1435503693324958e-02 1.6657990665456268e-01 7.6175756991092588e-18 -1.1096450868468371e-16 2.5454396933130920e+02 5 7 5
9.9999999968377229e-01 2.0999608872644391e+00 3.5000000000000003e-01 1.0000000000000000e+00 4.2360000000000000e+03 4.4750043238638043e-02 1.5517417582764248e-01 1.9873011342602912e-17 -3.3736778999816468e-03 4.8123721138619249e-02 -1.1439253935605785e-02 1.6661342976324758e-01 -1.4982139528914681e-18 2.1371225295494178e-17 2.5610099284444004e+02 5 7 6
9.9999999998221722e-01 2.0999100212169068e+00 3.5000000000000003e-01 1.0000000000000000e+00 4.2460000000000000e+03 4.4753248938625374e-02 1.5518123730987923e-01 -4.7246297394381094e-16 -3.3740240559639824e-03 4.8127272994589076e-02 -1.1440143392683299e-02 1.6662138070256247e-01 3.4813925840282928e-17 -5.0727689978409330e-16 2.5529444581270218e+02 5 7 7
9.9999999999900002e-01 2.0998979587012041e+00 3.5000000000000003e-01 1.0000000000000000e+00 4.2290000000000000e+03 4.4754009210937862e-02 1.5518291194163883e-01 5.3685653649321889e-17 -3.3741060903052233e-03 4.8128115301243002e-02 -1.1440354184159384e-02 1.6662326612579800e-01 -3.8747965060875261e-18 5.7560450155408813e-17 2.5726585716474801e+02 5 7 8
9.8999999999999999e-01 2.5320794449363904e+00 4.0000000000000002e-01 1.0000000000000000e+00 4.2930000000000000e+03 2.6680670207889657e-02 1.0891505592065179e-01 9.6736002249155273e-17 -1.5022345349428464e-03 2.8182904742832575e-02 -5.9369692533001823e-03 1.1485202517395246e-01 -5.2730879692043884e-18 1.0200909021836010e-16 1.5403002246003598e+02 5 8 0
9.9943765867480960e-01 2.2382763012578351e+00 4.0000000000000002e-01 1.0000000000000000e+00 4.3120000000000000e+03 3.8883830467767611e-02 1.3912490954680556e-01 -3.5882036828540228e-17 -2.7184607146618508e-03 4.1602291182429453e-02 -9.4645062972054002e-03 1.4858941584400986e-01 2.3922265169729683e-18 -3.8274263345513223e-17 2.4035344948247075e+02 5 8 1
9.9996837722339826e-01 2.1707520604326151e+00 4.0000000000000002e-01 1.0000000000000000e+00 4.3220000000000000e+03 4.2666982945718884e-02 1.4773579271062967e-01 2.5295751243422160e-16 -3.1123205271727356e-03 4.5779303472891365e-02 -1.0503946698172071e-02 1.5823973940880201e-01 -1.7967683576137479e-17 2.7092519601035646e-16 2.6315065854229033e+02 5 8 2
9.9999822172058994e-01 2.1548352082689739e+00 4.0000000000000002e-01 1.0000000000000000e+00 4.2960000000000000e+03 4.3631730047513695e-02 1.4988700834823937e-01 2.2875418009426602e-16 -3.2128290398606182e-03 4.6844559087374206e-02 -1.0762510374638516e-02 1.6064951872287708e-01 -1.6478718249371396e-17 2.4523289834363686e-16 2.5700589056406170e+02 5 8 3
9.9999990000000005e-01 2.1510656210093515e+00 4.0000000000000002e-01 1.0000000000000000e+00 4.3060000000000000e+03 4.3864675514535344e-02 1.5040389725025402e-01 -5.3851861341562669e-16 -3.2370831962305773e-03 4.7101758710765662e-02 -1.0824512714538650e-02 1.6122840996479165e-01 3.8703588458247701e-17 -5.7722220187387414e-16 2.6738208485674113e+02 5 8 4
9.9999999437658671e-01 2.1501719789566822e+00 4.0000000000000002e-01 1.0000000000000000e+00 4.3160000000000000e+03 4.3920154523401950e-02 1.5052685743252331e-01 3.6766044248132146e-16 -3.2428586559429093e-03 4.7163013179344848e-02 -1.0839254535702314e-02 1.6136611196822603e-01 -2.6474777901680847e-17 3.9413522038300302e-16 2.8002237514127046e+02 5 8 5
9.9999999968377229e-01 2.1499600779653547e+00 4.0000000000000002e-01 1.0000000000000000e+00 4.3260000000000000e+03 4.3933324218169242e-02 1.5055603784942143e-01 2.1033609327918510e-16 -3.2442295809601267e-03 4.7177553799129218e-02 -1.0842752553348038e-02 1.6139879040276925e-01 -1.5165811917638762e-17 2.2550190519682259e-16 2.8089881591405720e+02 5 8 6
9.9999999998221722e-01 2.1499098291131231e+00 4.0000000000000002e-01 1.0000000000000000e+00 4.3000000000000000e+03 4.3936448013657439e-02 1.5056295887314783e-01 6.1271673193988686e-17 -3.2445547529839354e-03 4.7181002766641431e-02 -1.0843582176695721e-02 1.6140654104984348e-01 -4.3415332480537768e-18 6.5613206442042416e-17 2.7530413489602506e+02 5 8 7
9.9999999999900002e-01 2.1498979134104328e+00 4.0000000000000002e-01 1.0000000000000000e+00 4.3460000000000000e+03 4.3937188848886193e-02 1.5056460029159016e-01 1.2397221301029774e-16 -3.2446317359051272e-03 4.7181820584791347e-02 -1.0843778427830807e-02 1.6140837871942118e-01 -8.9107570156828227e-18 1.3288297002597994e-16 2.8923364444449544e+02 5 8 8
9.8999999999999999e-01 3.2327773480985944e+00 0.0000000000000000e+00 1.0000000000000000e+00 4.3830000000000000e+03 7.8801945352992720e-03 5.3605099858586594e-02 0.0000000000000000e+00 -2.5990433690192886e-04 8.1400988722012020e-03 -1.7680017759585094e-03 5.5373101634545140e-02 0.0000000000000000e+00 0.0000000000000000e+00 0.0000000000000000e+00 6 0 0
9.9943765867480960e-01 2.9248708552154810e+00 0.0000000000000000e+00 1.0000000000000000e+00 4.4290000000000000e+03 1.1500610341994939e-02 6.9022362419394315e-02 0.0000000000000000e+00 -4.7084497316891795e-04 1.1971455315163838e-02 -2.8258354482930542e-03 7.1848197867687327e-02 0.0000000000000000e+00 0.0000000000000000e+00 0.0000000000000000e+00 6 0 1
9.9996837722339826e-01 2.8307123425518776e+00 0.0000000000000000e+00 1.0000000000000000e+00 4.4120000000000000e+03 1.3004478978126444e-02 7.4939128039755262e-02 0.0000000000000000e+00 -5.6529959837239743e-04 1.3569778576498843e-02 -3.2575744906432674e-03 7.8196702530398565e-02 0.0000000000000000e+00 0.0000000000000000e+00 0.0000000000000000e+00 6 0 2
9.9999822172058994e-01 2.7978365180264224e+00 0.0000000000000000e+00 1.0000000000000000e+00 4.3770000000000000e+03 1.3584336637405783e-02 7.7157199882496169e-02 0.0000000000000000e+00 -6.0278800310755603e-04 1.4187124640513334e-02 -3.4237545552627271e-03 8.0580954437758909e-02 0.0000000000000000e+00 0.0000000000000000e+00 0.0000000000000000e+00 6 0 3
9.9999990000000005e-01 2.7856950692768825e+00 0.0000000000000000e+00 1.0000000000000000e+00 4.3870000000000000e+03 1.3806023406124109e-02 7.7996257458084112e-02 0.0000000000000000e+00 -6.1729994672745194e-04 1.4423323352851561e-02 -3.4873970699237466e-03 8.1483654528007848e-02 0.0000000000000000e+00 0.0000000000000000e+00 0.0000000000000000e+00 6 0 4
9.9999999437658671e-01 2.7811092303254039e+00 0.0000000000000000e+00 1.0000000000000000e+00 4.3970000000000000e+03 1.3890824437965072e-02 7.8315922994947107e-02 0.0000000000000000e+00 -6.2287941577566933e-04 1.4513703853740741e-02 -3.5117696994067778e-03 8.1827692694353804e-02 0.0000000000000000e+00 0.0000000000000000e+00 0.0000000000000000e+00 6 0 5
9.9999999968377229e-01 2.7793619174803617e+00 0.0000000000000000e+00 1.0000000000000000e+00 4.4070000000000000e+03 1.3923290371804634e-02 7.8438116968177138e-02 0.0000000000000000e+00 -6.2501977734443067e-04 1.4548310149149059e-02 -3.5211055069314197e-03 8.1959222475108603e-02 0.0000000000000000e+00 0.0000000000000000e+00 0.0000000000000000e+00 6 0 6
9.9999999998221722e-01 2.7786938961707550e+00 0.0000000000000000e+00 1.0000000000000000e+00 4.3810000000000000e+03 1.3935725123058164e-02 7.8484890629583887e-02 0.0000000000000000e+00 -6.2584018271158144e-04 1.4561565305769738e-02 -3.5246819134258415e-03 8.2009572543009640e-02 0.0000000000000000e+00 0.0000000000000000e+00 0.0000000000000000e+00 6 0 7
9.9999999999900002e-01 2.7784381608401736e+00 0.0000000000000000e+00 1.0000000000000000e+00 4.3820000000000000e+03 1.3940488759418737e-02 7.8502805096013706e-02 0.0000000000000000e+00 -6.2615455257909963e-04 1.4566643311997822e-02 -3.5260520380168059e-03 8.2028857134030492e-02 0.0000000000000000e+00 0.0000000000000000e+00 0.0000000000000000e+00 6 0 8
9.8999999999999999e-01 3.2604403517700704e+00 5.0000000000000003e-02 1.0000000000000000e+00 4.4640000000000000e+03 7.6589455026244606e-03 5.2439015539972871e-02 -4.6575201952923413e-17 -2.4982755538184386e-04 7.9087730580063055e-03 -1.7073678778140211e-03 5.4146383417786922e-02 1.5164473035636138e-18 -4.8091649256487055e-17 1.4932376088574529e+01 6 1 0
9.9943765867480960e-01 2.9513754319628811e+00 5.0000000000000003e-02 1.0000000000000000e+00 4.4650000000000000e+03 1.1172724277147482e-02 6.7526818787193660e-02 4.5090804309453276e-17 -4.5190259775829448e-04 1.1624626874905746e-02 -2.7267501128907072e-03 7.0253568900084051e-02 -1.8197854034813917e-18 4.6910589712934668e-17 2.0154591483995318e+01 6 1 1
9.9996837722339826e-01 2.8625955979586153e+00 5.0000000000000003e-02 1.0000000000000000e+00 4.4750000000000000e+03 1.2537264820113627e-02 7.2949473929447103e-02 -1.2958429694522363e-16 -5.3635862091144120e-04 1.3073623441025056e-02 -3.1159165062371237e-03 7.6065390435684013e-02 5.5349795968544478e-18 -1.3511927654207769e-16 1.9552399353124201e+01 6 1 2
9.9999822172058994e-01 2.8370671238608418e+00 5.0000000000000003e-02 1.0000000000000000e+00 4.4850000000000000e+03 1.2966405728283007e-02 7.4613168447970127e-02 1.1092119081034315e-16 -5.6357396334521224e-04 1.3529979691628242e-02 -3.2379215087632862e-03 7.7851089956733316e-02 -4.8143322452977018e-18 1.1573552305564071e-16 2.0593789096921682e+01 6 1 3
9.9999990000000005e-01 2.8304138712694797e+00 5.0000000000000003e-02 1.0000000000000000e+00 4.4590000000000000e+03 1.3081090857363311e-02 7.5054544228064152e-02 -1.1618342605646702e-17 -5.7090448723310077e-04 1.3651995344596400e-02 -3.2705304731113793e-03 7.8325074701175709e-02 5.0706504527040576e-19 -1.2125407650917097e-17 2.0825710155069828e+01 6 1 4
9.9999999437658671e-01 2.8287886987709747e+00 5.0000000000000003e-02 1.0000000000000000e+00 4.4690000000000000e+03 1.3109285405743701e-02 7.5162846457553278e-02 3.3379009093416413e-17 -5.7271048741889055e-04 1.3681995893162610e-02 -3.2785483034817580e-03 7.8441394761035232e-02 -1.4559679255484772e-18 3.4834977018964978e-17 2.0317356436513364e+01 6 1 5
9.9999999968377229e-01 2.8284003615871582e+00 5.0000000000000003e-02 1.0000000000000000e+00 4.4790000000000000e+03 1.3116033089948898e-02 7.5188753931065139e-02 -7.2605717416997552e-17 -5.7314293540012260e-04 1.3689176025348993e-02 -3.2804672515321718e-03 7.8469221182597276e-02 3.1681668126568415e-18 -7.5773884229654215e-17 2.3077554583549500e+01 6 1 6
9.9999999998221722e-01 2.8283081023201198e+00 5.0000000000000003e-02 1.0000000000000000e+00 4.4890000000000000e+03 1.3117636778103047e-02 7.5194910562633929e-02 7.2611897784900495e-17 -5.7324571949591760e-04 1.3690882497598960e-02 -3.2809232858528620e-03 7.8475833848487220e-02 -3.1686174978070188e-18 7.5780515282707597e-17 2.3232231449335814e+01 6 1 7
9.9999999999900002e-01 2.8282862137822504e+00 5.0000000000000003e-02 1.0000000000000000e+00 4.4720000000000000e+03 1.3118017428125439e-02 7.5196372129669745e-02 -1.7279505740773726e-16 -5.7327022861811301e-04 1.3691287656743543e-02 -3.2810321862938598e-03 7.8477404315963603e-02 7.5399380783768802e-18 -1.8033499548611399e-16 2.2404721736907959e+01 6 1 8
9.8999999999999999e-01 3.2939109730187006e+00 1.0000000000000001e-01 1.0000000000000000e+00 4.5540000000000000e+03 7.4745140083948827e-03 5.1175739727868430e-02 0.0000000000000000e+00 -2.4240674822726183e-04 7.7169207566221464e-03 -1.6479502539663018e-03 5.2823689981834725e-02 0.0000000000000000e+00 0.0000000000000000e+00 2.1399985761381686e+01 6 2 0
9.9943765867480960e-01 2.9878221457651160e+00 1.0000000000000001e-01 1.0000000000000000e+00 4.5640000000000000e+03 1.0833799177846258e-02 6.5658825577978266e-02 -1.2625585051555863e-16 -4.3365698675170962e-04 1.1267456164597959e-02 -2.6114424477408872e-03 6.8270268025719352e-02 5.0240184299296980e-18 -1.3127986894548798e-16 2.5267230831086636e+01 6 2 1
9.9996837722339826e-01 2.9062536754219486e+00 1.0000000000000001e-01 1.0000000000000000e+00 4.5650000000000000e+03 1.2033609481749552e-02 7.0462922194525379e-02 4.1979815693882024e-17 -5.0681588582907836e-04 1.2540425367578611e-02 -2.9493933914058641e-03 7.3412315585931406e-02 -1.7599367132810162e-18 4.3739752407162964e-17 2.7276414059102535e+01 6 2 2
9.9999822172058994e-01 2.8850939112793759e+00 1.0000000000000001e-01 1.0000000000000000e+00 4.5390000000000000e+03 1.2371158548369033e-02 7.1785691921518832e-02 2.0891455154617054e-17 -5.2780115028977189e-04 1.2898959698658848e-02 -3.0439778480822618e-03 7.4829669769601065e-02 -8.8301612577566873e-19 2.1774471280392727e-17 2.7493217311799526e+01 6 2 3
9.9999990000000005e-01 2.8799071612696472e+00 1.0000000000000001e-01 1.0000000000000000e+00 4.5490000000000000e+03 1.2455645920320047e-02 7.2114887862600133e-02 1.8662124346104058e-16 -5.3308219908618356e-04 1.2988728119406249e-02 -3.0676294687947405e-03 7.5182517331394791e-02 -7.9370708288816339e-18 1.9455831428992247e-16 2.9137887608259916e+01 6 2 4
9.9999999437658671e-01 2.8786660987625927e+00 1.0000000000000001e-01 1.0000000000000000e+00 4.5590000000000000e+03 1.2475964937338638e-02 7.2193947143703335e-02 -3.2614597084118405e-16 -5.3435400835333562e-04 1.3010318945691979e-02 -3.0733165227043867e-03 7.5267263666407694e-02 1.3885567911219184e-17 -3.4003153875240301e-16 3.0276719726622105e+01 6 2 5
9.9999999968377229e-01 2.8783711474308409e+00 1.0000000000000001e-01 1.0000000000000000e+00 4.5690000000000000e+03 1.2480799842775708e-02 7.2212752923756049e-02 -3.2068904387008623e-17 -5.3465673434727114e-04 1.3015456577122985e-02 -3.0746696967796760e-03 7.5287422620535852e-02 1.3654276361928179e-18 -3.3434332023201497e-17 3.0716500034555793e+01 6 2 6
9.9999999998221722e-01 2.8783011666160170e+00 1.0000000000000001e-01 1.0000000000000000e+00 4.5430000000000000e+03 1.2481947293960403e-02 7.2217215634373569e-02 -5.5430981111650027e-18 -5.3472858943513551e-04 1.3016675883395541e-02 -3.0749908625434057e-03 7.5292206496916675e-02 2.3746719676648787e-19 -5.7805653079314915e-18 2.8009787399321795e+01 6 2 7
9.9999999999900002e-01 2.8782845697675121e+00 1.0000000000000001e-01 1.0000000000000000e+00 4.5620000000000000e+03 1.2482219488359394e-02 7.2218274347665354e-02 -1.9797135734049932e-16 -5.3474565267162973e-04 1.3016965141031032e-02 -3.0750671646566472e-03 7.5293341512321851e-02 8.4310996586951629e-18 -2.0640245699919502e-16 3.0936975525692105e+01 6 2 8
9.8999999999999999e-01 3.3318640550886220e+00 1.5000000000000002e-01 1.0000000000000000e+00 4.6260000000000000e+03 7.3298738301888497e-03 4.9862900658269024e-02 -4.4287152308325716e-17 -2.3753998938298550e-04 7.5674138195718334e-03 -1.5919113854268383e-03 5.1454812043695869e-02 1.4139013386110462e-18 -4.5701053646936768e-17 3.0144951234571636e+01 6 3 0
9.9943765867480960e-01 3.0295901256439026e+00 1.5000000000000002e-01 1.0000000000000000e+00 4.6180000000000000e+03 1.0540499063773284e-02 6.3689998554274596e-02 2.2159140716589927e-16 -4.1914111721516009e-04 1.0959640180988463e-02 -2.4985003422664121e-03 6.6188498896541062e-02 -8.6903202948978339e-18 2.3028172746079623e-16 3.4316375115886331e+01 6 3 1
9.9996837722339826e-01 2.9532004239900687e+00 1.5000000000000002e-01 1.0000000000000000e+00 4.6190000000000000e+03 1.1620099047620586e-02 6.8023048298430894e-02 -2.0113739118422572e-16 -4.8417976929502352e-04 1.2104278816915618e-02 -2.7973423394614255e-03 7.0820390637892264e-02 8.2658488221376320e-18 -2.0940324000636339e-16 3.6667059033177793e+01 6 3 2
9.9999822172058994e-01 2.9342600708365367e+00 1.5000000000000002e-01 1.0000000000000000e+00 4.6290000000000000e+03 1.1908886410048766e-02 6.9159967366912448e-02 -6.6714998478488747e-17 -5.0185139421764745e-04 1.2410737804266386e-02 -2.8767287791207456e-03 7.2036696146033002e-02 2.7779152100655979e-18 -6.9492913688554442e-17 4.0264269583858550e+01 6 3 3
9.9999990000000005e-01 2.9297020329451846e+00 1.5000000000000002e-01 1.0000000000000000e+00 4.6390000000000000e+03 1.1979708551616536e-02 6.9437425227785385e-02 4.1476529913272602e-17 -5.0620261267645143e-04 1.2485911164292969e-02 -2.8961657972748976e-03 7.2333591025059943e-02 -1.7357542170816276e-18 4.3212284130354289e-17 4.0608321172185242e+01 6 3 4
9.9999999437658671e-01 2.9286170194977972e+00 1.5000000000000002e-01 1.0000000000000000e+00 4.6490000000000000e+03 1.1996644093157333e-02 6.9503694664082682e-02 4.6848581433580261e-17 -5.0724412929528001e-04 1.2503888222452597e-02 -2.9008119613743149e-03 7.2404506625456722e-02 -1.9640042255897928e-18 4.8812585659170208e-17 3.6955548360943794e+01 6 3 5
9.9999999968377229e-01 2.9283594841289204e+00 1.5000000000000002e-01 1.0000000000000000e+00 4.6230000000000000e+03 1.2000668208184967e-02 6.9519436743890231e-02 1.4370542413958680e-16 -5.0749166565471028e-04 1.2508159873839677e-02 -2.9019158537891008e-03 7.2421352597678873e-02 -5.9928044471906661e-18 1.4969822858677733e-16 3.6849965346977115e+01 6 3 6
9.9999999998221722e-01 2.9282983993238982e+00 1.5000000000000002e-01 1.0000000000000000e+00 4.6330000000000000e+03 1.2001622932409362e-02 6.9523171315715129e-02 1.8524694129519738e-16 -5.0755039355053369e-04 1.2509173325959874e-02 -2.9021777263848279e-03 7.2425349042099477e-02 -7.7329548801281088e-18 1.9297989617532556e-16 3.6803253351710737e+01 6 3 7
9.9999999999900002e-01 2.9282839133918968e+00 1.5000000000000002e-01 1.0000000000000000e+00 4.6250000000000000e+03 1.2001849388750020e-02 6.9524057148581536e-02 -1.4904452621163069e-16 -5.0756430489671297e-04 1.2509413693646743e-02 -2.9022397214484891e-03 7.2426296870029869e-02 6.2188628923579585e-18 -1.5526338910398843e-16 4.1000978008843958e+01 6 3 8
9.8999999999999999e-01 3.3732696404997293e+00 2.0000000000000001e-01 1.0000000000000000e+00 4.7250000000000000e+03 7.2213248991429427e-03 4.8521851654449402e-02 -4.3096061523372777e-17 -2.3479818177998089e-04 7.4561230809229093e-03 -1.5398144124972686e-03 5.0061666066946675e-02 1.3676299315233008e-18 -4.4463691454896082e-17 3.3067426480352879e+01 6 4 0
9.9943765867480960e-01 3.0743756168036489e+00 2.0000000000000001e-01 1.0000000000000000e+00 4.7170000000000000e+03 1.0306248264096454e-02 6.1725320888678804e-02 5.0246204314268664e-17 -4.0871566367439488e-04 1.0714963927770894e-02 -2.3942691309877515e-03 6.4119590019666370e-02 -1.9450319569629717e-18 5.2191236271231547e-17 4.4239510790444911e+01 6 4 1
9.9996837722339826e-01 3.0014802317662479e+00 2.0000000000000001e-01 1.0000000000000000e+00 4.7000000000000000e+03 1.1302017571243217e-02 6.5709796711070939e-02 -8.2523931049557953e-17 -4.6817297262793245e-04 1.1770190543871186e-02 -2.6640684385317837e-03 6.8373865149602767e-02 3.3413415780747092e-18 -8.5865272627632854e-17 4.7558622252196074e+01 6 4 2
9.9999822172058994e-01 2.9838122883317189e+00 2.0000000000000001e-01 1.0000000000000000e+00 4.7100000000000000e+03 1.1561558237713401e-02 6.6730123593042881e-02 1.0826778491368252e-16 -4.8386847522846008e-04 1.2045426712941839e-02 -2.7338058360219372e-03 6.9463929429064666e-02 -4.4264531567387734e-18 1.1269423807042077e-16 4.5021489839069545e+01 6 4 3
9.9999990000000005e-01 2.9795933469254750e+00 2.0000000000000001e-01 1.0000000000000000e+00 4.7200000000000000e+03 1.1624647019555472e-02 6.6977061610809879e-02 -5.4325200427946762e-17 -4.8769548093794795e-04 1.2112342500493409e-02 -2.7507219198727429e-03 6.9727783530682583e-02 2.2265515470498819e-18 -5.6551751974996447e-17 4.4771832667291164e+01 6 4 4
9.9999999437658671e-01 2.9785911015119981e+00 2.0000000000000001e-01 1.0000000000000000e+00 4.7300000000000000e+03 1.1639698248618479e-02 6.7035912402472947e-02 3.4938989768514312e-17 -4.8860917158741776e-04 1.2128307420205865e-02 -2.7547555962237047e-03 6.9790667998696695e-02 -1.4403432969927768e-18 3.6379333065507052e-17 4.4233152191154659e+01 6 4 5
9.9999999968377229e-01 2.9783533298396350e+00 2.0000000000000001e-01 1.0000000000000000e+00 4.7040000000000000e+03 1.1643272601757780e-02 6.7049884752504757e-02 6.9893564140122409e-17 -4.8882619208356611e-04 1.2132098793841316e-02 -2.7557133954211350e-03 6.9805598147926085e-02 -2.8817300434844188e-18 7.2775294183606597e-17 4.4683113137260079e+01 6 4 6
9.9999999998221722e-01 2.9782969396589705e+00 2.0000000000000001e-01 1.0000000000000000e+00 4.7140000000000000e+03 1.1644120508755325e-02 6.7053199086576420e-02 1.6832355664939448e-16 -4.8887767355674692e-04 1.2132998182312090e-02 -2.7559405853790579e-03 6.9809139671955414e-02 -6.9090902622019428e-18 1.7523264691159618e-16 4.5039201950654387e+01 6 4 7
9.9999999999900002e-01 2.9782835670624044e+00 2.0000000000000001e-01 1.0000000000000000e+00 4.7240000000000000e+03 1.1644321565536700e-02 6.7053984940783920e-02 1.2428292232188237e-16 -4.8888985324388326e-04 1.2133211418780586e-02 -2.7559942830072651e-03 6.9809979223791271e-02 -5.1127400025987454e-18 1.2939566232448102e-16 4.4974830536171794e+01 6 4 8
9.8999999999999999e-01 3.4173480679521253e+00 2.5000000000000000e-01 1.0000000000000000e+00 4.7880000000000000e+03 7.1403877174024940e-03 4.7152369129106100e-02 -1.2563915009461892e-16 -2.3356355409935575e-04 7.3739512715018576e-03 -1.4910464728667876e-03 4.8643415601972891e-02 3.9729458999108149e-18 -1.2961209599452953e-16 4.1280867233872414e+01 6 5 0
9.9943765867480960e-01 3.1209994553653488e+00 2.5000000000000000e-01 1.0000000000000000e+00 4.8070000000000000e+03 1.0124213754496932e-02 5.9786542742911564e-02 -2.6550558526366592e-17 -4.0160975981452047e-04 1.0525823514311432e-02 -2.2992796321710260e-03 6.2085822375082540e-02 1.0210852750751736e-18 -2.7571643801441743e-17 5.1834255572408438e+01 6 5 1
9.9996837722339826e-01 3.0504348556247991e+00 2.5000000000000000e-01 1.0000000000000000e+00 4.7900000000000000e+03 1.1061252573141250e-02 6.3506607417354755e-02 -8.4607797324693633e-17 -4.5720387577365113e-04 1.1518456448914931e-02 -2.5470226093366869e-03 6.6053630026691443e-02 3.3933157741517218e-18 -8.8001113098845511e-17 5.4542142428457737e+01 6 5 2
9.9999822172058994e-01 3.0335462539523599e+00 2.5000000000000000e-01 1.0000000000000000e+00 4.8000000000000000e+03 1.1301955429494713e-02 6.4446608559679222e-02 -5.7240086945568455e-17 -4.7163366053059241e-04 1.1773589090025302e-02 -2.6100610007815175e-03 6.7056669560460691e-02 2.3181998549950556e-18 -5.9558286800563468e-17 5.0603150406852365e+01 6 5 3
9.9999990000000005e-01 3.0295291611615642e+00 2.5000000000000000e-01 1.0000000000000000e+00 4.8100000000000000e+03 1.1360200962664786e-02 6.4673160869781490e-02 -5.7441305818334501e-17 -4.7513375375530782e-04 1.1835334716420086e-02 -2.6252777361826366e-03 6.7298438605964142e-02 2.3317150309966165e-18 -5.9773020849331131e-17 5.0884864971973002e+01 6 5 4
9.9999999437658671e-01 3.0285758177111126e+00 2.5000000000000000e-01 1.0000000000000000e+00 4.7840000000000000e+03 1.1374080701771989e-02 6.4727095930711923e-02 3.3795711399379826e-17 -4.7596828655810863e-04 1.1850048988330156e-02 -2.6289016921343051e-03 6.7355997622845915e-02 -1.3788392555246953e-18 3.5174550654904491e-17 6.6227102599106729e+01 6 5 5
9.9999999968377229e-01 3.0283497019096663e+00 2.5000000000000000e-01 1.0000000000000000e+00 4.7940000000000000e+03 1.1377375932966406e-02 6.4739897904450588e-02 -5.0525698882381694e-18 -4.7616644199818440e-04 1.1853542374964596e-02 -2.6297619450768835e-03 6.7369659849527294e-02 2.1146037898408940e-19 -5.2640302672222620e-18 1.6407353068329394e+02 6 5 6
9.9999999998221722e-01 3.0282960790073021e+00 2.5000000000000000e-01 1.0000000000000000e+00 4.8040000000000000e+03 1.1378157568435751e-02 6.4742934397017449e-02 5.0529170041161426e-18 -4.7621344672881384e-04 1.1854371015164532e-02 -2.6299659937707317e-03 6.7372900390788054e-02 -2.1148125327777383e-19 5.2643982573939016e-18 2.1797974323388189e+02 6 5 7
9.9999999999900002e-01 3.0282833626652677e+00 2.5000000000000000e-01 1.0000000000000000e+00 4.8140000000000000e+03 1.1378342941063487e-02 6.4743654432278128e-02 1.0490183470634400e-16 -4.7622460820360692e-04 1.1854567549267076e-02 -2.6300144618832772e-03 6.7373668894161548e-02 -4.2488717571513216e-18 1.0915070646349519e-16 2.3145859440881759e+02 6 5 8
9.8999999999999999e-01 3.4635146454208794e+00 3.0000000000000004e-01 1.0000000000000000e+00 4.8600000000000000e+03 7.0753473288056546e-03 4.5737381957325685e-02 -9.8415303665531856e-17 -2.3313026351297748e-04 7.3084775923186246e-03 -1.4442038236332801e-03 4.7181585780959046e-02 3.1032460399831077e-18 -1.0151854970551528e-16 4.5579278699122369e+01 6 6 0
9.9943765867480960e-01 3.1688162709101917e+00 3.0000000000000004e-01 1.0000000000000000e+00 4.8790000000000000e+03 9.9784286735035092e-03 5.7853631345361818e-02 5.5815659367398529e-17 -3.9664835967279452e-04 1.0375077033176300e-02 -2.2114515291177593e-03 6.0065082874479474e-02 -2.1403107810106420e-18 5.7955970148409359e-17 5.3912687037140131e+01 6 6 1
9.9996837722339826e-01 3.0997807354108375e+00 3.0000000000000004e-01 1.0000000000000000e+00 4.8710000000000000e+03 1.0873567967826892e-02 6.1365684488759370e-02 2.7251838336521392e-17 -4.4949669998764751e-04 1.1323064667814525e-02 -2.4418665802329615e-03 6.3807551068992607e-02 -1.0844066001749304e-18 2.8336244936696445e-17 6.2496249203570187e+01 6 6 2
9.9999822172058994e-01 3.0833816795105013e+00 3.0000000000000004e-01 1.0000000000000000e+00 4.8810000000000000e+03 1.1101542740120899e-02 6.2246403704655028e-02 -1.3328470584246438e-16 -4.6307032183604300e-04 1.1564613061956918e-02 -2.4999399838762587e-03 6.4746343688531369e-02 5.3453373272317547e-18 -1.3863004316969603e-16 5.8822238764725626e+01 6 6 3
9.9999990000000005e-01 3.0794895724733831e+00 3.0000000000000004e-01 1.0000000000000000e+00 4.8910000000000000e+03 1.1156569348733266e-02 6.2458191272441933e-02 2.2782496744126380e-17 -4.6635268378514543e-04 1.1622922032518414e-02 -2.5139191195955525e-03 6.4972110392037305e-02 -9.0930216059455534e-19 2.3691798904721036e-17 5.9534902852028608e+01 6 6 4
9.9999999437658671e-01 3.0785663977220357e+00 3.0000000000000004e-01 1.0000000000000000e+00 4.8650000000000000e+03 1.1169673737876551e-02 6.2508582831938761e-02 0.0000000000000000e+00 -4.6713470369031735e-04 1.1636808441566861e-02 -2.5172460037313897e-03 6.5025828835670152e-02 0.0000000000000000e+00 0.0000000000000000e+00 6.5833062797784805e+01 6 6 5
9.9999999968377229e-01 3.0783474662586103e+00 3.0000000000000004e-01 1.0000000000000000e+00 4.8750000000000000e+03 1.1172784417514780e-02 6.2520542095487228e-02 2.2802985134783308e-17 -4.6732035601560921e-04 1.1640104773530400e-02 -2.5180356045922891e-03 6.5038577700079606e-02 -9.1070051436789907e-19 2.3713685649151189e-17 6.1428906809538603e+01 6 6 6
9.9999999998221722e-01 3.0782955486903250e+00 3.0000000000000004e-01 1.0000000000000000e+00 4.8850000000000000e+03 1.1173522250320100e-02 6.2523378605173929e-02 -8.8259914073170275e-17 -4.6736439118539382e-04 1.1640886641505475e-02 -2.5182228782167620e-03 6.5041601483390873e-02 3.5624983078344758e-18 -9.1822412381005143e-17 6.6594784934073687e+01 6 6 7
9.9999999999900002e-01 3.0782832367182817e+00 3.0000000000000004e-01 1.0000000000000000e+00 4.8950000000000000e+03 1.1173697202143378e-02 6.2524051181336512e-02 1.8443955867700604e-16 -4.6737485764035549e-04 1.1641072059783717e-02 -2.5182674331223351e-03 6.5042318614458763e-02 -7.4132354994985452e-18 1.9185279417650402e-16 6.0125784994103014e+01 6 6 8
9.8999999999999999e-01 3.5113306124385506e+00 3.5000000000000003e-01 1.0000000000000000e+00 4.9770000000000000e+03 7.0123374802569206e-03 4.4246815057691548e-02 -1.4785395486638999e-16 -2.3276752029705044e-04 7.2451050005539457e-03 -1.3973865700034631e-03 4.5644201627695100e-02 4.6544057493209929e-18 -1.5250836061571090e-16 5.4327816324308515e+01 6 7 0
9.9943765867480960e-01 3.2174483724590792e+00 3.5000000000000003e-01 1.0000000000000000e+00 4.9510000000000000e+03 9.8486320420325454e-03 5.5883430411294899e-02 6.5704342921887972e-17 -3.9255296477339491e-04 1.0241185006805887e-02 -2.1275340459776296e-03 5.8010964457272357e-02 -2.4857876683208971e-18 6.8190130590208873e-17 6.7226815892383456e+01 6 7 1
9.9996837722339826e-01 3.1493749441810488e+00 3.5000000000000003e-01 1.0000000000000000e+00 4.9520000000000000e+03 1.0712799897570950e-02 5.9224531104119744e-02 6.9388047981718650e-17 -4.4334599523184099e-04 1.1156145892802831e-02 -2.3437644321546531e-03 6.1568295536274582e-02 -2.7287511388253296e-18 7.2116799120544063e-17 6.5314814046956599e+01 6 7 2
9.9999822172058994e-01 3.1332800533667822e+00 3.5000000000000003e-01 1.0000000000000000e+00 4.9620000000000000e+03 1.0931757715548142e-02 6.0058766757665534e-02 1.8670015191786599e-16 -4.5630392421668758e-04 1.1388061639764869e-02 -2.3979413391451900e-03 6.2456708096810712e-02 -7.4542991219745631e-18 1.9415445103984092e-16 6.6862460564821959e+01 6 7 3
9.9999990000000005e-01 3.1294651564403289e+00 3.5000000000000003e-01 1.0000000000000000e+00 4.9720000000000000e+03 1.0984530839983081e-02 6.0259127772484135e-02 1.2126093574831273e-17 -4.5943148064211297e-04 1.1443962320625225e-02 -2.4109607523367530e-03 6.2670088524821088e-02 -4.5859596582894860e-19 1.2584689540660224e-17 6.7397256816737354e+01 6 7 4
9.9999999437658671e-01 3.1285605897767819e+00 3.5000000000000003e-01 1.0000000000000000e+00 4.9460000000000000e+03 1.0997094018640513e-02 6.0306785843041291e-02 5.3563185747266299e-17 -4.6017626968481199e-04 1.1457270288325303e-02 -2.4140579488001936e-03 6.2720843791841660e-02 -2.1441141740298818e-18 5.5707299921296336e-17 6.6033029506914318e+01 6 7 5
9.9999999968377229e-01 3.1283460879709057e+00 3.5000000000000003e-01 1.0000000000000000e+00 4.9560000000000000e+03 1.1000075968977920e-02 6.0318095542882672e-02 -1.2904806190114263e-16 -4.6035306374654341e-04 1.1460429032724484e-02 -2.4147929639269155e-03 6.2732888506809581e-02 5.1574796681777561e-18 -1.3420554156931919e-16 6.7142498400062323e+01 6 7 6
9.9999999998221722e-01 3.1282952219233739e+00 3.5000000000000003e-01 1.0000000000000000e+00 4.9660000000000000e+03 1.1000783252503437e-02 6.0320777944009973e-02 1.3882436221581792e-16 -4.6039499709519502e-04 1.1461178249598650e-02 -2.4149672903068325e-03 6.2735745234317117e-02 -5.5667610293094884e-18 1.4439112324512728e-16 7.5294579929672182e+01 6 7 7
9.9999999999900002e-01 3.1282831594076708e+00 3.5000000000000003e-01 1.0000000000000000e+00 4.9760000000000000e+03 1.1000950972796080e-02 6.0321414101343271e-02 -8.5249671001020118e-17 -4.6040491955319133e-04 1.1461355892349296e-02 -2.4150084880246937e-03 6.2736422589368138e-02 3.4218984906197241e-18 -8.8671569491639699e-17 6.6415313269011676e+01 6 7 8
9.8999999999999999e-01 3.5604646456428570e+00 4.0000000000000002e-01 1.0000000000000000e+00 5.0310000000000000e+03 6.9360284322161755e-03 4.2640433745537769e-02 -6.1604307719208999e-18 -2.3175271656094277e-04 7.1677811487771276e-03 -1.3484017361537887e-03 4.3988835481691427e-02 2.0583776155630919e-19 -6.3662685334772182e-18 6.1415017867460847e+01 6 8 0
9.9943765867480960e-01 3.2666615019643022e+00 4.0000000000000002e-01 1.0000000000000000e+00 5.0770000000000000e+03 9.7123260435931936e-03 5.3818219545069684e-02 1.0960672997790750e-17 -3.8806753806301360e-04 1.0100393581656134e-02 -2.0437793506985443e-03 5.5861998895768400e-02 -3.9061053791900084e-19 1.1351283535709767e-17 7.0148576211184263e+01 6 8 1
9.9996837722339826e-01 3.1991372611390823e+00 4.0000000000000002e-01 1.0000000000000000e+00 5.0420000000000000e+03 1.0552002249836939e-02 5.7011239951686672e-02 -9.6586275669401344e-17 -4.3717933596734330e-04 1.0989181585804267e-02 -2.2478095425904655e-03 5.9259049494277120e-02 3.7987652287772302e-18 -1.0038504089817887e-16 7.6235738976858556e+01 6 8 2
9.9999822172058994e-01 3.1832204089754410e+00 4.0000000000000002e-01 1.0000000000000000e+00 5.0520000000000000e+03 1.0764115638932840e-02 5.7806672500409190e-02 -1.2357636996501179e-16 -4.4965277610069633e-04 1.1213768415033486e-02 -2.2987421861545656e-03 6.0105414686563864e-02 4.9045470594465068e-18 -1.2848091702445848e-16 8.2366488211788237e+01 6 8 3
9.9999990000000005e-01 3.1794508217158186e+00 4.0000000000000002e-01 1.0000000000000000e+00 5.0260000000000000e+03 1.0815196379774383e-02 5.7997589483211057e-02 1.3358343044870378e-16 -4.5265976095359148e-04 1.1267856140727960e-02 -2.3109695987897716e-03 6.0308559082000883e-02 -5.3324046311431338e-18 1.3891583507984710e-16 8.0210455543361604e+01 6 8 4
9.9999999437658671e-01 3.1785571796631489e+00 4.0000000000000002e-01 1.0000000000000000e+00 5.0360000000000000e+03 1.0827354162784320e-02 5.8042993858412405e-02 -1.0310506911965761e-16 -4.5337562520202877e-04 1.1280729787986382e-02 -2.3138776624390912e-03 6.0356871520851542e-02 4.1102724112091437e-18 -1.0721534153086683e-16 9.8392144389450550e+01 6 8 5
9.9999999968377229e-01 3.1783452786718218e+00 4.0000000000000002e-01 1.0000000000000000e+00 5.0460000000000000e+03 1.0830239747533483e-02 5.8053768318638302e-02 -2.5781052101442682e-17 -4.5354554118634603e-04 1.1283785288719841e-02 -2.3145677520098342e-03 6.0368336070648211e-02 1.0278745641344829e-18 -2.6808926665577198e-17 1.1747609663754702e+02 6 8 6
9.9999999998221722e-01 3.1782950298195898e+00 4.0000000000000002e-01 1.0000000000000000e+00 5.0560000000000000e+03 1.0830924173364027e-02 5.8056323775505160e-02 1.7566541210775007e-16 -4.5358584335252220e-04 1.1284510016716520e-02 -2.3147314239364979e-03 6.0371055199441664e-02 -6.9941981647239087e-18 1.8265961027247292e-16 1.1167762711644173e+02 6 8 7
9.9999999999900002e-01 3.1782831141168999e+00 4.0000000000000002e-01 1.0000000000000000e+00 5.0660000000000000e+03 1.0831086454467703e-02 5.8056929704504018e-02 -1.8047719227155598e-16 -4.5359538727396924e-04 1.1284681841741724e-02 -2.3147701249924954e-03 6.0371699829496708e-02 7.1957510505471476e-18 -1.8767294332210396e-16 1.1007505484763533e+02 6 8 8
9.8999999999999999e-01 5.6714629723454939e+00 0.0000000000000000e+00 1.0000000000000000e+00 5.1120000000000000e+03 6.9733921214745363e-04 1.0108974171912524e-02 0.0000000000000000e+00 -7.6315047048195364e-06 7.0497071685227271e-04 -1.1063006727569034e-04 1.0219604239188215e-02 0.0000000000000000e+00 0.0000000000000000e+00 0.0000000000000000e+00 7 0 0
9.9943765867480960e-01 5.3635564794623809e+00 0.0000000000000000e+00 1.0000000000000000e+00 5.1130000000000000e+03 8.9316683476018538e-04 1.1987270361860956e-02 0.0000000000000000e+00 -1.1295169222601751e-05 9.0446200398278760e-04 -1.5159345598703551e-04 1.2138863817847992e-02 0.0000000000000000e+00 0.0000000000000000e+00 0.0000000000000000e+00 7 0 1
9.9996837722339826e-01 5.2693979667987776e+00 0.0000000000000000e+00 1.0000000000000000e+00 5.1050000000000000e+03 9.6684842506992216e-04 1.2661808890993706e-02 0.0000000000000000e+00 -1.2706019216385006e-05 9.7955444428630663e-04 -1.6639752717343030e-04 1.2828206418167142e-02 0.0000000000000000e+00 0.0000000000000000e+00 0.0000000000000000e+00 7 0 2
9.9999822172058994e-01 5.2365221422733219e+00 0.0000000000000000e+00 1.0000000000000000e+00 5.1150000000000000e+03 9.9434615749982840e-04 1.2909563037348399e-02 0.0000000000000000e+00 -1.3239459214434546e-05 1.0075856167142635e-03 -1.7188745792400288e-04 1.3081450495272396e-02 0.0000000000000000e+00 0.0000000000000000e+00 0.0000000000000000e+00 7 0 3
9.9999990000000005e-01 5.2243806935237824e+00 0.0000000000000000e+00 1.0000000000000000e+00 5.1250000000000000e+03 1.0047411342845678e-03 1.3002673319460929e-02 0.0000000000000000e+00 -1.3442500612801721e-05 1.0181836348973697e-03 -1.7396365899697476e-04 1.3176636978457900e-02 0.0000000000000000e+00 0.0000000000000000e+00 0.0000000000000000e+00 7 0 4
9.9999999437658671e-01 5.2197948545723030e+00 0.0000000000000000e+00 1.0000000000000000e+00 5.1350000000000000e+03 1.0087012301559588e-03 1.3038066231498920e-02 0.0000000000000000e+00 -1.3520082521787319e-05 1.0222213126777470e-03 -1.7475514662269179e-04 1.3212821378121617e-02 0.0000000000000000e+00 0.0000000000000000e+00 0.0000000000000000e+00 7 0 5
9.9999999968377229e-01 5.2180475417272607e+00 0.0000000000000000e+00 1.0000000000000000e+00 5.1090000000000000e+03 1.0102150207180068e-03 1.3051584127817867e-02 0.0000000000000000e+00 -1.3549774636437716e-05 1.0237647953544446e-03 -1.7505780448081947e-04 1.3226641932298690e-02 0.0000000000000000e+00 0.0000000000000000e+00 0.0000000000000000e+00 7 0 6
9.9999999998221722e-01 5.2173795204176550e+00 0.0000000000000000e+00 1.0000000000000000e+00 5.1190000000000000e+03 1.0107944766348435e-03 1.3056756892443110e-02 0.0000000000000000e+00 -1.3561145677083380e-05 1.0243556223119266e-03 -1.7517367415596750e-04 1.3231930566599081e-02 0.0000000000000000e+00 0.0000000000000000e+00 0.0000000000000000e+00 7 0 7
9.9999999999900002e-01 5.2171237850870735e+00 0.0000000000000000e+00 1.0000000000000000e+00 5.1110000000000000e+03 1.0110164051812052e-03 1.3058737762942611e-02 0.0000000000000000e+00 -1.3565501581180222e-05 1.0245819067623855e-03 -1.7521805468593318e-04 1.3233955817628543e-02 0.0000000000000000e+00 0.0000000000000000e+00 0.0000000000000000e+00 7 0 8
9.8999999999999999e-01 5.6991259760169699e+00 5.0000000000000003e-02 1.0000000000000000e+00 5.2020000000000000e+03 6.8564464767918395e-04 9.9582556557443799e-03 -2.1502794648570599e-17 -7.4762645487139281e-06 6.9312091222789736e-04 -1.0825681051065036e-04 1.0066512466254991e-02 2.3373815037067587e-19 -2.1736532798941279e-17 7.9013638142496347e+00 7 1 0
9.9943765867480960e-01 5.3900610562097802e+00 5.0000000000000003e-02 1.0000000000000000e+00 5.2300000000000000e+03 8.7812671478208456e-04 1.1808774950459280e-02 -2.5440814487401784e-17 -1.1061962092212628e-05 8.8918867687429713e-04 -1.4832341265734735e-04 1.1957098363116645e-02 3.1951913963648664e-19 -2.5760333627038285e-17 7.5411024559289217e+00 7 1 1
9.9996837722339826e-01 5.3012812222055148e+00 5.0000000000000003e-02 1.0000000000000000e+00 5.1950000000000000e+03 9.4594151348966968e-04 1.2431524977705879e-02 -3.8224860312774994e-17 -1.2354456342296109e-05 9.5829596983196578e-04 -1.6189302569013530e-04 1.2593418003396003e-02 4.9777814025759850e-19 -3.8722638453032582e-17 8.2931216293945909e+00 7 1 2
9.9999822172058994e-01 5.2757527481077409e+00 5.0000000000000003e-02 1.0000000000000000e+00 5.2050000000000000e+03 9.6664684210265534e-04 1.2618989384896993e-02 2.2845105532494325e-17 -1.2753127044045280e-05 9.7939996914669990e-04 -1.6600535881969777e-04 1.2784994743716692e-02 -3.0054828062856994e-19 2.3145653813122915e-17 7.7857930175960064e+00 7 1 3
9.9999990000000005e-01 5.2690994955163788e+00 5.0000000000000003e-02 1.0000000000000000e+00 5.2150000000000000e+03 9.7213460790920576e-04 1.2668471337116715e-02 5.0201668345080670e-17 -1.2859204711470450e-05 9.8499381262067624e-04 -1.6709433722232131e-04 1.2835565674339027e-02 -6.6213249562770680e-19 5.0863800840708340e-17 7.8893411727622151e+00 7 1 4
9.9999999437658671e-01 5.2674743230178738e+00 5.0000000000000003e-02 1.0000000000000000e+00 5.1890000000000000e+03 9.7348088630396488e-04 1.2680597466160275e-02 6.4959412243795571e-18 -1.2885256972654689e-05 9.8636614327661867e-04 -1.6736146211407038e-04 1.2847958928274339e-02 -8.5767826644991226e-20 6.5817090510245484e-18 8.6951610688120127e+00 7 1 5
9.9999999968377229e-01 5.2670859858340577e+00 5.0000000000000003e-02 1.0000000000000000e+00 5.1990000000000000e+03 9.7380291894041352e-04 1.2683497306558579e-02 -5.5461132232406072e-17 -1.2891490447425738e-05 9.8669440938783872e-04 -1.6742535780076907e-04 1.2850922664359330e-02 7.3206800493290263e-19 -5.6193200237338908e-17 8.7771967090666294e+00 7 1 6
9.9999999998221722e-01 5.2669937265670193e+00 5.0000000000000003e-02 1.0000000000000000e+00 5.2090000000000000e+03 9.7387944420740857e-04 1.2684186355248860e-02 -5.0263703311973354e-17 -1.2892972063948535e-05 9.8677241627135475e-04 -1.6744054460802115e-04 1.2851626899856864e-02 6.6350122259006560e-19 -5.0927204534563524e-17 8.2110774368047714e+00 7 1 7
9.9999999999900002e-01 5.2669718380291499e+00 5.0000000000000003e-02 1.0000000000000000e+00 5.2190000000000000e+03 9.7389758695579326e-04 1.2684349654887808e-02 -3.5095389123804406e-17 -1.2893322310609444e-05 9.8679090926639913e-04 -1.6744413022413258e-04 1.2851793785111905e-02 4.6333814486337858e-19 -3.5558727268667741e-17 7.9477541102096438e+00 7 1 8
9.8999999999999999e-01 5.7325965972655997e+00 1.0000000000000001e-01 1.0000000000000000e+00 5.2830000000000000e+03 6.7784141561710539e-04 9.7832093911190080e-03 -2.9810279980768147e-17 -7.4416435376566054e-06 6.8528305915476265e-04 -1.0616626998778158e-04 9.8893756611067585e-03 3.2342155746396828e-19 -3.0133701538232088e-17 9.6216063220053911e+00 7 2 0
9.9943765867480960e-01 5.4265077700120150e+00 1.0000000000000001e-01 1.0000000000000000e+00 5.2660000000000000e+03 8.6493037567323522e-04 1.1573498155762217e-02 4.3714531569775077e-18 -1.0945084026892418e-05 8.7587545970012706e-04 -1.4482026497895258e-04 1.1718318420741166e-02 -5.4591929610289455e-20 4.4260450865877994e-18 1.0308494343422353e+01 7 2 1
9.9996837722339826e-01 5.3449392996688481e+00 1.0000000000000001e-01 1.0000000000000000e+00 5.2850000000000000e+03 9.2572462450874707e-04 1.2130086284522576e-02 1.4927208349409604e-17 -1.2106948284230026e-05 9.3783157279297654e-04 -1.5688948134221089e-04 1.2286975765864804e-02 -1.9288908211742840e-19 1.5120097431527037e-17 1.0469039873220026e+01 7 2 2
9.9999822172058994e-01 5.3237795355262758e+00 1.0000000000000001e-01 1.0000000000000000e+00 5.2950000000000000e+03 9.4237264632908923e-04 1.2280609658670932e-02 3.1048127343206720e-17 -1.2427329430345089e-05 9.5479997575943320e-04 -1.6016426675883040e-04 1.2440773925429766e-02 -4.0468796439778891e-19 3.1452815307604560e-17 1.0313201742246747e+01 7 2 3
9.9999990000000005e-01 5.3185927855165467e+00 1.0000000000000001e-01 1.0000000000000000e+00 5.2690000000000000e+03 9.4651062171671903e-04 1.2317900622436989e-02 -3.9552732743345986e-17 -1.2507141964275878e-05 9.5901776368099534e-04 -1.6097675923523296e-04 1.2478877381672231e-02 5.1707915306818206e-19 -4.0069811896414215e-17 1.1680661559104919e+01 7 2 4
9.9999999437658671e-01 5.3173517230094918e+00 1.0000000000000001e-01 1.0000000000000000e+00 5.2790000000000000e+03 9.4750410267774256e-04 1.2326846543855099e-02 4.6326668450278722e-18 -1.2526315387141858e-05 9.6003041806488562e-04 -1.6117175246005601e-04 1.2488018296315136e-02 -6.0449033194919060e-20 4.6931158782228002e-18 1.0423567824065685e+01 7 2 5
9.9999999968377229e-01 5.3170567716777404e+00 1.0000000000000001e-01 1.0000000000000000e+00 5.2890000000000000e+03 9.4774040506611940e-04 1.2328973946714044e-02 4.8434716109066641e-17 -1.2530876501457047e-05 9.6027128156757726e-04 -1.6121812797222491e-04 1.2490192074686256e-02 -6.3322742549370344e-19 4.9067943534560369e-17 1.0680212591774762e+01 7 2 6
9.9999999998221722e-01 5.3169867908629165e+00 1.0000000000000001e-01 1.0000000000000000e+00 5.2990000000000000e+03 9.4779648182694921e-04 1.2329478777988781e-02 -3.2010518548854447e-17 -1.2531958850403301e-05 9.6032844067735191e-04 -1.6122913188458838e-04 1.2490707909873373e-02 4.1847009129313209e-19 -3.2428988640147570e-17 1.1734231011942029e+01 7 2 7
9.9999999999900002e-01 5.3169701940144121e+00 1.0000000000000001e-01 1.0000000000000000e+00 5.3090000000000000e+03 9.4780978747729494e-04 1.2329598565247912e-02 4.2127053857825555e-18 -1.2532214607243956e-05 9.6034200208453913e-04 -1.6123173123426917e-04 1.2490830296482160e-02 -5.4905008278777080e-20 4.2676103940613297e-18 1.1787681104615331e+01 7 2 8
9.8999999999999999e-01 5.7705496793355220e+00 1.5000000000000002e-01 1.0000000000000000e+00 5.3460000000000000e+03 6.7381902769208851e-04 9.5892628568859592e-03 1.7931659939405325e-17 -7.5160215147902280e-06 6.8133504920687993e-04 -1.0439283079063137e-04 9.6936556876765986e-03 -1.9545227112644885e-19 1.8127112210531735e-17 1.1992670040577650e+01 7 3 0
9.9943765867480960e-01 5.4682757498908021e+00 1.5000000000000002e-01 1.0000000000000000e+00 5.3650000000000000e+03 8.5595349274332684e-04 1.1311768575362926e-02 -1.8953378343776438e-17 -1.0972929617912750e-05 8.6692642236123969e-04 -1.4163567389265892e-04 1.1453404249255578e-02 2.3697661909100953e-19 -1.9190354962867456e-17 1.2280293478630483e+01 7 3 1
9.9996837722339826e-01 5.3918860482369677e+00 1.5000000000000002e-01 1.0000000000000000e+00 5.3750000000000000e+03 9.1180565310653989e-04 1.1817924610515489e-02 3.1084353762083583e-17 -1.2051537971155500e-05 9.2385719107769548e-04 -1.5259792096940908e-04 1.1970522531484860e-02 -4.0125058291331508e-19 3.1485604344996869e-17 1.2340876399539411e+01 7 3 2
9.9999822172058994e-01 5.3729456950834358e+00 1.5000000000000002e-01 1.0000000000000000e+00 5.3490000000000000e+03 9.2637088756526720e-04 1.1948426627979110e-02 3.5908997434733904e-17 -1.2334066307703532e-05 9.3870495387297047e-04 -1.5542624509121074e-04 1.2103852873070298e-02 -4.6672955132514606e-19 3.6375726986059115e-17 1.3758102774620056e+01 7 3 3
9.9999990000000005e-01 5.3683876571920841e+00 1.5000000000000002e-01 1.0000000000000000e+00 5.3590000000000000e+03 9.2992017483058587e-04 1.1980136828845248e-02 1.1466434027763355e-17 -1.2403002528535478e-05 9.4232317735912111e-04 -1.5611379121120635e-04 1.2136250620056452e-02 -1.4967297955669562e-19 1.1616107007320049e-17 1.2448705367743969e+01 7 3 4
9.9999999437658671e-01 5.3673026437446971e+00 1.5000000000000002e-01 1.0000000000000000e+00 5.3690000000000000e+03 9.3076760604514971e-04 1.1987702762848522e-02 -4.6259109627946818e-17 -1.2419467211628024e-05 9.4318707325677744e-04 -1.5627785823420806e-04 1.2143980621082724e-02 6.0255038969952388e-19 -4.6861660017646315e-17 1.3717618401162326e+01 7 3 5
9.9999999968377229e-01 5.3670451083758195e+00 1.5000000000000002e-01 1.0000000000000000e+00 5.3790000000000000e+03 9.3096889368268591e-04 1.1989499579812801e-02 -3.6030552043105485e-17 -1.2423378331663138e-05 9.4339227201434912e-04 -1.5631682347841356e-04 1.2145816403291196e-02 4.6937903757267187e-19 -3.6499931080678108e-17 1.3871626104228199e+01 7 3 6
9.9999999998221722e-01 5.3669840235707973e+00 1.5000000000000002e-01 1.0000000000000000e+00 5.3530000000000000e+03 9.3101664500102894e-04 1.1989925817529432e-02 6.5649600211748082e-18 -1.2424306183452270e-05 9.4344095118448028e-04 -1.5632606699777856e-04 1.2146251884527240e-02 -8.5975220519845073e-20 6.6509352416946612e-18 1.2523305543698370e+01 7 3 7
9.9999999999900002e-01 5.3669695376387967e+00 1.5000000000000002e-01 1.0000000000000000e+00 5.3630000000000000e+03 9.3102796180180017e-04 1.1990026797526114e-02 -4.9111820546895865e-18 -1.2424526259170319e-05 9.4345248806097120e-04 -1.5632825917390791e-04 1.2146355056700035e-02 6.3906095044580234e-20 -4.9750881497341702e-18 1.2495698032900691e+01 7 3 8
9.8999999999999999e-01 5.8119552647466293e+00 2.0000000000000001e-01 1.0000000000000000e+00 5.4810000000000000e+03 6.7297187129652795e-04 9.3781782651374771e-03 4.5812225531577279e-17 -7.6794498812720574e-06 6.8065132117780028e-04 -1.0289180772004859e-04 9.4810700728575146e-03 -5.0262455749484913e-19 4.6314850089072137e-17 1.5487699248827994e+01 7 4 0
9.9943765867480960e-01 5.5130612410505480e+00 2.0000000000000001e-01 1.0000000000000000e+00 5.4460000000000000e+03 8.5133294717446289e-04 1.1034538685221269e-02 1.1342033274900880e-18 -1.1132136441993106e-05 8.6246508361645597e-04 -1.3889188398469399e-04 1.1173430569205936e-02 -1.4830985029403444e-20 1.1490343125194923e-18 1.6489267027005553e+01 7 4 1
9.9996837722339826e-01 5.4401658560131469e+00 2.0000000000000001e-01 1.0000000000000000e+00 5.4380000000000000e+03 9.0392720873484008e-04 1.1503202776059384e-02 3.0650689389391641e-17 -1.2164855669344598e-05 9.1609206440418400e-04 -1.4906808202562593e-04 1.1652270858085042e-02 -3.9719716056374752e-19 3.1047886549955305e-17 1.6390182374045253e+01 7 4 2
9.9999822172058994e-01 5.4224979125786188e+00 2.0000000000000001e-01 1.0000000000000000e+00 5.4480000000000000e+03 9.1730407087172350e-04 1.1621144818283427e-02 -1.0729014879834913e-17 -1.2428174349731889e-05 9.2973224522145345e-04 -1.5162568899420082e-04 1.1772770507277593e-02 1.4018988296366345e-19 -1.0869204762798591e-17 1.7264672971330583e+01 7 4 3
9.9999990000000005e-01 5.4182789711723744e+00 2.0000000000000001e-01 1.0000000000000000e+00 5.4580000000000000e+03 9.2053606425865928e-04 1.1649566734160179e-02 1.6746741058451571e-17 -1.2491836593667439e-05 9.3302790085232688e-04 -1.5224188271674872e-04 1.1801808616876934e-02 -2.1946940173267482e-19 1.6966210460184292e-17 1.7467780270613730e+01 7 4 4
9.9999999437658671e-01 5.4172767257588976e+00 2.0000000000000001e-01 1.0000000000000000e+00 5.4320000000000000e+03 9.2130600877014281e-04 1.1656333346419460e-02 -3.2695279423221514e-17 -1.2507005044068381e-05 9.3381301381421152e-04 -1.5238857747896207e-04 1.1808721923898410e-02 4.2826164172728813e-19 -3.3123541064948725e-17 1.5886518060229719e+01 7 4 5
9.9999999968377229e-01 5.4170389540865340e+00 2.0000000000000001e-01 1.0000000000000000e+00 5.4420000000000000e+03 9.2148879138153369e-04 1.1657939482286566e-02 -2.4658155978091521e-17 -1.2510606132791717e-05 9.3399939751432379e-04 -1.5242339688278369e-04 1.1810362879169313e-02 3.2178045384491856e-19 -2.4979936431936396e-17 1.6325771758332849e+01 7 4 6
9.9999999998221722e-01 5.4169825639058695e+00 2.0000000000000001e-01 1.0000000000000000e+00 5.4520000000000000e+03 9.2153214782984599e-04 1.1658320451162597e-02 2.1118579752723718e-17 -1.2511460307862667e-05 9.3404360813770725e-04 -1.5243165554183622e-04 1.1810752106704412e-02 -2.7632921838503248e-19 2.1394908971108712e-17 1.6171007883735001e+01 7 4 7
9.9999999999900002e-01 5.4169691913093043e+00 2.0000000000000001e-01 1.0000000000000000e+00 5.4620000000000000e+03 9.2154242270708940e-04 1.1658410713444962e-02 -2.9836505272017774e-17 -1.2511663993473395e-05 9.3405408670056364e-04 -1.5243362762095293e-04 1.1810844341065913e-02 3.8949589053829250e-19 -3.0226001162556056e-17 1.5800540848635137e+01 7 4 8
9.8999999999999999e-01 5.8560336921990244e+00 2.5000000000000000e-01 1.0000000000000000e+00 5.5440000000000000e+03 6.7431107140040515e-04 9.1486023469418143e-03 -3.7463523100046391e-17 -7.9064834918735959e-06 6.8221755489227855e-04 -1.0155828529252687e-04 9.2501606322343746e-03 4.1644200004336584e-19 -3.7879965100089771e-17 1.6293781961314380e+01 7 5 0
9.9943765867480960e-01 5.5596850796122483e+00 2.5000000000000000e-01 1.0000000000000000e+00 5.5450000000000000e+03 8.5007641675212474e-04 1.0742702309033595e-02 -4.0156986516179221e-18 -1.1390415219164349e-05 8.6146683197128849e-04 -1.3649875816115669e-04 1.0879201067194760e-02 5.0500904668217222e-20 -4.0661995562861464e-18 1.7417393247596920e+01 7 5 1
9.9996837722339826e-01 5.4891204798716986e+00 2.5000000000000000e-01 1.0000000000000000e+00 5.5370000000000000e+03 9.0055756901322398e-04 1.1182539592677843e-02 -3.9728361374634753e-17 -1.2402401255167081e-05 9.1295997026839132e-04 -1.4610584693873006e-04 1.1328645439616565e-02 5.1907224097195857e-19 -4.0247433615606686e-17 1.7645656782202423e+01 7 5 2
9.9999822172058994e-01 5.4722318781992598e+00 2.5000000000000000e-01 1.0000000000000000e+00 5.5380000000000000e+03 9.1321796126942530e-04 1.1291745030270608e-02 -3.6318445626771844e-17 -1.2656451344865264e-05 9.2587441261429032e-04 -1.4848451312415595e-04 1.1440229543394791e-02 4.7844437118968386e-19 -3.6796889997961442e-17 1.9562100893817842e+01 7 5 3
9.9999990000000005e-01 5.4682147854084633e+00 2.5000000000000000e-01 1.0000000000000000e+00 5.5120000000000000e+03 9.1626353159059463e-04 1.1317951449042787e-02 2.6351608823909410e-17 -1.2717577153694698e-05 9.2898110874428935e-04 -1.4905492779998761e-04 1.1467006376842772e-02 -3.4791164192294839e-19 2.6699520465832328e-17 1.8856336815282702e+01 7 5 4
9.9999999437658671e-01 5.4672614419580121e+00 2.5000000000000000e-01 1.0000000000000000e+00 5.5220000000000000e+03 9.1698825874190570e-04 1.1324183932728125e-02 -2.0523016170794536e-17 -1.2732123370499078e-05 9.2972038211240474e-04 -1.4919056263087936e-04 1.1473374495359005e-02 2.7066987491065212e-19 -2.0793686045705178e-17 2.0056708606891334e+01 7 5 5
9.9999999968377229e-01 5.4670353261565658e+00 2.5000000000000000e-01 1.0000000000000000e+00 5.5320000000000000e+03 9.1716026070915997e-04 1.1325662905164791e-02 1.8489214860394403e-17 -1.2735575715814764e-05 9.2989583642497532e-04 -1.4922274765526562e-04 1.1474885652820076e-02 -2.4244992136504189e-19 1.8731664781759499e-17 1.9054599998518825e+01 7 5 6
9.9999999998221722e-01 5.4669817032542012e+00 2.5000000000000000e-01 1.0000000000000000e+00 5.5420000000000000e+03 9.1720105647849525e-04 1.1326013678610275e-02 -3.0993200976600639e-17 -1.2736394451047088e-05 9.2993745092954342e-04 -1.4923037991163674e-04 1.1475244058521935e-02 4.0894179969971006e-19 -3.1402142776300337e-17 2.0256131998263299e+01 7 5 7
9.9999999999900002e-01 5.4669689869121676e+00 2.5000000000000000e-01 1.0000000000000000e+00 5.5160000000000000e+03 9.1721071122584472e-04 1.1326096619147097e-02 -1.5496715274861750e-17 -1.2736590077336209e-05 9.2994730130318214e-04 -1.4923220508741502e-04 1.1475328824234516e-02 2.0447341834798676e-19 -1.5701188693209740e-17 2.0407608024775982e+01 7 5 8
9.8999999999999999e-01 5.9022002696677793e+00 3.0000000000000004e-01 1.0000000000000000e+00 5.5890000000000000e+03 6.7655838366468581e-04 8.8966636225212906e-03 -3.0045227801908583e-19 -8.1681829962084156e-06 6.8472656666089364e-04 -1.0024417648693907e-04 8.9969077990082434e-03 3.6274019326969123e-21 -3.0407967995178248e-19 1.9363430851139128e+01 7 6 0
9.9943765867480960e-01 5.6075018951570907e+00 3.0000000000000004e-01 1.0000000000000000e+00 5.6170000000000000e+03 8.5060671188107965e-04 1.0431805750791426e-02 -2.9306895289359560e-17 -1.1707164366664634e-05 8.6231387624774718e-04 -1.3426242222408952e-04 1.0566068173015548e-02 3.7854305948101580e-19 -2.9685438348840598e-17 1.9372521199285984e+01 7 6 1
9.9996837722339826e-01 5.5384663596577370e+00 3.0000000000000004e-01 1.0000000000000000e+00 5.6000000000000000e+03 8.9971621163656770e-04 1.0848361087753802e-02 1.2455149003311335e-17 -1.2714334345262917e-05 9.1243054598183135e-04 -1.4344008314471585e-04 1.0991801170898484e-02 -1.6286908608790644e-19 1.2618018089399227e-17 2.1775132865644991e+01 7 6 2
9.9999822172058994e-01 5.5220673037574013e+00 3.0000000000000004e-01 1.0000000000000000e+00 5.6100000000000000e+03 9.1193010857519054e-04 1.0950968909507780e-02 3.2827514946744437e-17 -1.2964767861374526e-05 9.2489487643656351e-04 -1.4569185503764907e-04 1.1096660764545426e-02 -4.3562872495047484e-19 3.3263143671694947e-17 2.2114049007184803e+01 7 6 3
9.9999990000000005e-01 5.5181751967202821e+00 3.0000000000000004e-01 1.0000000000000000e+00 5.6200000000000000e+03 9.1486106933025757e-04 1.0975534703401336e-02 -2.5183142529380047e-17 -1.3024854859345749e-05 9.2788592418960227e-04 -1.4623039587990591e-04 1.1121765099281249e-02 3.3626509981764324e-19 -2.5519407629197675e-17 2.4086801297031343e+01 7 6 4
9.9999999437658671e-01 5.5172520219689352e+00 3.0000000000000004e-01 1.0000000000000000e+00 5.5940000000000000e+03 9.1555809507568725e-04 1.0981373593573400e-02 -4.9580274164411452e-17 -1.3039143834521542e-05 9.2859723891020767e-04 -1.4635836568345912e-04 1.1127731959256872e-02 6.6154279587832517e-19 -5.0241816960289906e-17 2.5381401099264622e+01 7 6 5
9.9999999968377229e-01 5.5170330905055103e+00 3.0000000000000004e-01 1.0000000000000000e+00 5.6040000000000000e+03 9.1572349815901568e-04 1.0982758971720432e-02 2.3979960843886534e-17 -1.3042534549876731e-05 9.2876603270889346e-04 -1.4638872690150807e-04 1.1129147698621942e-02 -3.1925622144054012e-19 2.4299217065327079e-17 2.2742525295354426e+01 7 6 6
9.9999999998221722e-01 5.5169811729372249e+00 3.0000000000000004e-01 1.0000000000000000e+00 5.6140000000000000e+03 9.1576272795074719e-04 1.0983087539187040e-02 -1.5039092347240747e-17 -1.3043338787457822e-05 9.2880606673820460e-04 -1.4639592799590588e-04 1.1129483467182948e-02 2.0083096198283431e-19 -1.5239923309223618e-17 2.3353537048213184e+01 7 6 7
9.9999999999900002e-01 5.5169688609651812e+00 3.0000000000000004e-01 1.0000000000000000e+00 5.6240000000000000e+03 9.1577203823822891e-04 1.0983165531848992e-02 -4.1864125319901451e-17 -1.3043531024744427e-05 9.2881556926297350e-04 -1.4639765442641891e-04 1.1129563186275435e-02 5.5616011117100948e-19 -4.2420285431072498e-17 2.4438332317396998e+01 7 6 8
9.8999999999999999e-01 5.9500162366854505e+00 3.5000000000000003e-01 1.0000000000000000e+00 5.7150000000000000e+03 6.7821707248292011e-04 8.6165030172232863e-03 5.7096251365014801e-17 -8.4333868147662229e-06 6.8665045929768367e-04 -9.8771901946706917e-05 8.7152749191699540e-03 -6.5420786227658337e-19 5.7750459227291273e-17 2.1899242280051112e+01 7 7 0
9.9943765867480960e-01 5.6561339967059787e+00 3.5000000000000003e-01 1.0000000000000000e+00 5.6710000000000000e+03 8.5100859203793094e-04 1.0094253832538390e-02 -2.2035822309376064e-17 -1.2037917479803751e-05 8.6304650951773477e-04 -1.3193590780561062e-04 1.0226189740344010e-02 2.8761065597937643e-19 -2.2323432965355380e-17 2.2930185947567225e+01 7 7 1
9.9996837722339826e-01 5.5880605684279487e+00 3.5000000000000003e-01 1.0000000000000000e+00 5.6720000000000000e+03 8.9918922413812722e-04 1.0490878500904105e-02 -9.3177718881990268e-18 -1.3049162583941900e-05 9.1223838672206865e-04 -1.4076783803521279e-04 1.0631646338939297e-02 1.2502695593071848e-19 -9.4427988441297264e-18 2.2489394997246563e+01 7 7 2
9.9999822172058994e-01 5.5719656776136821e+00 3.5000000000000003e-01 1.0000000000000000e+00 5.6820000000000000e+03 9.1111072950196634e-04 1.0588109361199041e-02 4.6211422312308420e-17 -1.3299075251997239e-05 9.2440980475396448e-04 -1.4292244979007099e-04 1.0731031810989122e-02 -6.2289122633028450e-19 4.6834313538638699e-17 2.3344712079502642e+01 7 7 3
9.9999990000000005e-01 5.5681507806872279e+00 3.5000000000000003e-01 1.0000000000000000e+00 5.6920000000000000e+03 9.1396737038272168e-04 1.0611356168196816e-02 -3.7293227162035055e-17 -1.3358933795531447e-05 9.2732630417825162e-04 -1.4343691846461804e-04 1.0754793086661465e-02 5.0365774392054202e-19 -3.7796884905955614e-17 2.5315695050172508e+01 7 7 4
9.9999999437658671e-01 5.5672462140236814e+00 3.5000000000000003e-01 1.0000000000000000e+00 5.7020000000000000e+03 9.1464647683746640e-04 1.0616879689676820e-02 1.3738340506194467e-17 -1.3373162348499364e-05 9.2801963918596499e-04 -1.4355911896018195e-04 1.0760438808636998e-02 -1.8532029001685317e-19 1.3923660796211274e-17 2.4807266506366432e+01 7 7 5
9.9999999968377229e-01 5.5670317122178057e+00 3.5000000000000003e-01 1.0000000000000000e+00 5.6760000000000000e+03 9.1480761372270483e-04 1.0618190134292943e-02 5.6178827810967413e-17 -1.3376538381838480e-05 9.2818415210454129e-04 -1.4358810860535040e-04 1.0761778242898265e-02 -7.5925077997246170e-19 5.6938078590940011e-17 2.7126224378123879e+01 7 7 6
9.9999999998221722e-01 5.5669808461702734e+00 3.5000000000000003e-01 1.0000000000000000e+00 5.6860000000000000e+03 9.1484583028058903e-04 1.0618500922337055e-02 1.4146685053178474e-17 -1.3377339146312024e-05 9.2822316942690094e-04 -1.4359498445731843e-04 1.0762095906794363e-02 -1.9130694955824767e-19 1.4337992002736755e-17 2.4494656780734658e+01 7 7 7
9.9999999999900002e-01 5.5669687836545698e+00 3.5000000000000003e-01 1.0000000000000000e+00 5.6960000000000000e+03 9.1485488723705433e-04 1.0618574547794841e-02 3.4967628286625045e-18 -1.3377529351643912e-05 9.2823241658869775e-04 -1.4359661632783671e-04 1.0762171164122690e-02 -4.5947258563619142e-20 3.5427100872261285e-18 2.7411529486067593e+01 7 7 8
9.8999999999999999e-01 5.9991502698897570e+00 4.0000000000000002e-01 1.0000000000000000e+00 5.7690000000000000e+03 6.7762386547720816e-04 8.3007229145214533e-03 3.7163540249936650e-17 -8.6694679695413302e-06 6.8629333344674996e-04 -9.6944953540878281e-05 8.3976678680623071e-03 -4.3437209534961056e-19 3.7597912345286291e-17 2.5330501767806709e+01 7 8 0
9.9943765867480960e-01 5.7053471262112012e+00 4.0000000000000002e-01 1.0000000000000000e+00 5.7790000000000000e+03 8.4914622916027935e-04 9.7204251310801012e-03 3.7709667795494866e-19 -1.2336163327445544e-05 8.6148239248772418e-04 -1.2924436397537822e-04 9.8496694950554881e-03 -5.4783570246666100e-21 3.8257503497961495e-19 3.0488460584543645e+01 7 8 1
9.9996837722339826e-01 5.6378228853859813e+00 4.0000000000000002e-01 1.0000000000000000e+00 5.7620000000000000e+03 8.9660422129223547e-04 1.0098849110053364e-02 3.9566764774743848e-17 -1.3354655648006493e-05 9.0995887694024025e-04 -1.3777149052605656e-04 1.0236620600579404e-02 -5.3878417435915118e-19 4.0105548949102921e-17 2.7377810515463352e+01 7 8 2
9.9999822172058994e-01 5.6219060332223405e+00 4.0000000000000002e-01 1.0000000000000000e+00 5.7720000000000000e+03 9.0830966741759509e-04 1.0191349725657411e-02 4.1224979244701856e-18 -1.3605357007897690e-05 9.2191502442549411e-04 -1.3984422754971889e-04 1.0331193953207165e-02 -5.6061320271281831e-20 4.1785592447414614e-18 2.7995354397222400e+01 7 8 3
9.9999990000000005e-01 5.6181364459627181e+00 4.0000000000000002e-01 1.0000000000000000e+00 5.7820000000000000e+03 9.1111207080514045e-04 1.0213447779702298e-02 -4.1225752628604426e-17 -1.3665338540556357e-05 9.2477740934569612e-04 -1.4033864949498272e-04 1.0353786429197260e-02 5.6697454908567630e-19 -4.1792727177690163e-17 2.7991994934156537e+01 7 8 4
9.9999999437658671e-01 5.6172428039100488e+00 4.0000000000000002e-01 1.0000000000000000e+00 5.7560000000000000e+03 9.1177813904456202e-04 1.0218697310216535e-02 1.4018950475899889e-17 -1.3679592474036800e-05 9.2545773151859730e-04 -1.4045605923725593e-04 1.0359153369453812e-02 -1.9320002050884610e-19 1.4212150496408738e-17 3.0859835083596408e+01 7 8 5
9.9999999968377229e-01 5.6170309029187209e+00 4.0000000000000002e-01 1.0000000000000000e+00 5.7660000000000000e+03 9.1193617411299303e-04 1.0219942692338195e-02 -5.4462795299440910e-17 -1.3682974310632260e-05 9.2561914842362596e-04 -1.4048391073700234e-04 1.0360426603075174e-02 7.4864866699010423e-19 -5.5211443966431095e-17 2.8037147646769881e+01 7 8 6
9.9999999998221722e-01 5.6169806540664897e+00 4.0000000000000002e-01 1.0000000000000000e+00 5.7760000000000000e+03 9.1197365526477956e-04 1.0220238053444530e-02 3.5904581873099119e-17 -1.3683776410417577e-05 9.2565743167519665e-04 -1.4049051635594821e-04 1.0360728569800508e-02 -4.9304576174565509e-19 3.6397627634844967e-17 2.8281054803170264e+01 7 8 7
9.9999999999900002e-01 5.6169687383637994e+00 4.0000000000000002e-01 1.0000000000000000e+00 5.7860000000000000e+03 9.1198254687750800e-04 1.0220308087884761e-02 4.0038553671276823e-17 -1.3683964274246157e-05 9.2566651115175386e-04 -1.4049206002760629e-04 1.0360800147912332e-02 -5.4936526958647186e-19 4.0587918940863506e-17 3.1232281326316297e+01 7 8 8
9.8999999999999999e-01 1.1454497938059671e+01 0.0000000000000000e+00 1.0000000000000000e+00 5.8320000000000000e+03 2.5881457509418535e-05 1.0289734803485399e-03 0.0000000000000000e+00 -5.8516026440166939e-08 2.5939973535858706e-05 -2.3264315527977593e-06 1.0312999119013377e-03 0.0000000000000000e+00 0.0000000000000000e+00 0.0000000000000000e+00 8 0 0
9.9943765867480960e-01 1.1146591445176558e+01 0.0000000000000000e+00 1.0000000000000000e+00 5.8330000000000000e+03 2.9443265363324629e-05 1.1251454699772812e-03 0.0000000000000000e+00 -7.2768060426153353e-08 2.9516033423750777e-05 -2.7807599645352170e-06 1.1279262299418165e-03 0.0000000000000000e+00 0.0000000000000000e+00 0.0000000000000000e+00 8 0 1
9.9996837722339826e-01 1.1052432932512955e+01 0.0000000000000000e+00 1.0000000000000000e+00 5.8340000000000000e+03 3.0659388975607840e-05 1.1572080454014648e-03 0.0000000000000000e+00 -7.7410850563942442e-08 3.0736799826171784e-05 -2.9217953151393045e-06 1.1601298407166040e-03 0.0000000000000000e+00 0.0000000000000000e+00 0.0000000000000000e+00 8 0 2
9.9999822172058994e-01 1.1019557107987499e+01 0.0000000000000000e+00 1.0000000000000000e+00 5.8440000000000000e+03 3.1098915325470041e-05 1.1687037541620907e-03 0.0000000000000000e+00 -7.9079488985947158e-08 3.1177994814455974e-05 -2.9718237658084385e-06 1.1716755779278996e-03 0.0000000000000000e+00 0.0000000000000000e+00 0.0000000000000000e+00 8 0 3
9.9999990000000005e-01 1.1007415659237960e+01 0.0000000000000000e+00 1.0000000000000000e+00 5.8540000000000000e+03 3.1263193639157974e-05 1.1729878738817954e-03 0.0000000000000000e+00 -7.9704151987092216e-08 3.1342897791145083e-05 -2.9904815502210724e-06 1.1759783554320163e-03 0.0000000000000000e+00 0.0000000000000000e+00 0.0000000000000000e+00 8 0 4
9.9999999437658671e-01 1.1002829820286481e+01 0.0000000000000000e+00 1.0000000000000000e+00 5.8640000000000000e+03 3.1325515155845115e-05 1.1746113310268946e-03 0.0000000000000000e+00 -7.9941431388922645e-08 3.1405456587234040e-05 -2.9975599973626139e-06 1.1776088910242575e-03 0.0000000000000000e+00 0.0000000000000000e+00 0.0000000000000000e+00 8 0 5
9.9999999968377229e-01 1.1001082507441438e+01 0.0000000000000000e+00 1.0000000000000000e+00 5.8380000000000000e+03 3.1349300472896836e-05 1.1752306715396147e-03 0.0000000000000000e+00 -8.0032044406140174e-08 3.1429332517302985e-05 -3.0002619475810261e-06 1.1782309334871957e-03 0.0000000000000000e+00 0.0000000000000000e+00 0.0000000000000000e+00 8 0 6
9.9999999998221722e-01 1.1000414486131833e+01 0.0000000000000000e+00 1.0000000000000000e+00 5.8480000000000000e+03 3.1358399722034938e-05 1.1754675676263493e-03 0.0000000000000000e+00 -8.0066717051116484e-08 3.1438466439086038e-05 -3.0012956647711086e-06 1.1784688632911202e-03 0.0000000000000000e+00 0.0000000000000000e+00 0.0000000000000000e+00 8 0 7
9.9999999999900002e-01 1.1000158750801251e+01 0.0000000000000000e+00 1.0000000000000000e+00 5.8400000000000000e+03 3.1361884297895794e-05 1.1755582855089422e-03 0.0000000000000000e+00 -8.0080009825419227e-08 3.1441964307721225e-05 -3.0016920590522413e-06 1.1785599775679940e-03 0.0000000000000000e+00 0.0000000000000000e+00 0.0000000000000000e+00 8 0 8
9.8999999999999999e-01 1.1482160941731149e+01 5.0000000000000003e-02 1.0000000000000000e+00 5.9130000000000000e+03 2.5699186980260016e-05 1.0200934096150933e-03 -1.8577008315563016e-18 -5.8289808514301842e-08 2.5757476788774322e-05 -2.3037437075100090e-06 1.0223971533226044e-03 4.1958143910824002e-21 -1.8618966459473840e-18 4.2438194947317243e+00 8 1 0
9.9943765867480960e-01 1.1173096021923959e+01 5.0000000000000003e-02 1.0000000000000000e+00 5.9140000000000000e+03 2.9241966862453588e-05 1.1156111211828811e-03 -9.1294547086164590e-19 -7.2503823676836994e-08 2.9314470686130436e-05 -2.7542572129326170e-06 1.1183653783958137e-03 2.2530828242236314e-21 -9.1519855368587027e-19 4.9907840294763446e+00 8 1 1
9.9996837722339826e-01 1.1084316187919693e+01 5.0000000000000003e-02 1.0000000000000000e+00 5.9240000000000000e+03 3.0376584441294160e-05 1.1454901039546369e-03 -6.1043975418753747e-18 -7.6851458773010736e-08 3.0453435900067165e-05 -2.8856739048926202e-06 1.1483757778595290e-03 1.5377959731704492e-20 -6.1197755016070776e-18 5.0155103700235486e+00 8 1 2
9.9999822172058994e-01 1.1058787713821919e+01 5.0000000000000003e-02 1.0000000000000000e+00 5.9340000000000000e+03 3.0713178375966479e-05 1.1542910356931522e-03 -3.1029279461018283e-18 -7.8131800489513605e-08 3.0791310176455989e-05 -2.9239014316399942e-06 1.1572149371247926e-03 7.8602334378259329e-21 -3.1107881795396562e-18 4.7181717567145824e+00 8 1 3
9.9999990000000005e-01 1.1052134461230557e+01 5.0000000000000003e-02 1.0000000000000000e+00 5.9440000000000000e+03 3.0801666107197238e-05 1.1565999788777383e-03 -1.0819818917192720e-18 -7.8468254903957274e-08 3.0880134362101173e-05 -2.9339162980940668e-06 1.1595338951758336e-03 2.7452287624480745e-21 -1.0847271204817203e-18 4.8186712916940451e+00 8 1 4
9.9999999437658671e-01 1.1050509288732052e+01 5.0000000000000003e-02 1.0000000000000000e+00 5.9180000000000000e+03 3.0823328809353259e-05 1.1571649307148782e-03 4.0836990625071909e-18 -7.8550627543966938e-08 3.0901879436897249e-05 -2.9363663597446940e-06 1.1601012970746242e-03 -1.0362301959996155e-20 4.0940613644671937e-18 5.4679831713438034e+00 8 1 5
9.9999999968377229e-01 1.1050120951548235e+01 5.0000000000000003e-02 1.0000000000000000e+00 5.9280000000000000e+03 3.0828507934409563e-05 1.1572999820374887e-03 1.1100325155417285e-18 -7.8570321725598143e-08 3.0907078256135127e-05 -2.9369520312008012e-06 1.1602369340686879e-03 -2.8178908063637177e-21 1.1128504063480925e-18 4.9498041188344359e+00 8 1 6
9.9999999998221722e-01 1.1050028692281197e+01 5.0000000000000003e-02 1.0000000000000000e+00 5.9380000000000000e+03 3.0829738506098952e-05 1.1573320693080390e-03 6.1675042103177392e-18 -7.8575001536361873e-08 3.0908313507635355e-05 -2.9370911972606519e-06 1.1602691605053000e-03 -1.5651966108588656e-20 6.1831561764263281e-18 4.8482170701026917e+00 8 1 7
9.9999999999900002e-01 1.1050006803743328e+01 5.0000000000000003e-02 1.0000000000000000e+00 5.9300000000000000e+03 3.0830030890380038e-05 1.1573396983732764e-03 6.1675448661443722e-18 -7.8576125465726380e-08 3.0908607015845740e-05 -2.9371247285025397e-06 1.1602768231017786e-03 -1.5652144798941237e-20 6.1831970109433114e-18 5.4361148560419679e+00 8 1 8
9.8999999999999999e-01 1.1515631562979777e+01 1.0000000000000001e-01 1.0000000000000000e+00 6.0210000000000000e+03 2.5677416065973942e-05 1.0082203283698393e-03 6.2455506389040091e-18 -5.9346200266555854e-08 2.5736762266240514e-05 -2.2919950371516078e-06 1.0105123234069899e-03 -1.4197193696036943e-20 6.2597478326000400e-18 6.2452420489862561e+00 8 2 0
9.9943765867480960e-01 1.1209542735726194e+01 1.0000000000000001e-01 1.0000000000000000e+00 5.9950000000000000e+03 2.9170411463771865e-05 1.1014405491412405e-03 -5.8437458280235554e-18 -7.3625732512389137e-08 2.9244037196284230e-05 -2.7348011754048193e-06 1.1041753503166455e-03 1.4508555530238474e-20 -5.8582543835537902e-18 5.9256470240652561e+00 8 2 1
9.9996837722339826e-01 1.1127974265383026e+01 1.0000000000000001e-01 1.0000000000000000e+00 5.9960000000000000e+03 3.0205341282476857e-05 1.1284374681103026e-03 -8.0180304572529523e-18 -7.7663656160409309e-08 3.0283004938637299e-05 -2.8543549531798176e-06 1.1312918230634817e-03 2.0281411772627803e-20 -8.0383118690255750e-18 5.9002629797905684e+00 8 2 2
9.9999822172058994e-01 1.1106814501240454e+01 1.0000000000000001e-01 1.0000000000000000e+00 6.0060000000000000e+03 3.0481513453815535e-05 1.1355962472788259e-03 5.0430604016275042e-18 -7.8730588817784496e-08 3.0560244042633329e-05 -2.8855748072198221e-06 1.1384818220860468e-03 -1.2814526361014987e-20 5.0558749279885165e-18 6.6945578400045633e+00 8 2 3
9.9999990000000005e-01 1.1101627751230724e+01 1.0000000000000001e-01 1.0000000000000000e+00 6.0160000000000000e+03 3.0549699802151599e-05 1.1373608229764405e-03 4.0678509376127872e-18 -7.8993546424896178e-08 3.0628693348576495e-05 -2.8932474869881586e-06 1.1402540704634283e-03 -1.0349040286408178e-20 4.0781999778991916e-18 6.2043745154514909e+00 8 2 4
9.9999999437658671e-01 1.1100386688723670e+01 1.0000000000000001e-01 1.0000000000000000e+00 6.0260000000000000e+03 3.0566043805392072e-05 1.1377836139087269e-03 -1.0105548521621518e-17 -7.9056553304150007e-08 3.0645100358696196e-05 -2.8950846830069694e-06 1.1406786985917339e-03 2.5713517386511704e-20 -1.0131262039008013e-17 6.9844324933364987e+00 8 2 5
9.9999999968377229e-01 1.1100091737391917e+01 1.0000000000000001e-01 1.0000000000000000e+00 6.0000000000000000e+03 3.0569929757546267e-05 1.1378841270234714e-03 -9.0957971316740543e-18 -7.9071532620065458e-08 3.0649001290166308e-05 -2.8955213899853581e-06 1.1407796484134553e-03 2.3145656511285914e-20 -9.1189427881853364e-18 6.1587211219593883e+00 8 2 6
9.9999999998221722e-01 1.1100021756577094e+01 1.0000000000000001e-01 1.0000000000000000e+00 6.0100000000000000e+03 3.0570851851225755e-05 1.1379079773208524e-03 2.0484829890081090e-18 -7.9075086934337288e-08 3.0649926938160090e-05 -2.8956250087390713e-06 1.1408036023295898e-03 -5.2138960743630450e-21 2.0536968850824700e-18 6.9735573381185532e+00 8 2 7
9.9999999999900002e-01 1.1100005159728589e+01 1.0000000000000001e-01 1.0000000000000000e+00 6.0200000000000000e+03 3.0571070865389507e-05 1.1379136464356064e-03 9.1503382290369844e-18 -7.9075929738333030e-08 3.0650146795127838e-05 -2.8956495959000613e-06 1.1408092960315060e-03 -2.3287148407448996e-20 9.1736253774444319e-18 6.4931000526994467e+00 8 2 8
9.8999999999999999e-01 1.1553584645049700e+01 1.5000000000000002e-01 1.0000000000000000e+00 6.1020000000000000e+03 2.5803355302063284e-05 9.9356997468502337e-04 2.2917983335147415e-20 -6.1576157116274445e-08 2.5864931459179544e-05 -2.2903828552774862e-06 9.9586035754029912e-04 -5.4690613918739245e-23 2.2972673949066142e-20 6.6647597821429372e+00 8 3 0
9.9943765867480960e-01 1.1251310715604980e+01 1.5000000000000002e-01 1.0000000000000000e+00 6.0850000000000000e+03 2.9255523161652929e-05 1.0840074872054369e-03 -2.0035364868461073e-18 -7.6142603458558278e-08 2.9331665765111485e-05 -2.7261450902084259e-06 1.0867336322956432e-03 5.0454911278241751e-21 -2.0085819779739313e-18 6.7888574879616499e+00 8 3 1
9.9996837722339826e-01 1.1174921013951145e+01 1.5000000000000002e-01 1.0000000000000000e+00 6.1040000000000000e+03 3.0223311621116337e-05 1.1088056112089528e-03 1.9159470447289019e-18 -8.0034196281834858e-08 3.0303345817398156e-05 -2.8374103574744904e-06 1.1116430215664251e-03 -4.8980840027337892e-21 1.9208451287316340e-18 6.9127974463626742e+00 8 3 2
9.9999822172058994e-01 1.1155980660797614e+01 1.5000000000000002e-01 1.0000000000000000e+00 6.0780000000000000e+03 3.0469707780827934e-05 1.1150826920049996e-03 -9.0920477250346174e-19 -8.1013167144434757e-08 3.0550720947972380e-05 -2.8650810304075693e-06 1.1179477730354076e-03 2.3288407015924634e-21 -9.1153361320505312e-19 7.0139725059270859e+00 8 3 3
9.9999990000000005e-01 1.1151422622906262e+01 1.5000000000000002e-01 1.0000000000000000e+00 6.0880000000000000e+03 3.0529391536603329e-05 1.1166009721303848e-03 8.9527835284908812e-18 -8.1249677892159020e-08 3.0610641214495549e-05 -2.8717476368034556e-06 1.1194727197671884e-03 -2.3027782711014340e-20 8.9758113112018851e-18 7.4898243583738804e+00 8 3 4
9.9999999437658671e-01 1.1150337609458875e+01 1.5000000000000002e-01 1.0000000000000000e+00 6.0980000000000000e+03 3.0543621147954939e-05 1.1169628295112273e-03 7.9907546165587137e-18 -8.1306032071420664e-08 3.0624927180026349e-05 -2.8733350709132489e-06 1.1198361645821415e-03 -2.0560702146576010e-20 8.0113153187052987e-18 8.0190595975145698e+00 8 3 5
9.9999999968377229e-01 1.1150080074089997e+01 1.5000000000000002e-01 1.0000000000000000e+00 6.1080000000000000e+03 3.0546999903052482e-05 1.1170487437489011e-03 -4.8792993814531395e-18 -8.1319411240767643e-08 3.0628319314293315e-05 -2.8737118889768781e-06 1.1199224556378781e-03 1.2545165982624436e-20 -4.8918445474357596e-18 7.4574588974937797e+00 8 3 6
9.9999999998221722e-01 1.1150018989284975e+01 1.5000000000000002e-01 1.0000000000000000e+00 6.0820000000000000e+03 3.0547801330760262e-05 1.1170691212891274e-03 9.8673030726013389e-18 -8.1322584670151761e-08 3.0629123915430421e-05 -2.8738012622451064e-06 1.1199429225513730e-03 -2.5380024706854357e-20 9.8926830973081824e-18 7.4045441532507539e+00 8 3 7
9.9999999999900002e-01 1.1150004503352974e+01 1.5000000000000002e-01 1.0000000000000000e+00 6.0920000000000000e+03 3.0547990877588338e-05 1.1170739343230719e-03 -3.0578790838138141e-18 -8.1323330009862004e-08 3.0629314207598214e-05 -2.8738221281219208e-06 1.1199477564511936e-03 7.8740892689624720e-21 -3.0657531730827776e-18 7.3370478944852948e+00 8 3 8
9.8999999999999999e-01 1.1594990230460807e+01 2.0000000000000001e-01 1.0000000000000000e+00 6.2010000000000000e+03 2.6048384378435516e-05 9.7610894100042510e-04 4.4042013219835435e-18 -6.4809507544414367e-08 2.6113193885979936e-05 -2.2966588391937561e-06 9.7840559983961928e-04 -1.0371901309904203e-20 4.4145732232934376e-18 8.9930258598178625e+00 8 4 0
9.9943765867480960e-01 1.1296096206764727e+01 2.0000000000000001e-01 1.0000000000000000e+00 6.1660000000000000e+03 2.9480238513226167e-05 1.0637084295706837e-03 1.8109746090304016e-18 -7.9894861721137303e-08 2.9560133374947261e-05 -2.7273702126687641e-06 1.0664357997833530e-03 -4.6319000547737479e-21 1.8156065090851740e-18 9.0888880249112844e+00 8 4 1
9.9996837722339826e-01 1.1223200821727325e+01 2.0000000000000001e-01 1.0000000000000000e+00 6.1850000000000000e+03 3.0407244031779178e-05 1.0868651260834466e-03 5.7379667847686880e-18 -8.3771367805469514e-08 3.0491015399584646e-05 -2.8332400210279424e-06 1.0896983661044758e-03 -1.4949728024899323e-20 5.7529165127935798e-18 8.5176159050315619e+00 8 4 2
9.9999822172058994e-01 1.1205532878292797e+01 2.0000000000000001e-01 1.0000000000000000e+00 6.1590000000000000e+03 3.0637701544833631e-05 1.0925907657056933e-03 5.4423490682668839e-20 -8.4722009535049698e-08 3.0722423554368670e-05 -2.8589114892271797e-06 1.0954496771949207e-03 -1.5049652108531874e-22 5.4573987203754139e-20 9.0167163554579020e+00 8 4 3
9.9999990000000005e-01 1.1201313936886553e+01 2.0000000000000001e-01 1.0000000000000000e+00 6.1690000000000000e+03 3.0693071973462806e-05 1.0939646003784668e-03 -1.9432714999440513e-18 -8.4949681145202911e-08 3.0778021654608075e-05 -2.8650429720957890e-06 1.0968296433505622e-03 5.0893386786579757e-21 -1.9483608386227086e-18 8.7869283603504300e+00 8 4 4
9.9999999437658671e-01 1.1200311691473075e+01 2.0000000000000001e-01 1.0000000000000000e+00 6.1790000000000000e+03 3.0706244996173075e-05 1.0942913417418068e-03 7.8026802609537790e-18 -8.5003804896874657e-08 3.0791248801069981e-05 -2.8664996535024056e-06 1.0971578413953064e-03 -2.0443203603651541e-20 7.8231234645574314e-18 8.9915262628346682e+00 8 4 5
9.9999999968377229e-01 1.1200073919800712e+01 2.0000000000000001e-01 1.0000000000000000e+00 6.1890000000000000e+03 3.0709371240730194e-05 1.0943688787400513e-03 -2.8614336622278703e-18 -8.5016647337840139e-08 3.0794387888068050e-05 -2.8668452408539431e-06 1.0972357239809045e-03 7.4877903236779997e-21 -2.8689214525515431e-18 9.8193570915609598e+00 8 4 6
9.9999999998221722e-01 1.1200017529620048e+01 2.0000000000000001e-01 1.0000000000000000e+00 6.1630000000000000e+03 3.0710112753960068e-05 1.0943872698479175e-03 -6.8040780911142101e-18 -8.5019693110424457e-08 3.0795132447070549e-05 -2.8669271983021720e-06 1.0972541970462200e-03 1.7824400078683336e-20 -6.8219024911928982e-18 9.0886395992711186e+00 8 4 7
9.9999999999900002e-01 1.1200004157023482e+01 2.0000000000000001e-01 1.0000000000000000e+00 6.1730000000000000e+03 3.0710288265755940e-05 1.0943916206275252e-03 3.8335076499672319e-18 -8.5020427417075797e-08 3.0795308693173019e-05 -2.8669470436544601e-06 1.0972585676711805e-03 -1.0034415360656812e-20 3.8435420653278849e-18 8.9509107079356909e+00 8 4 8
9.8999999999999999e-01 1.1639068657913203e+01 2.5000000000000000e-01 1.0000000000000000e+00 6.2370000000000000e+03 2.6370334143601047e-05 9.5558244044504140e-04 -8.9557082526092116e-19 -6.8825329806444238e-08 2.6439159473407467e-05 -2.3073793451927589e-06 9.5788981979023436e-04 2.1716228857876671e-21 -8.9774244814670928e-19 9.5118831004947424e+00 8 5 0
9.9943765867480960e-01 1.1342720045326427e+01 2.5000000000000000e-01 1.0000000000000000e+00 6.2470000000000000e+03 2.9801589002909534e-05 1.0403938968199455e-03 8.9758627891803871e-19 -8.4626742438822291e-08 2.9886215745348342e-05 -2.7349310621054875e-06 1.0431288278820504e-03 -2.3539431023659509e-21 8.9994022202040593e-19 9.7573467679321766e+00 8 5 1
9.9996837722339826e-01 1.1272155445585877e+01 2.5000000000000000e-01 1.0000000000000000e+00 6.2390000000000000e+03 3.0705642454604976e-05 1.0622720742819703e-03 8.4641121010548090e-18 -8.8580627368311989e-08 3.0794223081973267e-05 -2.8373392380939548e-06 1.0651094135200646e-03 -2.2601895924158950e-20 8.4867139969789730e-18 1.1191942309029400e+01 8 5 2
9.9999822172058994e-01 1.1255266843913438e+01 2.5000000000000000e-01 1.0000000000000000e+00 6.2490000000000000e+03 3.0927429874674747e-05 1.0676115540083823e-03 -3.7379800199880839e-18 -8.9536227068769948e-08 3.1016966101743522e-05 -2.8618160675736279e-06 1.0704733700759538e-03 1.0008164800152177e-20 -3.7479881847882374e-18 1.1101851861923933e+01 8 5 3
9.9999990000000005e-01 1.1251249751122641e+01 2.5000000000000000e-01 1.0000000000000000e+00 6.2590000000000000e+03 3.0980497828971113e-05 1.0688875541077225e-03 5.5032419206517447e-20 -8.9764048669042669e-08 3.1070261877640198e-05 -2.8676358985593944e-06 1.0717551900062809e-03 -1.5945298178551090e-22 5.5191872188303033e-20 1.0357983274385333e+01 8 5 4
9.9999999437658671e-01 1.1250296407672190e+01 2.5000000000000000e-01 1.0000000000000000e+00 6.2690000000000000e+03 3.0993109805305344e-05 1.0691907141561416e-03 3.8260558867174616e-18 -8.9818145338153208e-08 3.1082927950643516e-05 -2.8690169475292488e-06 1.0720597311036663e-03 -1.0272570292584455e-20 3.8363284570100567e-18 1.0416992309503257e+01 8 5 5
9.9999999968377229e-01 1.1250070291870744e+01 2.5000000000000000e-01 1.0000000000000000e+00 6.2430000000000000e+03 3.0996102140982710e-05 1.0692626372689282e-03 -1.9544521368606978e-18 -8.9830977755856628e-08 3.1085933118738607e-05 -2.8693445003536535e-06 1.0721319817692803e-03 5.2565515995253344e-21 -1.9597086884602274e-18 1.1067728962749243e+01 8 5 6
9.9999999998221722e-01 1.1250016668968380e+01 2.5000000000000000e-01 1.0000000000000000e+00 6.2530000000000000e+03 3.0996811813262609e-05 1.0692796944232735e-03 6.6755087438041235e-18 -8.9834020665536791e-08 3.1086645833928139e-05 -2.8694221621959756e-06 1.0721491165854666e-03 -1.7919700528812220e-20 6.6934284443329333e-18 1.0411913277581334e+01 8 5 7
9.9999999999900002e-01 1.1250003952626345e+01 2.5000000000000000e-01 1.0000000000000000e+00 6.2630000000000000e+03 3.0996980171744909e-05 1.0692837390524903e-03 8.2592546593249438e-20 -8.9834745566984596e-08 3.1086814917311908e-05 -2.8694406805452103e-06 1.0721531797330329e-03 -2.3936784705554172e-22 8.2831914440305139e-20 1.0489793282002211e+01 8 5 8
9.8999999999999999e-01 1.1685235235381956e+01 3.0000000000000004e-01 1.0000000000000000e+00 6.3270000000000000e+03 2.6715578969493859e-05 9.3154869150781502e-04 -1.7259474915257589e-18 -7.3358335623784389e-08 2.6788937305117613e-05 -2.3181453228466507e-06 9.3386683683066259e-04 4.3133191707808609e-21 -1.7302608106965412e-18 1.0508751783519983e+01 8 6 0
9.9943765867480960e-01 1.1390536860871268e+01 3.0000000000000004e-01 1.0000000000000000e+00 6.3550000000000000e+03 3.0159919056788207e-05 1.0135932637518618e-03 6.2481868640324811e-18 -9.0018171867617321e-08 3.0249937228655878e-05 -2.7437190187289966e-06 1.0163369827705894e-03 -1.6898479759823881e-20 6.2650853437922966e-18 1.1274234029464424e+01 8 6 1
9.9996837722339826e-01 1.1321501325371916e+01 3.0000000000000004e-01 1.0000000000000000e+00 6.3380000000000000e+03 3.1052340189146737e-05 1.0344135869586734e-03 -8.1859543695200713e-18 -9.4111160085100606e-08 3.1146451349231857e-05 -2.8438680015238444e-06 1.0372574549601980e-03 2.2481997182541169e-20 -8.2084363667026307e-18 1.2565406746231019e+01 8 6 2
9.9999822172058994e-01 1.1305102269471579e+01 3.0000000000000004e-01 1.0000000000000000e+00 6.3480000000000000e+03 3.1269556360101525e-05 1.0394559131368494e-03 -5.5115609165143941e-18 -9.5091642537488066e-08 3.1364648002638886e-05 -2.8675967089826855e-06 1.0423235098458315e-03 1.5197166735133473e-20 -5.5267580832495277e-18 1.2738393077626824e+01 8 6 3
9.9999990000000005e-01 1.1301210162434460e+01 3.0000000000000004e-01 1.0000000000000000e+00 6.3220000000000000e+03 3.1321410626627238e-05 1.0406581830311188e-03 -7.4499591256069227e-18 -9.5324785527893805e-08 3.1416735412155020e-05 -2.8732240754310323e-06 1.0435314071065480e-03 2.0584815784822323e-20 -7.4705439413917275e-18 1.2529728289693594e+01 8 6 4
9.9999999437658671e-01 1.1300286987683112e+01 3.0000000000000004e-01 1.0000000000000000e+00 6.3320000000000000e+03 3.1333727031115872e-05 1.0409436642105896e-03 -3.7538346750173176e-18 -9.5380109437645403e-08 3.1429107140553360e-05 -2.8745585845270553e-06 1.0438182227951170e-03 1.0381912713504975e-20 -3.7642165877308260e-18 1.2957843331620097e+01 8 6 5
9.9999999968377229e-01 1.1300068056219688e+01 3.0000000000000004e-01 1.0000000000000000e+00 6.3420000000000000e+03 3.1336648831427753e-05 1.0410113838391221e-03 -4.5951866937025794e-18 -9.5393230880168227e-08 3.1432042062307881e-05 -2.8748750488687207e-06 1.0438862588879898e-03 1.2682283679644478e-20 -4.6078689773822297e-18 1.2730432288721204e+01 8 6 6
9.9999999998221722e-01 1.1300016138651403e+01 3.0000000000000004e-01 1.0000000000000000e+00 6.3520000000000000e+03 3.1337341774116964e-05 1.0410274442054800e-03 6.4444936211176643e-18 -9.5396342842275004e-08 3.1432738116959203e-05 -2.8749500973695064e-06 1.0439023943028499e-03 -1.7789551466357781e-20 6.4622831725840064e-18 1.1770678848028183e+01 8 6 7
9.9999999999900002e-01 1.1300003826679358e+01 3.0000000000000004e-01 1.0000000000000000e+00 6.3260000000000000e+03 3.1337505858977301e-05 1.0410312459390922e-03 -6.4445171117052950e-18 -9.5397075700022238e-08 3.1432902934677263e-05 -2.8749676906832836e-06 1.0439062136297762e-03 1.7789660197460750e-20 -6.4623067719027493e-18 1.1902105681598186e+01 8 6 8
9.8999999999999999e-01 1.1733051202399627e+01 3.5000000000000003e-01 1.0000000000000000e+00 6.4170000000000000e+03 2.7020859106192207e-05 9.0341414014155652e-04 -5.5447525714601130e-18 -7.8102136066690766e-08 2.7098961242258852e-05 -2.3238173154356904e-06 9.0573795745699237e-04 1.4239644840907442e-20 -5.5589922163010159e-18 1.3417232480831444e+01 8 7 0
9.9943765867480960e-01 1.1439168962420156e+01 3.5000000000000003e-01 1.0000000000000000e+00 6.4270000000000000e+03 3.0483499558276486e-05 9.8262829123138421e-04 3.4909969714341010e-18 -9.5696701345374072e-08 3.0579196259621889e-05 -2.7476103172539661e-06 9.8537590154863536e-04 -9.7614727581215494e-21 3.5007584441922126e-18 1.2287417797371745e+01 8 7 1
9.9996837722339826e-01 1.1371095534142126e+01 3.5000000000000003e-01 1.0000000000000000e+00 6.4190000000000000e+03 3.1370607404672220e-05 1.0025111074078205e-03 -3.6173603174566349e-18 -9.9965031003970443e-08 3.1470572435676180e-05 -2.8461467839783986e-06 1.0053572541917997e-03 1.0289118177838875e-20 -3.6276494356344687e-18 1.2498776781372726e+01 8 7 2
9.9999822172058994e-01 1.1355000643327859e+01 3.5000000000000003e-01 1.0000000000000000e+00 6.4290000000000000e+03 3.1585485047145024e-05 1.0073037015527362e-03 1.9015450043849429e-18 -1.0098178582029406e-07 3.1686466832965420e-05 -2.8693656725623672e-06 1.0101730672253005e-03 -5.4557767089899158e-21 1.9070007810939294e-18 1.2587694264017045e+01 8 7 3
9.9999990000000005e-01 1.1351185746401406e+01 3.5000000000000003e-01 1.0000000000000000e+00 6.4030000000000000e+03 3.1636710776051372e-05 1.0084449029264695e-03 4.5626921325241382e-18 -1.0122316744367800e-07 3.1737933943495035e-05 -2.8748634915882936e-06 1.0113197664180591e-03 -1.3036671262753860e-20 4.5757288037868881e-18 1.3001890949904919e+01 8 7 4
9.9999999437658671e-01 1.1350281179737859e+01 3.5000000000000003e-01 1.0000000000000000e+00 6.4130000000000000e+03 3.1648873755762431e-05 1.0087157936647651e-03 -4.4514881510409675e-18 -1.0128042360547309e-07 3.1750154179367901e-05 -2.8761667699035323e-06 1.0115919604346680e-03 1.2682791195850208e-20 -4.4641709422368112e-18 1.3026844100095332e+01 8 7 5
9.9999999968377229e-01 1.1350066677931983e+01 3.5000000000000003e-01 1.0000000000000000e+00 6.4230000000000000e+03 3.1651758924822968e-05 1.0087800471813265e-03 -6.3561739045814400e-18 -1.0129400209058243e-07 3.1753052926913583e-05 -2.8764758007952121e-06 1.0116565229821226e-03 1.8153667557497350e-20 -6.3743275721389321e-18 1.3041073319502175e+01 8 7 6
9.9999999998221722e-01 1.1350015811884450e+01 3.5000000000000003e-01 1.0000000000000000e+00 6.4330000000000000e+03 3.1652443134683205e-05 1.0087952841322456e-03 -5.6226033846022015e-20 -1.0129722230394014e-07 3.1753740356987189e-05 -2.8765490870256047e-06 1.0116718332192718e-03 1.7994001365185166e-22 -5.6405973859673956e-20 1.3162026223726571e+01 8 7 7
9.9999999999900002e-01 1.1350003749368748e+01 3.5000000000000003e-01 1.0000000000000000e+00 6.4430000000000000e+03 3.1652605218530851e-05 1.0087988902778107e-03 4.4237406990461702e-18 -1.0129797506727473e-07 3.1753903193598083e-05 -2.8765661580223388e-06 1.0116754564358319e-03 -1.2594578571147578e-20 4.4363352776173202e-18 1.3187159766443074e+01 8 7 8
9.8999999999999999e-01 1.1782185235603935e+01 4.0000000000000002e-01 1.0000000000000000e+00 6.4980000000000000e+03 2.7214928761717040e-05 8.7046879550093249e-04 -4.6146178826978962e-18 -8.2710700868463227e-08 2.7297639462585510e-05 -2.3187105057055215e-06 8.7278750600663663e-04 1.2283109936608013e-20 -4.6269009926344965e-18 1.5588485423475504e+01 8 8 0
9.9943765867480960e-01 1.1488382091925379e+01 4.0000000000000002e-01 1.0000000000000000e+00 6.5170000000000000e+03 3.0691240182384968e-05 9.4668038006426899e-04 -2.5769818461874448e-18 -1.0124131376897662e-07 3.0792481496153915e-05 -2.7397966408662340e-06 9.4942017670513531e-04 7.4801254524962445e-21 -2.5844619716399367e-18 1.5588520708493888e+01 8 8 1
9.9996837722339826e-01 1.1420857851100159e+01 4.0000000000000002e-01 1.0000000000000000e+00 6.4910000000000000e+03 3.1575200737137885e-05 9.6567170072275486e-04 -3.5148882960655499e-18 -1.0569797299478605e-07 3.1680898710132675e-05 -2.8369152004080467e-06 9.6850861592316293e-04 1.0360383413946776e-20 -3.5252486794794959e-18 1.4965552093461156e+01 8 8 2
9.9999822172058994e-01 1.1404940998936517e+01 4.0000000000000002e-01 1.0000000000000000e+00 6.5010000000000000e+03 3.1788665700739909e-05 9.7023596595015879e-04 6.8092391551913149e-18 -1.0675574137179313e-07 3.1895421442111690e-05 -2.8597200968632523e-06 9.7309568604702279e-04 -2.0035078974336959e-20 6.8292742341656490e-18 1.5262898170389235e+01 8 8 3
9.9999990000000005e-01 1.1401171411676895e+01 4.0000000000000002e-01 1.0000000000000000e+00 6.5110000000000000e+03 3.1839511993127844e-05 9.7132191714198490e-04 -7.7078061535932321e-18 -1.0700660648369335e-07 3.1946518599611532e-05 -2.8651146072557553e-06 9.7418703174923958e-04 2.2712514759901206e-20 -7.7305186683531185e-18 1.5974848944693804e+01 8 8 4
9.9999999437658671e-01 1.1400277769624227e+01 4.0000000000000002e-01 1.0000000000000000e+00 6.4850000000000000e+03 3.1851582386835247e-05 9.7157964148349423e-04 -7.7381347471613303e-18 -1.0706609733480006e-07 3.1958648484169996e-05 -2.8663930866333739e-06 9.7444603457012759e-04 2.2817722540194375e-20 -7.7609524697015257e-18 1.5160272216424346e+01 8 8 5
9.9999999968377229e-01 1.1400065868632899e+01 4.0000000000000002e-01 1.0000000000000000e+00 6.4950000000000000e+03 3.1854445451976307e-05 9.7164076910100734e-04 -2.8292431021960152e-20 -1.0708020491713009e-07 3.1961525656893475e-05 -2.8666962192693090e-06 9.7450746532027797e-04 9.5106327184462180e-23 -2.8387537349144654e-20 1.5651945516467094e+01 8 8 6
9.9999999998221722e-01 1.1400015619780667e+01 4.0000000000000002e-01 1.0000000000000000e+00 6.5050000000000000e+03 3.1855124406440315e-05 9.7165526475810041e-04 8.9129627160082170e-19 -1.0708354988478116e-07 3.1962207956325076e-05 -2.8667680907710629e-06 9.7452203284887186e-04 -2.6413108506203379e-21 8.9393758245144301e-19 1.7484209035523236e+01 8 8 7
9.9999999999900002e-01 1.1400003704077978e+01 4.0000000000000002e-01 1.0000000000000000e+00 6.5150000000000000e+03 3.1855285043253858e-05 9.7165868928064452e-04 -2.5607256606707211e-18 -1.0708433833643719e-07 3.1962369381590287e-05 -2.8667850236606635e-06 9.7452547430430553e-04 7.5435397774064410e-21 -2.5682692004481264e-18 1.5566747762262821e+01 8 8 8
