# spin p0 e0 inclination pos Edot_tot Ldot_tot Qdot_tot Edot_hor Edot_inf Ldot_hor Ldot_inf Qdot_hor Qdot_inf elapsed  iu iw iz
9.8999999999999999e-01 1.4782116751162881e+00 0.0000000000000000e+00 1.0000000000000000e+00 7.5600000000000000e+02 8.9075655953771496e-02 2.4827481338420748e-01 0.0000000000000000e+00 -8.4396520179234602e-03 9.7515307971694873e-02 -2.3523296094109542e-02 2.7179810947831728e-01 0.0000000000000000e+00 0.0000000000000000e+00 0.0000000000000000e+00 1 0 0
9.9943765867480960e-01 1.1703051822331749e+00 0.0000000000000000e+00 1.0000000000000000e+00 7.3000000000000000e+02 7.9212635848685056e-02 1.7945474890137836e-01 0.0000000000000000e+00 -1.0658518395734833e-02 8.9871154244420021e-02 -2.4146674604050140e-02 2.0360142350542856e-01 0.0000000000000000e+00 0.0000000000000000e+00 0.0000000000000000e+00 1 0 1
9.9996837722339826e-01 1.0761466695695716e+00 0.0000000000000000e+00 1.0000000000000000e+00 7.7600000000000000e+02 4.8721305219603939e-02 1.0311064800879241e-01 0.0000000000000000e+00 -7.2828705526449128e-03 5.6004175772248858e-02 -1.5413000506916082e-02 1.1852364851570839e-01 0.0000000000000000e+00 0.0000000000000000e+00 0.0000000000000000e+00 1 0 2
9.9999822172058994e-01 1.0432708450441162e+00 0.0000000000000000e+00 1.0000000000000000e+00 7.3200000000000000e+02 3.1178536646299753e-02 6.4402436532337126e-02 0.0000000000000000e+00 -4.8170117094912448e-03 3.5995548355790982e-02 -9.9500273029283406e-03 7.4352463835265462e-02 0.0000000000000000e+00 0.0000000000000000e+00 0.0000000000000000e+00 1 0 3
9.9999990000000005e-01 1.0311293962945765e+00 0.0000000000000000e+00 1.0000000000000000e+00 7.4200000000000000e+02 2.3478312535249735e-02 4.8061409287451930e-02 0.0000000000000000e+00 -3.6635350394247394e-03 2.7141847574674440e-02 -7.4994596270221790e-03 5.5560868914474121e-02 0.0000000000000000e+00 0.0000000000000000e+00 0.0000000000000000e+00 1 0 4
9.9999999437658671e-01 1.0265435573430977e+00 0.0000000000000000e+00 1.0000000000000000e+00 7.5200000000000000e+02 2.0375135099125065e-02 4.1566872670322573e-02 0.0000000000000000e+00 -3.1895024470939750e-03 2.3564637546219052e-02 -6.5068349954514118e-03 4.8073707665773985e-02 0.0000000000000000e+00 0.0000000000000000e+00 0.0000000000000000e+00 1 0 5
9.9999999968377229e-01 1.0247962444980552e+00 0.0000000000000000e+00 1.0000000000000000e+00 7.6200000000000000e+02 1.9162854584712747e-02 3.9042859694857837e-02 0.0000000000000000e+00 -3.0031852909197941e-03 2.2166039875632541e-02 -6.1187617655138523e-03 4.5161621460371663e-02 0.0000000000000000e+00 0.0000000000000000e+00 0.0000000000000000e+00 1 0 6
9.9999999998221722e-01 1.0241282231884490e+00 0.0000000000000000e+00 1.0000000000000000e+00 7.3600000000000000e+02 1.8694893582748225e-02 3.8070464106926979e-02 0.0000000000000000e+00 -2.9311189936456778e-03 2.1626012576393901e-02 -5.9689593817048893e-03 4.4039423488631824e-02 0.0000000000000000e+00 0.0000000000000000e+00 0.0000000000000000e+00 1 0 7
9.9999999999900002e-01 1.0238724878578676e+00 0.0000000000000000e+00 1.0000000000000000e+00 7.5500000000000000e+02 1.8515080514145198e-02 3.7697103850413513e-02 0.0000000000000000e+00 -2.9034080016470377e-03 2.1418488515792217e-02 -5.9114014046329324e-03 4.3608505255046379e-02 0.0000000000000000e+00 0.0000000000000000e+00 0.0000000000000000e+00 1 0 8
9.8999999999999999e-01 1.5058746787877642e+00 5.0000000000000003e-02 1.0000000000000000e+00 8.3700000000000000e+02 8.7417876837167785e-02 2.4579020692670364e-01 -5.8232003777081467e-17 -8.2176267682761081e-03 9.5635503605444122e-02 -2.3101326255157956e-02 2.6889153318186099e-01 5.4740390675497153e-18 -6.3706042844630639e-17 1.6511939763696864e+02 1 1 0
9.9943765867480960e-01 1.1968097589805746e+00 5.0000000000000003e-02 1.0000000000000000e+00 8.1100000000000000e+02 8.0117699168416809e-02 1.8354855390770880e-01 -3.5419055279191797e-16 -1.0645309832988389e-02 9.0763009001404424e-02 -2.4393330107301874e-02 2.0794188401500963e-01 4.7072872616305714e-17 -4.0126342540821980e-16 4.2221115863905288e+02 1 1 1
9.9996837722339826e-01 1.1080299249763090e+00 5.0000000000000003e-02 1.0000000000000000e+00 8.2100000000000000e+02 5.2400472060024239e-02 1.1262146701125701e-01 1.5994067209231872e-16 -7.6645961734835037e-03 6.0065068233507247e-02 -1.6478178785971315e-02 1.2909964579722716e-01 -2.3400100179828694e-17 1.8334077227214652e-16 3.6079280920999590e+03 1 1 2
9.9999822172058994e-01 1.0825014508785353e+00 5.0000000000000003e-02 1.0000000000000000e+00 8.3100000000000000e+02 2.3464073662030488e-02 4.9345995193724151e-02 3.2334165947280521e-17 -1.8619920939712844e-02 4.2083994601743085e-02 -3.9239529867446346e-02 8.8585525061169623e-02 -2.5694757791309817e-17 5.8028923738590199e-17 8.9049973783292808e+02 1 1 3
9.9999990000000005e-01 1.0758481982871733e+00 5.0000000000000003e-02 1.0000000000000000e+00 8.4100000000000000e+02 -3.4795812133084102e-02 -7.2342453275633031e-02 -1.1955817581578150e-16 -6.8662818659801367e-02 3.3867006526716641e-02 -1.4301266213009442e-01 7.0670208854460070e-02 -2.3626976569878658e-16 1.1671158988300427e-16 1.3417819967621472e+03 1 1 4
9.9999999437658671e-01 1.0742230257886685e+00 5.0000000000000003e-02 1.0000000000000000e+00 8.1500000000000000e+02 -1.4174364097502723e-01 -2.9465490529901733e-01 -3.1473410760935395e-17 -1.7482546154238812e-01 3.3081820567360629e-02 -3.6363742728340964e-01 6.8982521984392434e-02 -3.8819050539015819e-17 7.3456397780803643e-18 1.3008648226999212e+03 1 1 5
9.9999999968377229e-01 1.0738346886048520e+00 5.0000000000000003e-02 1.0000000000000000e+00 8.2500000000000000e+02 -2.2982426495595138e-02 -4.7611151307892612e-02 -6.8533919504554156e-17 -5.5424207308400295e-02 3.2441780812805063e-02 -1.1528029120284820e-01 6.7669139894955141e-02 -1.6589084650975061e-16 9.7356927005195839e-17 1.2774328607770149e+03 1 1 6
9.9999999998221722e-01 1.0737424293378135e+00 5.0000000000000003e-02 1.0000000000000000e+00 8.3500000000000000e+02 -9.5896577501346739e-02 -1.9925281497172737e-01 -3.5725685514617936e-16 -1.2888951437926102e-01 3.2992936877914443e-02 -2.6807249226369417e-01 6.8819677291966114e-02 -4.8076362116231602e-16 1.2350676601613647e-16 2.4609432601088192e+03 1 1 7
9.9999999999900002e-01 1.0737205407999442e+00 5.0000000000000003e-02 1.0000000000000000e+00 8.4500000000000000e+02 -7.5767286040641632e-02 -1.5734001760496866e-01 -1.7339344238224278e-16 -1.0862679605171757e-01 3.2859510011075566e-02 -2.2586564617034552e-01 6.8525628565376695e-02 -2.4884898070727630e-16 7.5455538325032532e-17 2.4140317042900715e+03 1 1 8
9.8999999999999999e-01 1.5393453000363944e+00 1.0000000000000001e-01 1.0000000000000000e+00 8.9100000000000000e+02 8.6640153915525153e-02 2.4405723149405628e-01 3.0238922583609653e-16 -8.0259432429672598e-03 9.4666097158492057e-02 -2.2591648759728578e-02 2.6664888025378253e-01 -2.7986006478071272e-17 3.3037523231416456e-16 1.9957464464497752e+02 1 2 0
9.9943765867480960e-01 1.2332564727828095e+00 1.0000000000000001e-01 1.0000000000000000e+00 9.1000000000000000e+02 7.9020921013594717e-02 1.8265049051436280e-01 -2.2579316684647305e-16 -1.0218342103079946e-02 8.9239263116673823e-02 -2.3632703041347389e-02 2.0628319355570859e-01 2.9216157525491792e-17 -2.5500932437195934e-16 5.7870574496593326e+02 1 2 1
9.9996837722339826e-01 1.1516880024396423e+00 1.0000000000000001e-01 1.0000000000000000e+00 9.1100000000000000e+02 5.1061567621481216e-02 1.1108718098684578e-01 1.0264607284929978e-16 -7.3620169814467588e-03 5.8423584602927174e-02 -1.6068985701044747e-02 1.2715616668788970e-01 -1.4869404880819854e-17 1.1751547773011720e-16 9.0512278176005930e+02 1 2 2
9.9999822172058994e-01 1.1305282382970696e+00 1.0000000000000001e-01 1.0000000000000000e+00 9.2100000000000000e+02 -4.2129188585476235e-02 -8.9159835213620531e-02 1.8862004481661867e-16 -8.5574294919370547e-02 4.3445106333894021e-02 -1.8208190996146170e-01 9.2922074747840533e-02 3.8530174710676876e-16 -1.9668170229014861e-16 1.6385838971519843e+03 1 2 3
9.9999990000000005e-01 1.1253414882873409e+00 1.0000000000000001e-01 1.0000000000000000e+00 8.9500000000000000e+02 -5.9259288887754072e-02 -1.2320447523109067e-01 -3.9474616167658154e-17 -9.7665056812934178e-02 3.8405767925180273e-02 -2.0486067908234845e-01 8.1656203851258768e-02 -6.5057996865025477e-17 2.5583380697367301e-17 4.6199882739349268e+03 1 2 4
9.9999999437658671e-01 1.1241004257802862e+00 1.0000000000000001e-01 1.0000000000000000e+00 9.0500000000000000e+02 3.3713361335007477e-02 7.1831335853530756e-02 5.6313172365010497e-17 -4.9037233056675395e-03 3.8617084640674641e-02 -1.0468394317795985e-02 8.2299730171325594e-02 -8.2089566179092265e-18 6.4522128982918674e-17 5.2206156077131163e+03 1 2 5
9.9999999968377229e-01 1.1238054744485346e+00 1.0000000000000001e-01 1.0000000000000000e+00 9.1500000000000000e+02 3.3522511454758500e-02 7.1422159223159379e-02 -6.4407540013862918e-17 -4.8743906639147879e-03 3.8396902118672215e-02 -1.0402424188540930e-02 8.1824583411697918e-02 9.3843465475974864e-18 -7.3791886561458289e-17 6.6391704601489473e+03 1 2 6
9.9999999998221722e-01 1.1237354936337107e+00 1.0000000000000001e-01 1.0000000000000000e+00 9.2500000000000000e+02 3.3380645012906128e-02 7.1099306095001452e-02 -8.7311311859818698e-17 -4.8665896048715436e-03 3.8247234617776918e-02 -1.0384505953972573e-02 8.1483812048972717e-02 1.2754341165202876e-17 -1.0006565302501989e-16 6.3550833714019973e+03 1 2 7
9.9999999999900002e-01 1.1237188967852061e+00 1.0000000000000001e-01 1.0000000000000000e+00 9.3500000000000000e+02 3.3246485177341960e-02 7.0798079853175780e-02 6.1925400344044901e-17 -4.8648128467122581e-03 3.8111298024053400e-02 -1.0380313076098822e-02 8.1178392929272578e-02 -9.0750884411064403e-18 7.1000488785150809e-17 4.7790795721327886e+03 1 2 8
9.8999999999999999e-01 1.5772983821063158e+00 1.5000000000000002e-01 1.0000000000000000e+00 9.9000000000000000e+02 8.6263243049754398e-02 2.4258079212237260e-01 -3.4593593163620372e-16 -7.8354678915030750e-03 9.4098710941257602e-02 -2.1996252506457998e-02 2.6457704462882631e-01 3.1380039477625026e-17 -3.7731597111382764e-16 2.7765704188682139e+02 1 3 0
9.9943765867480960e-01 1.2750244526615964e+00 1.5000000000000002e-01 1.0000000000000000e+00 9.9100000000000000e+02 7.6079614802801176e-02 1.7705246102172661e-01 -4.3797638907941252e-16 -9.6802337735973354e-03 8.5759848576397721e-02 -2.2543671190463868e-02 1.9959613221218767e-01 5.5769519388875489e-17 -4.9374590846828074e-16 9.0722722584987059e+02 1 3 1
9.9996837722339826e-01 1.1986347510077622e+00 1.5000000000000002e-01 1.0000000000000000e+00 1.0010000000000000e+03 -5.6166857787801018e-03 -1.1951121319150968e-02 9.2082008099036359e-18 -6.2013140697799826e-02 5.6396454919019096e-02 -1.3570617501892085e-01 1.2375505369976980e-01 1.0416815538029376e-16 -9.4959954570389854e-17 1.1392013949069660e+03 1 3 2
9.9999822172058994e-01 1.1796943978542305e+00 1.5000000000000002e-01 1.0000000000000000e+00 9.7500000000000000e+02 3.9240370044400501e-02 8.5196638541218644e-02 -5.8243590856059817e-17 -5.4277166641810521e-03 4.4668086708580600e-02 -1.1808047845741933e-02 9.7004686386958486e-02 8.0772628706882446e-18 -6.6320853726746037e-17 4.5241260712190997e+03 1 3 3
9.9999990000000005e-01 1.1751363599628784e+00 1.5000000000000002e-01 1.0000000000000000e+00 9.8500000000000000e+02 3.5626681131967437e-02 7.7057265786042592e-02 4.4708463542047116e-17 -4.8932562543738704e-03 4.0519937386338460e-02 -1.0600703099930133e-02 8.7657968885966484e-02 -6.1557522716080756e-18 5.0864215813652007e-17 1.2254374731302960e+04 1 3 4
9.9999999437658671e-01 1.1740513465154911e+00 1.5000000000000002e-01 1.0000000000000000e+00 9.9500000000000000e+02 3.4654292163391741e-02 7.4871656601455366e-02 -1.2406873048344729e-16 -4.7631629477637187e-03 3.9417455111152265e-02 -1.0308036987066123e-02 8.5179693588516930e-02 1.7079542637349467e-17 -1.4114827312078477e-16 1.4613661688075168e+04 1 3 5
9.9999999968377229e-01 1.1737938111466142e+00 1.5000000000000002e-01 1.0000000000000000e+00 1.0050000000000000e+03 3.4426193446190294e-02 7.4363544189479200e-02 -1.3974034084585795e-16 -4.7332567439477306e-03 3.9159450190135170e-02 -1.0240924829307947e-02 8.4604469018777620e-02 1.9242530986043760e-17 -1.5898287183188757e-16 1.6657967789978953e+04 1 3 6
9.9999999998221722e-01 1.1737327263415920e+00 1.5000000000000002e-01 1.0000000000000000e+00 9.7900000000000000e+02 3.4371503182464298e-02 7.4240275804625486e-02 5.8306603997422747e-17 -4.7250305172343550e-03 3.9096533699695124e-02 -1.0222324494235976e-02 8.4462600298853413e-02 -8.0300804804941765e-18 6.6336684477909656e-17 1.7242860248448094e+04 1 3 7
9.9999999999900002e-01 1.1737182404095907e+00 1.5000000000000002e-01 1.0000000000000000e+00 9.8900000000000000e+02 3.4357908279775799e-02 7.4209747735876325e-02 -4.0584736405232113e-17 -4.7231926872442626e-03 3.9081100967017279e-02 -1.0218187618916498e-02 8.4427935354786585e-02 5.5865463200083998e-18 -4.6171282725237110e-17 1.7692628251030110e+04 1 3 8
9.8999999999999999e-01 1.6187039675174233e+00 2.0000000000000001e-01 1.0000000000000000e+00 1.0530000000000000e+03 8.6166662831160409e-02 2.4130140140585291e-01 -4.7839821561202715e-16 -7.6477145400482126e-03 9.3814377371207763e-02 -2.1352015427953609e-02 2.6265341683380344e-01 4.2316597039658566e-17 -5.2071481265167681e-16 2.9937555046705529e+02 1 4 0
9.9943765867480960e-01 1.3198099438213424e+00 2.0000000000000001e-01 1.0000000000000000e+00 1.0540000000000000e+03 4.0643474310736831e-02 9.1879059222497436e-02 1.3143216063176505e-16 -4.4199542513151370e-02 8.4843016823887396e-02 -1.0613202904834669e-01 1.9801108827084157e-01 -1.5121053671479236e-16 2.8264269734655285e-16 8.1905351589713246e+02 1 4 1
9.9996837722339826e-01 1.2469145587839414e+00 2.0000000000000001e-01 1.0000000000000000e+00 1.0550000000000000e+03 -6.4841965503510346e-01 -1.3849799305999697e+00 2.4602185721533404e-15 -7.0552734465863931e-01 5.7107689623553892e-02 -1.5119238570628777e+00 1.2694392646294397e-01 2.6857162841460495e-15 -2.2549771199277297e-16 3.9246889138948172e+03 1 4 2
9.9999822172058994e-01 1.2292466153494126e+00 2.0000000000000001e-01 1.0000000000000000e+00 1.0650000000000000e+03 3.9252171671833286e-02 8.6034070342550228e-02 1.1462040695582053e-16 -5.1257734052888963e-03 4.4377945077119146e-02 -1.1254435622619303e-02 9.7288505965164682e-02 -1.4993920268871947e-17 1.2961432722468501e-16 1.2753989257965935e+04 1 4 3
9.9999990000000005e-01 1.2250276739431687e+00 2.0000000000000001e-01 1.0000000000000000e+00 1.0750000000000000e+03 -1.0760160795005293e-01 -2.2067101624834953e-01 -1.9478113891694407e-16 -1.4642479822461288e-01 3.8823190274560201e-02 -3.0469884060917818e-01 8.4027824360836278e-02 -2.6799587399856363e-16 7.3214735081623495e-17 4.2131071596839465e+03 1 4 4
9.9999999437658671e-01 1.2240254285296919e+00 2.0000000000000001e-01 1.0000000000000000e+00 1.0850000000000000e+03 -5.2658512746120198e-02 -1.0608154290501759e-01 -1.4132900570509394e-16 -9.1252785337713152e-02 3.8594272591593766e-02 -1.8994124708000371e-01 8.3859704174987462e-02 -2.5305257500108032e-16 1.1172356929599062e-16 1.1534613360310905e+04 1 4 5
9.9999999968377229e-01 1.2237876568573285e+00 2.0000000000000001e-01 1.0000000000000000e+00 1.0590000000000000e+03 -2.1427714397665998e+00 -4.4498688292150810e+00 2.9642080984537120e-15 -2.1814013471951745e+00 3.8629907428898158e-02 -4.5338393043782581e+00 8.3970475163912775e-02 3.0201436714027634e-15 -5.5935572949414081e-17 1.8949906216546893e+04 1 4 6
9.9999999998221722e-01 1.2237312666766640e+00 2.0000000000000001e-01 1.0000000000000000e+00 1.0690000000000000e+03 -1.2881241989030165e-02 -2.3527338394301701e-02 -3.1841013370298264e-17 -5.1123413759292240e-02 3.8242171770260708e-02 -1.0663946244236039e-01 8.3112124048054029e-02 -1.4109694295835846e-16 1.0925592958806143e-16 1.4329982529747998e+04 1 4 7
9.9999999999900002e-01 1.2237178940800983e+00 2.0000000000000001e-01 1.0000000000000000e+00 1.0790000000000000e+03 -1.6037914584418160e+00 -3.3284649555179420e+00 4.4075649118178993e-15 -1.6422793934719639e+00 3.8487935030293748e-02 -3.4120834568789320e+00 8.3618501361268763e-02 4.5174921739695855e-15 -1.0992726215229770e-16 1.7465207967838971e+04 1 4 8
9.8999999999999999e-01 1.6627823949698188e+00 2.5000000000000000e-01 1.0000000000000000e+00 1.1340000000000000e+03 8.6179142004316006e-02 2.3992887929030793e-01 4.4533491923609903e-16 -7.4646788917762177e-03 9.3643820896091412e-02 -2.0687270069240048e-02 2.6061614935954242e-01 -3.8405465351430983e-17 4.8374038458752571e-16 5.2446638098498806e+02 1 5 0
9.9943765867480960e-01 1.3664337823830426e+00 2.5000000000000000e-01 1.0000000000000000e+00 1.1350000000000000e+03 7.0938496938041551e-02 1.6289773515439288e-01 -2.0768829508848962e-16 -8.4854167447674135e-03 7.9423913682807865e-02 -1.9705536453931589e-02 1.8260327160832179e-01 2.5038596261860748e-17 -2.3272689135034809e-16 6.8324499729601666e+02 1 5 1
9.9996837722339826e-01 1.2958691826424928e+00 2.5000000000000000e-01 1.0000000000000000e+00 1.1450000000000000e+03 5.0131834666839480e-02 1.1202130854379325e-01 9.3584846078921633e-17 -6.1728802388001068e-03 5.6304714905638979e-02 -1.3812302799521021e-02 1.2583361134330948e-01 -1.1548410139977805e-17 1.0513325621889730e-16 5.2264603430368006e+03 1 5 2
9.9999822172058994e-01 1.2789805809700538e+00 2.5000000000000000e-01 1.0000000000000000e+00 1.1550000000000000e+03 -2.1975953206061896e-01 -4.5455153818134592e-01 1.0026314076080093e-15 -2.6320112776497451e-01 4.3441595704379762e-02 -5.4999791712659551e-01 9.5446378945291524e-02 1.2107621234653240e-15 -2.0813071585742671e-16 1.4004175043364987e+04 1 5 3
9.9999990000000005e-01 1.2749634881792580e+00 2.5000000000000000e-01 1.0000000000000000e+00 1.1650000000000000e+03 -6.6606329222651001e-02 -1.3516967859910684e-01 1.2092388306328504e-16 -1.0595733377071231e-01 3.9351004548063444e-02 -2.2120908424955027e-01 8.6039405650453260e-02 2.0060068504400709e-16 -7.9676801980722958e-17 6.4265118041089736e+03 1 5 4
9.9999999437658671e-01 1.2740101447288064e+00 2.5000000000000000e-01 1.0000000000000000e+00 1.1390000000000000e+03 -1.5711861950502854e-03 -2.3396871558403602e-03 3.2877309532233237e-18 -3.5714129921296293e-02 3.4142943726246183e-02 -7.4612207278870302e-02 7.2272520123029468e-02 1.0804053674613383e-16 -1.0475280579290945e-16 2.4940732784050051e+03 1 5 5
9.9999999968377229e-01 1.2737840289273601e+00 2.5000000000000000e-01 1.0000000000000000e+00 1.1490000000000000e+03 5.4546062128242919e-03 1.2091102642356214e-02 -9.7903229020052183e-18 -2.7880346911373411e-02 3.3334953124197146e-02 -5.8244069864547748e-02 7.0335172506902952e-02 4.6091865566170886e-17 -5.5882188468175801e-17 2.6972597155999392e+03 1 5 6
9.9999999998221722e-01 1.2737304060249957e+00 2.5000000000000000e-01 1.0000000000000000e+00 1.1590000000000000e+03 6.0440990149402893e-03 1.3508439053211210e-02 -2.3680451244869559e-17 -2.7804733593778847e-02 3.3848832608718536e-02 -5.8072835707054092e-02 7.1581274760265198e-02 1.0261110120189615e-16 -1.2629155244676404e-16 3.3714036907921545e+03 1 5 7
9.9999999999900002e-01 1.2737176896829616e+00 2.5000000000000000e-01 1.0000000000000000e+00 1.1420000000000000e+03 6.0711298682400647e-03 1.3567034357748623e-02 -2.8776806206664510e-17 -2.7750588194465527e-02 3.3821718062705265e-02 -5.7962675042336598e-02 7.1529709400083713e-02 1.2254112440965933e-16 -1.5131793061632126e-16 3.4757249463640619e+03 1 5 8
9.8999999999999999e-01 1.7089489724385734e+00 3.0000000000000004e-01 1.0000000000000000e+00 1.2150000000000000e+03 8.6566888447739465e-02 2.3924326713571764e-01 1.5936803019637181e-16 -7.2849176628748272e-03 9.3851806110614208e-02 -2.0016691301348508e-02 2.5925995843706290e-01 -1.3333794935742820e-17 1.7270182513211551e-16 5.8474098937795497e+02 1 6 0
9.9943765867480960e-01 1.4142505979278854e+00 3.0000000000000004e-01 1.0000000000000000e+00 1.2700000000000000e+03 7.4135165946702622e-02 1.7358804395194510e-01 3.7419956364689911e-16 -8.2373895568974200e-03 8.2372555503599329e-02 -1.9281649294870005e-02 1.9286969324681175e-01 -4.1567361238958786e-17 4.1576692488585381e-16 1.2584833568769973e+03 1 6 1
9.9996837722339826e-01 1.3452150624285313e+00 3.0000000000000004e-01 1.0000000000000000e+00 1.2260000000000000e+03 4.9708416478762472e-02 1.1138270419134691e-01 1.2100268558754595e-16 -5.8470401985471930e-03 5.5555456677308754e-02 -1.3108406185520650e-02 1.2449111037686321e-01 -1.4239210952377197e-17 1.3524189653991657e-16 8.5182875910601579e+03 1 6 2
9.9999822172058994e-01 1.3288160065281953e+00 3.0000000000000004e-01 1.0000000000000000e+00 1.2360000000000000e+03 3.5079094332250767e-02 7.5302097183228889e-02 -1.6720424419076372e-17 -4.4412620535987709e-03 3.9520356385849185e-02 -9.6401914026227158e-03 8.4942288585849818e-02 2.1405524913970443e-18 -1.8860976910473019e-17 2.4107158656849060e+03 1 6 3
9.9999990000000005e-01 1.3249238994910766e+00 3.0000000000000004e-01 1.0000000000000000e+00 1.2460000000000000e+03 2.4453546734562411e-02 5.1528674196276519e-02 -6.8067876768498012e-17 -3.7088920837360798e-03 2.8162438818298375e-02 -7.8428255079763601e-03 5.9371499704252657e-02 1.0354364411958315e-17 -7.8422241180455678e-17 1.6492217618660070e+03 1 6 4
9.9999999437658671e-01 1.3240007247397294e+00 3.0000000000000004e-01 1.0000000000000000e+00 1.2200000000000000e+03 2.5123289730705451e-02 5.2901809315471782e-02 -6.4311297689037405e-17 -3.6819003163605928e-03 2.8805190047065839e-02 -7.7888346627653735e-03 6.0690643978236661e-02 9.4648896787202461e-18 -7.3776187367756920e-17 1.6397533295929898e+03 1 6 5
9.9999999968377229e-01 1.3237817932763043e+00 3.0000000000000004e-01 1.0000000000000000e+00 1.2300000000000000e+03 2.4670608179071910e-02 5.1965336769161638e-02 -9.1726309601697732e-17 -3.6584662406965061e-03 2.8329074419767980e-02 -7.7411154961572462e-03 5.9706452265318316e-02 1.3656795906256879e-17 -1.0538310550795403e-16 1.7923705552229658e+03 1 6 6
9.9999999998221722e-01 1.3237298757080189e+00 3.0000000000000004e-01 1.0000000000000000e+00 1.2400000000000000e+03 2.4179868008655719e-02 5.0789215148420289e-02 4.8295565052807048e-18 -3.5956013321189061e-03 2.7775469340774375e-02 -7.5841222820751909e-03 5.8373337430495283e-02 -7.1113819594824535e-19 5.5406947012289141e-18 1.7386742666789796e+03 1 6 7
9.9999999999900002e-01 1.3237175637359755e+00 3.0000000000000004e-01 1.0000000000000000e+00 1.2500000000000000e+03 2.4343373077058333e-02 5.1184001714055800e-02 -4.4906023632114790e-17 -3.6196012586629249e-03 2.7962974335720925e-02 -7.6446484359855181e-03 5.8828650150041246e-02 6.6997846882093786e-18 -5.1605808320324122e-17 1.7685068748770282e+03 1 6 8
9.8999999999999999e-01 1.7567649394562446e+00 3.5000000000000003e-01 1.0000000000000000e+00 1.3320000000000000e+03 8.6945129024231668e-02 2.3835853539736448e-01 -5.4357710140230437e-16 -7.1041106233237132e-03 9.4049239647554822e-02 -1.9343685009251398e-02 2.5770222040661128e-01 4.4091910979009719e-17 -5.8766901238131087e-16 4.6510077180806547e+02 1 7 0
9.9943765867480960e-01 1.4628826994767730e+00 3.5000000000000003e-01 1.0000000000000000e+00 1.3330000000000000e+03 7.3855627369700527e-02 1.7278032541829483e-01 2.7938736538033062e-16 -7.8570987136329581e-03 8.1712726083332785e-02 -1.8348678943481685e-02 1.9112900436177430e-01 -2.9679230140586513e-17 3.0906659552091472e-16 3.2544350719440263e+03 1 7 1
9.9996837722339826e-01 1.3948092711987428e+00 3.5000000000000003e-01 1.0000000000000000e+00 1.3250000000000000e+03 4.8531296183728367e-02 1.0787006628568074e-01 1.4851128006266513e-16 -5.5479250699916431e-03 5.4079221253718390e-02 -1.2408412798235902e-02 1.2027847908391522e-01 -1.7114221618967912e-17 1.6562550168162974e-16 3.6181374448630959e+03 1 7 2
9.9999822172058994e-01 1.3787143803844761e+00 3.5000000000000003e-01 1.0000000000000000e+00 1.2990000000000000e+03 2.8074636265679007e-02 6.0114467181847729e-02 -2.7576636310962981e-17 -4.0686776740376032e-03 3.2143313939716381e-02 -8.7295898495688279e-03 6.8844057031415870e-02 4.0082191345172803e-18 -3.1584855445479584e-17 1.5245761177199893e+03 1 7 3
9.9999990000000005e-01 1.3748994834580226e+00 3.5000000000000003e-01 1.0000000000000000e+00 1.3090000000000000e+03 2.6924121670734640e-02 5.5596837534627921e-02 1.1071653452232501e-16 -3.2296057039040114e-03 3.0153727374638402e-02 -6.6984647513225661e-03 6.2295302285950066e-02 -1.3333096719667434e-17 1.2404963124199102e-16 1.6323991198099684e+03 1 7 4
9.9999999437658671e-01 1.3739949167944756e+00 3.5000000000000003e-01 1.0000000000000000e+00 1.3190000000000000e+03 2.7090028801248767e-02 5.5992548801399020e-02 -6.8581865521531260e-17 -3.2268409063871883e-03 3.0316869707635828e-02 -6.7020483944188261e-03 6.2694597195817200e-02 8.2124195133483971e-18 -7.6794285034879304e-17 4.5250086446229834e+03 1 7 5
9.9999999968377229e-01 1.3737804149885997e+00 3.5000000000000003e-01 1.0000000000000000e+00 1.3290000000000000e+03 2.7246181618076456e-02 5.6362230909309897e-02 1.1304955768330789e-16 -3.2474831210593229e-03 3.0493664739135430e-02 -6.7527876663264867e-03 6.3115018575634924e-02 -1.3552028481888280e-17 1.2660158616519475e-16 5.5743897272769827e+03 1 7 6
9.9999999998221722e-01 1.3737295489410677e+00 3.5000000000000003e-01 1.0000000000000000e+00 1.3030000000000000e+03 2.7192609424579382e-02 5.6246055666075906e-02 4.3505371843456921e-17 -3.2410559757232739e-03 3.0433665400302304e-02 -6.7386961488828268e-03 6.2984751814958426e-02 -5.2085323659349311e-18 4.8713904209391096e-17 5.6054245315790176e+03 1 7 7
9.9999999999900002e-01 1.3737174864253645e+00 3.5000000000000003e-01 1.0000000000000000e+00 1.3040000000000000e+03 2.7179506806170282e-02 5.6217675003449125e-02 -9.3002177168167100e-17 -3.2395772792309795e-03 3.0419084085400758e-02 -6.7354512579782472e-03 6.2953126261427170e-02 1.1131415652690316e-17 -1.0413359282085649e-16 5.8322457752788905e+03 1 7 8
9.8999999999999999e-01 1.8058989726605508e+00 4.0000000000000002e-01 1.0000000000000000e+00 1.3860000000000000e+03 8.6059228758381609e-02 2.3329274305690334e-01 -1.2271177737770102e-16 -8.1473482030603658e-03 9.4206576961441260e-02 -2.2515781355831804e-02 2.5580852441273327e-01 1.1808090264403308e-17 -1.3451986764210253e-16 7.0181733095599338e+02 1 8 0
9.9943765867480960e-01 1.5120958289819957e+00 4.0000000000000002e-01 1.0000000000000000e+00 1.3780000000000000e+03 7.3632829799242197e-02 1.7181910375282525e-01 0.0000000000000000e+00 -7.5261733905328254e-03 8.1159003189773496e-02 -1.7512844297615893e-02 1.8933194805044085e-01 0.0000000000000000e+00 0.0000000000000000e+00 4.2397139026329387e+03 1 8 1
9.9996837722339826e-01 1.4445715881567758e+00 4.0000000000000002e-01 1.0000000000000000e+00 1.3880000000000000e+03 3.5167331140442647e-02 7.6380838874499243e-02 6.7839812766922630e-17 -4.9660599694686556e-03 4.0133391109910911e-02 -1.0792775525008440e-02 8.7173614399507313e-02 -9.5859103099801861e-18 7.7425723076902486e-17 1.2474433968160301e+03 1 8 2
9.9999822172058994e-01 1.4286547359931348e+00 4.0000000000000002e-01 1.0000000000000000e+00 1.3980000000000000e+03 3.2783426402954487e-02 6.9026133073817261e-02 -1.7433883884956899e-16 -3.8966481181736652e-03 3.6680074521127960e-02 -8.2695553964676517e-03 7.7295688470283744e-02 2.0852039907887644e-17 -1.9519087875745536e-16 2.3312603146198671e+03 1 8 3
9.9999990000000005e-01 1.4248851487335124e+00 4.0000000000000002e-01 1.0000000000000000e+00 1.4080000000000000e+03 3.3253522938879572e-02 7.1492482246731909e-02 9.4140130604586228e-17 -3.8138311910063264e-03 3.7067354129885162e-02 -8.2780988898543285e-03 7.9770581136585653e-02 -1.0884217267755796e-17 1.0502434787234027e-16 3.8552313726998400e+03 1 8 4
9.9999999437658671e-01 1.4239915066808428e+00 4.0000000000000002e-01 1.0000000000000000e+00 1.3820000000000000e+03 3.2526355586516273e-02 7.0165095845796943e-02 -1.6529046651170429e-16 -3.7451595822852019e-03 3.6271515168800679e-02 -8.1514817942410101e-03 7.8316577640036619e-02 1.9225133215180968e-17 -1.8451559972688225e-16 4.4491547370608896e+03 1 8 5
9.9999999968377229e-01 1.4237796056895153e+00 4.0000000000000002e-01 1.0000000000000000e+00 1.3920000000000000e+03 3.2572849038909661e-02 7.0439034868273784e-02 -4.9272536758623125e-17 -3.7347006812796677e-03 3.6307549720188591e-02 -8.1456626124169276e-03 7.8584697480689164e-02 5.7264216339815792e-18 -5.4998958392604129e-17 5.5083725767279975e+03 1 8 6
9.9999999998221722e-01 1.4237293568372837e+00 4.0000000000000002e-01 1.0000000000000000e+00 1.4020000000000000e+03 3.2425405304875234e-02 7.0134747985966778e-02 -6.2292169632242514e-17 -3.7301525553859478e-03 3.6155557860260194e-02 -8.1362637327711783e-03 7.8271011718736017e-02 7.2264538644361472e-18 -6.9518623496676938e-17 5.3015255397628061e+03 1 8 7
9.9999999999900002e-01 1.4237174411345936e+00 4.0000000000000002e-01 1.0000000000000000e+00 1.4120000000000000e+03 3.2488551660733118e-02 7.0352781213858850e-02 -6.8506089384307158e-17 -3.7335579217857850e-03 3.6222109582517738e-02 -8.1513355458149601e-03 7.8504116759671491e-02 7.9169294237685282e-18 -7.6423018808073466e-17 5.6156977622921113e+03 1 8 8
9.8999999999999999e-01 1.5107320705787066e+00 0.0000000000000000e+00 1.0000000000000000e+00 1.4670000000000000e+03 8.5489854080737726e-02 2.4337838149699487e-01 0.0000000000000000e+00 -8.0411552169643921e-03 9.3531009297702250e-02 -2.2892112322740087e-02 2.6627049381973511e-01 0.0000000000000000e+00 0.0000000000000000e+00 0.0000000000000000e+00 2 0 0
9.9943765867480960e-01 1.2028255776955934e+00 0.0000000000000000e+00 1.0000000000000000e+00 1.4590000000000000e+03 8.3618766664236718e-02 1.9387992958174458e-01 0.0000000000000000e+00 -1.1164756953509804e-02 9.4783523617746515e-02 -2.5886800036594840e-02 2.1976672961833935e-01 0.0000000000000000e+00 0.0000000000000000e+00 0.0000000000000000e+00 2 0 1
9.9996837722339826e-01 1.1086670650319901e+00 0.0000000000000000e+00 1.0000000000000000e+00 1.4600000000000000e+03 6.1470293924056112e-02 1.3322580204488249e-01 0.0000000000000000e+00 -9.0507387624730075e-03 7.0521032686529109e-02 -1.9615847814537495e-02 1.5284164985942003e-01 0.0000000000000000e+00 0.0000000000000000e+00 0.0000000000000000e+00 2 0 2
9.9999822172058994e-01 1.0757912405065346e+00 0.0000000000000000e+00 1.0000000000000000e+00 1.4700000000000000e+03 4.8264577969201292e-02 1.0211880868268028e-01 0.0000000000000000e+00 -7.3093364667538348e-03 5.5573914435955073e-02 -1.5465187175615243e-02 1.1758399585829551e-01 0.0000000000000000e+00 0.0000000000000000e+00 0.0000000000000000e+00 2 0 3
9.9999990000000005e-01 1.0636497917569949e+00 0.0000000000000000e+00 1.0000000000000000e+00 1.4800000000000000e+03 4.2407491420274682e-02 8.8927579935971834e-02 0.0000000000000000e+00 -6.4788356977002453e-03 4.8886327117974936e-02 -1.3585976441978707e-02 1.0251355637795044e-01 0.0000000000000000e+00 0.0000000000000000e+00 0.0000000000000000e+00 2 0 4
9.9999999437658671e-01 1.0590639528055161e+00 0.0000000000000000e+00 1.0000000000000000e+00 1.4900000000000000e+03 4.0037913213940846e-02 8.3674895670514088e-02 0.0000000000000000e+00 -6.1357312254327907e-03 4.6173644439373544e-02 -1.2823012713151118e-02 9.6497908383665162e-02 0.0000000000000000e+00 0.0000000000000000e+00 0.0000000000000000e+00 2 0 5
9.9999999968377229e-01 1.0573166399604736e+00 0.0000000000000000e+00 1.0000000000000000e+00 1.4640000000000000e+03 3.9110964677993645e-02 8.1632225017364335e-02 0.0000000000000000e+00 -6.0006132934545073e-03 4.5111577971448158e-02 -1.2524452379183648e-02 9.4156677396547955e-02 0.0000000000000000e+00 0.0000000000000000e+00 0.0000000000000000e+00 2 0 6
9.9999999998221722e-01 1.0566486186508675e+00 0.0000000000000000e+00 1.0000000000000000e+00 1.4740000000000000e+03 3.8752980216843466e-02 8.0845118748997719e-02 0.0000000000000000e+00 -5.9483098365089261e-03 4.4701290053352383e-02 -1.2409156983477165e-02 9.3254275732474926e-02 0.0000000000000000e+00 0.0000000000000000e+00 0.0000000000000000e+00 2 0 7
9.9999999999900002e-01 1.0563928833202860e+00 0.0000000000000000e+00 1.0000000000000000e+00 1.4930000000000000e+03 3.8615402521448385e-02 8.0542883098254400e-02 0.0000000000000000e+00 -5.9281918627740338e-03 4.4543594384222431e-02 -1.2364850111875084e-02 9.2907733210129434e-02 0.0000000000000000e+00 0.0000000000000000e+00 0.0000000000000000e+00 2 0 8
9.8999999999999999e-01 1.5383950742501826e+00 5.0000000000000003e-02 1.0000000000000000e+00 1.5570000000000000e+03 8.3421009224765377e-02 2.4018329642013253e-01 1.9480243561703873e-16 -7.7667380604624723e-03 9.1187747285227730e-02 -2.2356908337187068e-02 2.6254020475731726e-01 -1.8132361232111881e-17 2.1293479684915010e-16 1.2050250782212242e+02 2 1 0
9.9943765867480960e-01 1.2293301544429931e+00 5.0000000000000003e-02 1.0000000000000000e+00 1.5490000000000000e+03 8.4412791239067961e-02 1.9830719298235827e-01 3.5226433855647747e-16 -1.1098338128963018e-02 9.5511129368030967e-02 -2.6076991931351615e-02 2.2438418491370962e-01 -4.6322042968241587e-17 3.9858638152471859e-16 3.3531485930108465e+02 2 1 1
9.9996837722339826e-01 1.1405503204387275e+00 5.0000000000000003e-02 1.0000000000000000e+00 1.5770000000000000e+03 6.5638048549034600e-02 1.4472586445011829e-01 -2.6867290543418264e-16 -9.4400828201877934e-03 7.5078131369221313e-02 -2.0820059134896627e-02 1.6554592358501366e-01 3.8649231016671855e-17 -3.0732213645085118e-16 5.4783687687898055e+02 2 1 2
9.9999822172058994e-01 1.1150218463409538e+00 5.0000000000000003e-02 1.0000000000000000e+00 1.5420000000000000e+03 5.5969689619401561e-02 1.2108395888056113e-01 -1.0551365467581211e-16 -8.2233412115767218e-03 6.4193030830977840e-02 -1.7795525567110362e-02 1.3887948444766865e-01 1.5506098432923465e-17 -1.2101975310873491e-16 7.4959340646001510e+02 2 1 3
9.9999990000000005e-01 1.1083685937495917e+00 5.0000000000000003e-02 1.0000000000000000e+00 1.5520000000000000e+03 5.2925848808174657e-02 1.1391712481547689e-01 -2.0414834838676552e-16 -7.8128559179226394e-03 6.0738704726096444e-02 -1.6821441160700130e-02 1.3073856597617448e-01 3.0146387299913127e-17 -2.3429473568667595e-16 1.4748859216670971e+03 2 1 4
9.9999999437658671e-01 1.1067434212510869e+00 5.0000000000000003e-02 1.0000000000000000e+00 1.5620000000000000e+03 5.2139279123072452e-02 1.1208285342316696e-01 -4.8041884175134250e-17 -7.7051412842691165e-03 5.9844420407340441e-02 -1.6568682996922653e-02 1.2865153642008825e-01 7.1007567748938640e-18 -5.5142640950027684e-17 9.1013779074791819e+02 2 1 5
9.9999999968377229e-01 1.1063550840672705e+00 5.0000000000000003e-02 1.0000000000000000e+00 1.5720000000000000e+03 5.1949570126593222e-02 1.1164132451026230e-01 -1.4873612276513022e-16 -7.6789345576762178e-03 5.9628504684268537e-02 -1.6507352933374707e-02 1.2814867744363434e-01 2.1992211962695775e-17 -1.7072833472782237e-16 1.6485651767160743e+03 2 1 6
9.9999999998221722e-01 1.1062628248002320e+00 5.0000000000000003e-02 1.0000000000000000e+00 1.5460000000000000e+03 5.1904013592084047e-02 1.1153541815920479e-01 1.6012003335393137e-16 -7.6726813826346095e-03 5.9576694974718118e-02 -1.6492728376222187e-02 1.2802814653542555e-01 -2.3676405644927715e-17 1.8379643899885635e-16 1.7185638433319982e+03 2 1 7
9.9999999999900002e-01 1.1062409362623626e+00 5.0000000000000003e-02 1.0000000000000000e+00 1.5560000000000000e+03 5.1893216683170741e-02 1.1151031587647781e-01 -1.1399375781303822e-16 -7.6711962846684337e-03 5.9564412967838494e-02 -1.6489255644275513e-02 1.2799957152075137e-01 1.6858058285251607e-17 -1.3085181609828562e-16 1.7192914377448615e+03 2 1 8
9.8999999999999999e-01 1.5718656954988128e+00 1.0000000000000001e-01 1.0000000000000000e+00 1.6470000000000000e+03 8.2065267006421277e-02 2.3750272104081291e-01 0.0000000000000000e+00 -7.5177188793969715e-03 8.9582985885817978e-02 -2.1736372861971390e-02 2.5923909390278438e-01 0.0000000000000000e+00 0.0000000000000000e+00 1.7485423126607202e+02 2 2 0
9.9943765867480960e-01 1.2657768682452279e+00 1.0000000000000001e-01 1.0000000000000000e+00 1.6570000000000000e+03 8.3694416278868644e-02 1.9887743985504777e-01 -1.8363052561143301e-16 -1.0699760623937146e-02 9.4394176902804453e-02 -2.5435571826842269e-02 2.2431301168188830e-01 2.3487509245598279e-17 -2.0711803485703317e-16 5.0121174650988542e+02 2 2 1
9.9996837722339826e-01 1.1842083979020608e+00 1.0000000000000001e-01 1.0000000000000000e+00 1.6220000000000000e+03 6.6739578429849344e-02 1.4966720022490221e-01 1.9939676606504950e-16 -9.2443638884265843e-03 7.5983942318275308e-02 -2.0747255930224154e-02 1.7041445615512588e-01 -2.7640897477831020e-17 2.2703766354287033e-16 3.1190338132982142e+03 2 2 2
9.9999822172058994e-01 1.1630486337594881e+00 1.0000000000000001e-01 1.0000000000000000e+00 1.6320000000000000e+03 5.7165277823852369e-02 1.2609848995838796e-01 2.3668915660545501e-16 -8.2600101504463393e-03 6.5425287974297267e-02 -1.8242160501572503e-02 1.4434065045995950e-01 -3.4238677262938350e-17 2.7092783386838992e-16 8.5510146823711693e+02 2 2 3
9.9999990000000005e-01 1.1578618837497594e+00 1.0000000000000001e-01 1.0000000000000000e+00 1.6420000000000000e+03 4.7864184491919315e-02 1.0541309681553945e-01 -1.1703204718165237e-16 -7.7988828228530652e-03 5.5663067314772108e-02 -1.7159290829431011e-02 1.2257238764497000e-01 1.9050639765073532e-17 -1.3608268694672527e-16 6.9857429239805788e+02 2 2 4
9.9999999437658671e-01 1.1566208212427047e+00 1.0000000000000001e-01 1.0000000000000000e+00 1.6520000000000000e+03 4.2527914333188220e-02 9.3067743814954182e-02 -6.1995571219965864e-17 -7.4373115592131136e-03 4.9965225892401287e-02 -1.6307413546685683e-02 1.0937515736163915e-01 1.0862919594968807e-17 -7.2858490814934117e-17 7.1807667633704841e+02 2 2 5
9.9999999968377229e-01 1.1563258699109531e+00 1.0000000000000001e-01 1.0000000000000000e+00 1.6260000000000000e+03 4.2275382363824762e-02 9.2480322428589112e-02 1.2320853994197201e-16 -7.3902817193249159e-03 4.9665664083149576e-02 -1.6194493516296302e-02 1.0867481594488472e-01 -2.1575399488721957e-17 1.4478393943069293e-16 6.9912628395413049e+02 2 2 6
9.9999999998221722e-01 1.1562558890961292e+00 1.0000000000000001e-01 1.0000000000000000e+00 1.6360000000000000e+03 4.5312620450241231e-02 1.0002145630924798e-01 1.0895974481283635e-16 -7.6054623015733014e-03 5.2918082751814151e-02 -1.6727094333446418e-02 1.1674855064269350e-01 -1.8234147955305439e-17 1.2719389276814180e-16 6.0789006919483654e+02 2 2 7
9.9999999999900002e-01 1.1562392922476246e+00 1.0000000000000001e-01 1.0000000000000000e+00 1.6460000000000000e+03 4.5425870987848734e-02 1.0029407415096864e-01 1.1554202819072518e-16 -7.6069338947004897e-03 5.3032804882548981e-02 -1.6730734589190322e-02 1.1702480874015775e-01 -1.9248470938377909e-17 1.3479049912910185e-16 6.4287248645490035e+02 2 2 8
9.8999999999999999e-01 1.6098187775687343e+00 1.5000000000000002e-01 1.0000000000000000e+00 1.7100000000000000e+03 8.1156648261884262e-02 2.3509389588877311e-01 -7.0221727133258967e-17 -7.2839651579005571e-03 8.8440613419784403e-02 -2.1054061799049718e-02 2.5614795768782017e-01 6.2923060000109687e-18 -7.6514033133269590e-17 2.0932209221483208e+02 2 3 0
9.9943765867480960e-01 1.3075448481240148e+00 1.5000000000000002e-01 1.0000000000000000e+00 1.7020000000000000e+03 8.2519551877499084e-02 1.9780408716281775e-01 -2.1960665193312267e-16 -1.0187225960212957e-02 9.2706777837711515e-02 -2.4429705397781422e-02 2.2223379256059816e-01 2.7122421417426728e-17 -2.4672907335054518e-16 5.1493271566089243e+02 2 3 1
9.9996837722339826e-01 1.2311551464701807e+00 1.5000000000000002e-01 1.0000000000000000e+00 1.7570000000000000e+03 5.8254294964349002e-02 1.3248819732954303e-01 7.8868002001436792e-17 -8.7301009678163663e-03 6.6984395932164070e-02 -1.9848898737099867e-02 1.5233709606664159e-01 -1.1813948052041882e-17 9.0681950053478096e-17 7.9941535590891726e+02 2 3 2
9.9999822172058994e-01 1.2122147933166489e+00 1.5000000000000002e-01 1.0000000000000000e+00 1.7040000000000000e+03 5.8824982787391136e-02 1.3150643818309662e-01 -1.0066265539713956e-16 -7.9824759435085380e-03 6.6807458730898273e-02 -1.7893071916843934e-02 1.4939951009993815e-01 1.3691645971212256e-17 -1.1435430136834961e-16 1.0022731747340877e+03 2 3 3
9.9999990000000005e-01 1.2076567554252968e+00 1.5000000000000002e-01 1.0000000000000000e+00 1.7140000000000000e+03 5.6784435049833701e-02 1.2648622695078859e-01 7.1648075428706365e-17 -7.7202840701737895e-03 6.4504719120005882e-02 -1.7240703631775326e-02 1.4372693058256225e-01 -9.7703682533706352e-18 8.1418443682076435e-17 1.0527879135480616e+03 2 3 4
9.9999999437658671e-01 1.2065717419779096e+00 1.5000000000000002e-01 1.0000000000000000e+00 1.7240000000000000e+03 4.6332275083115694e-02 1.0005307278471122e-01 -1.0079339337397482e-16 -6.7668747896629565e-03 5.3099149872778112e-02 -1.4772505004703713e-02 1.1482557778941445e-01 1.4898227148364621e-17 -1.1569162052233953e-16 7.9676276824506931e+02 2 3 5
9.9999999968377229e-01 1.2063142066090327e+00 1.5000000000000002e-01 1.0000000000000000e+00 1.7340000000000000e+03 4.6178823933888474e-02 9.9685781231474299e-02 7.6657828446860087e-17 -6.7449473327131091e-03 5.2923771266601201e-02 -1.4718465538909938e-02 1.1440424677038341e-01 -1.1302146762802186e-17 8.7959975209662855e-17 1.0107752462779172e+03 2 3 6
9.9999999998221722e-01 1.2062531218040105e+00 1.5000000000000002e-01 1.0000000000000000e+00 1.7080000000000000e+03 4.6142664952819372e-02 9.9599240640014089e-02 9.0085910574451220e-17 -6.7397332567072591e-03 5.2882398209526081e-02 -1.4705620079079638e-02 1.1430486071909288e-01 -1.3333475186612959e-17 1.0341938576106402e-16 1.2032411851750221e+03 2 3 7
9.9999999999900002e-01 1.2062386358720092e+00 1.5000000000000002e-01 1.0000000000000000e+00 1.7180000000000000e+03 4.6134183652486956e-02 9.9578923118254253e-02 -1.3428904533325925e-16 -6.7384960304153994e-03 5.2872679682902372e-02 -1.4702572283622520e-02 1.1428149540187581e-01 1.9859894600965704e-17 -1.5414893993422379e-16 1.2024319419590756e+03 2 3 8
9.8999999999999999e-01 1.6512243629798418e+00 2.0000000000000001e-01 1.0000000000000000e+00 1.7820000000000000e+03 8.0586630223207015e-02 2.3290348276461240e-01 4.8136196522101618e-16 -7.0661734386238875e-03 8.7652803661829815e-02 -2.0343648268670252e-02 2.5324713103328089e-01 -4.2033962046484732e-17 5.2339592726749905e-16 2.8711250218003988e+02 2 4 0
9.9943765867480960e-01 1.3523303392837609e+00 2.0000000000000001e-01 1.0000000000000000e+00 1.8190000000000000e+03 8.1066716964474803e-02 1.9550077047626579e-01 -8.6819782685883327e-17 -9.6675665127632388e-03 9.0734283477236846e-02 -2.3307076248594811e-02 2.1880784672486034e-01 1.0350421075153631e-17 -9.7170203761036839e-17 9.5339242172194645e+02 2 4 1
9.9996837722339826e-01 1.2794349542463599e+00 2.0000000000000001e-01 1.0000000000000000e+00 1.7840000000000000e+03 6.5692458213132882e-02 1.5036523909779934e-01 2.1069891834111128e-16 -8.3859762564728775e-03 7.4078434469605214e-02 -1.9244701904094136e-02 1.6960994100189028e-01 -2.6952093510310325e-17 2.3765101185141709e-16 8.1140415031393059e+02 2 4 2
9.9999822172058994e-01 1.2617670108118311e+00 2.0000000000000001e-01 1.0000000000000000e+00 1.7940000000000000e+03 5.4950103047953232e-02 1.2252591318642439e-01 6.9417280037802953e-17 -7.4681160931783100e-03 6.2418219141131492e-02 -1.6815853394455148e-02 1.3934176658087849e-01 -9.5433536829031201e-18 7.8960633720705184e-17 8.1672365109203383e+02 2 4 3
9.9999990000000005e-01 1.2575480694055872e+00 2.0000000000000001e-01 1.0000000000000000e+00 1.8040000000000000e+03 5.5716567024721553e-02 1.2474517709691380e-01 -2.9527323343909485e-16 -7.3634486147709484e-03 6.3080015639491491e-02 -1.6596349303978158e-02 1.4134152640088912e-01 3.9316515777138065e-17 -3.3458974921623008e-16 1.7617100752578117e+03 2 4 4
9.9999999437658671e-01 1.2565458239921103e+00 2.0000000000000001e-01 1.0000000000000000e+00 1.8140000000000000e+03 5.5311380273680509e-02 1.2367231529720167e-01 -1.3730385195165547e-16 -7.3029720236921494e-03 6.2614352297372000e-02 -1.6444670365341141e-02 1.4011698566254113e-01 1.8257251671972913e-17 -1.5556110362362557e-16 2.1062677297901828e+03 2 4 5
9.9999999968377229e-01 1.2563080523197470e+00 2.0000000000000001e-01 1.0000000000000000e+00 1.7880000000000000e+03 5.5040612036964053e-02 1.2312236650141987e-01 -1.1868038454546859e-16 -7.2914817663569317e-03 6.2332093803320325e-02 -1.6417090034608828e-02 1.3953945653602681e-01 1.5793081376646521e-17 -1.3447346592211306e-16 1.7240871527499985e+03 2 4 6
9.9999999998221722e-01 1.2562516621390825e+00 2.0000000000000001e-01 1.0000000000000000e+00 1.7980000000000000e+03 5.5249750884191519e-02 1.2354358051980086e-01 -3.4435050275077195e-16 -7.2880230910092230e-03 6.2537773975200009e-02 -1.6408415805544051e-02 1.3995199632534416e-01 4.5745936456912585e-17 -3.9009643920767715e-16 2.4659042163158301e+03 2 4 7
9.9999999999900002e-01 1.2562382895425168e+00 2.0000000000000001e-01 1.0000000000000000e+00 1.8080000000000000e+03 5.5242309711883771e-02 1.2352498835985333e-01 -1.3424474262517440e-16 -7.2871948074143666e-03 6.2529504519297355e-02 -1.6406341643714871e-02 1.3993133000356703e-01 1.7807923178223217e-17 -1.5205266580339583e-16 2.5456308572280686e+03 2 4 8
9.8999999999999999e-01 1.6953027904322373e+00 2.5000000000000000e-01 1.0000000000000000e+00 1.9170000000000000e+03 8.0280221270533025e-02 2.3089737545902236e-01 -7.6683489414648187e-16 -6.8637177796117676e-03 8.7143939050145003e-02 -1.9629214327326439e-02 2.5052658978634779e-01 6.5164823736726690e-17 -8.3199971788320739e-16 2.5472002154309303e+02 2 5 0
9.9943765867480960e-01 1.3989541778454611e+00 2.5000000000000000e-01 1.0000000000000000e+00 1.8730000000000000e+03 8.0349438039549956e-02 1.9420574588290368e-01 2.2305171026155983e-16 -9.1841207208521770e-03 8.9533558760401699e-02 -2.2186496012105296e-02 2.1639224189500667e-01 -2.5479781535981180e-17 2.4853149179754056e-16 7.9938391978386790e+02 2 5 1
9.9996837722339826e-01 1.3283895781049113e+00 2.5000000000000000e-01 1.0000000000000000e+00 1.8920000000000000e+03 6.4145890352002369e-02 1.4697582949302404e-01 2.4683827106568294e-16 -7.9398641819613258e-03 7.2085754533962654e-02 -1.8295479071563574e-02 1.6527130856458516e-01 -3.0736295373433930e-17 2.7757456643911353e-16 9.7956153718288988e+02 2 5 2
9.9999822172058994e-01 1.3115009764324723e+00 2.5000000000000000e-01 1.0000000000000000e+00 1.8660000000000000e+03 5.8744935278341882e-02 1.3345537915332550e-01 9.5989250915197270e-17 -7.2536400740376141e-03 6.5998575352377159e-02 -1.6514912805398362e-02 1.4997029195872014e-01 -1.1892709868198036e-17 1.0788196078339425e-16 1.4229527439898811e+03 2 5 3
9.9999990000000005e-01 1.3074838836416764e+00 2.5000000000000000e-01 1.0000000000000000e+00 1.8760000000000000e+03 5.7080190326146481e-02 1.2930970531603367e-01 -5.7425044859741833e-17 -7.0434926721189769e-03 6.4123682998263917e-02 -1.5983593403714368e-02 1.4529329871974536e-01 7.0981413652201867e-18 -6.4523186224960832e-17 2.1199873984369915e+03 2 5 4
9.9999999437658671e-01 1.3065305401912248e+00 2.5000000000000000e-01 1.0000000000000000e+00 1.8860000000000000e+03 5.6631065279172194e-02 1.2819009317247448e-01 -3.1310310453164109e-16 -6.9901492245440450e-03 6.3621214503714343e-02 -1.5849537057509216e-02 1.4403963022998137e-01 3.8712346135972610e-17 -3.5181545066760455e-16 2.0580662274591159e+03 2 5 5
9.9999999968377229e-01 1.3063044243897786e+00 2.5000000000000000e-01 1.0000000000000000e+00 1.8960000000000000e+03 5.6564278273189016e-02 1.2804904027377262e-01 3.2531837696685524e-16 -6.9775445007045824e-03 6.3541822773891823e-02 -1.5818016878141345e-02 1.4386705715191173e-01 -4.0184684504454239e-17 3.6550306147130380e-16 2.7505194966739509e+03 2 5 6
9.9999999998221722e-01 1.3062508014874141e+00 2.5000000000000000e-01 1.0000000000000000e+00 1.8700000000000000e+03 5.6533764149720792e-02 1.2796579471897068e-01 -2.1806797701397427e-16 -6.9744366777116772e-03 6.3508200827429750e-02 -1.5810193988557108e-02 1.4377598870752464e-01 2.6949206391764317e-17 -2.4501718340573218e-16 2.4508484100010246e+03 2 5 7
9.9999999999900002e-01 1.3062380851453801e+00 2.5000000000000000e-01 1.0000000000000000e+00 1.8800000000000000e+03 5.6531745364543320e-02 1.2796314809032033e-01 1.5792859091087986e-16 -6.9737193249068633e-03 6.3505464689448385e-02 -1.5808401368504435e-02 1.4377154945882203e-01 -1.9512544665838606e-17 1.7744113557671449e-16 2.6758536222570110e+03 2 5 8
9.8999999999999999e-01 1.7414693679009918e+00 3.0000000000000004e-01 1.0000000000000000e+00 1.9800000000000000e+03 8.0132482359567797e-02 2.2893446183140506e-01 1.7029397178042857e-16 -6.6729101556373335e-03 8.6805392515205207e-02 -1.8922558628968560e-02 2.4785702046037214e-01 -1.4086639864028692e-17 1.8438061164445813e-16 4.9252523929579183e+02 2 6 0
9.9943765867480960e-01 1.4467709933903039e+00 3.0000000000000004e-01 1.0000000000000000e+00 1.9810000000000000e+03 7.9705407666258776e-02 1.9278250855170603e-01 4.4576131523383911e-16 -8.7476283735390455e-03 8.8453036039796068e-02 -2.1117514015793541e-02 2.1390002256749976e-01 -4.8832664252591064e-17 4.9459397948642847e-16 1.0171776661230251e+03 2 6 1
9.9996837722339826e-01 1.3777354578909498e+00 3.0000000000000004e-01 1.0000000000000000e+00 1.9550000000000000e+03 6.5084353603431400e-02 1.5038144725546948e-01 2.9603437151651552e-16 -7.5699682394049809e-03 7.2654321842835767e-02 -1.7489683637132891e-02 1.6787113089260036e-01 -3.4429660361794900e-17 3.3046403187830411e-16 1.5530196970719844e+03 2 6 2
9.9999822172058994e-01 1.3613364019906138e+00 3.0000000000000004e-01 1.0000000000000000e+00 1.9650000000000000e+03 5.8922275280816346e-02 1.3446278052796032e-01 -2.4254386814304350e-16 -6.9147671411493410e-03 6.5837042421963213e-02 -1.5781308164517092e-02 1.5024408869247477e-01 2.8466615553302882e-17 -2.7101048369634518e-16 3.8603615826158784e+03 2 6 3
9.9999990000000005e-01 1.3574442949534951e+00 3.0000000000000004e-01 1.0000000000000000e+00 1.9750000000000000e+03 5.7145012761570628e-02 1.2997652451780609e-01 -3.2667208570708843e-16 -6.7185558499195594e-03 6.3863568611487981e-02 -1.5282008328620823e-02 1.4525853284642384e-01 3.8408332255982965e-17 -3.6508041796306168e-16 4.0064886447391473e+03 2 6 4
9.9999999437658671e-01 1.3565211202021479e+00 3.0000000000000004e-01 1.0000000000000000e+00 1.9490000000000000e+03 5.6699767169278222e-02 1.2885529990318520e-01 1.3390011275566641e-16 -6.6703285457135521e-03 6.3370095714989638e-02 -1.5161808751553298e-02 1.4401710865473760e-01 -1.5756255605165515e-17 1.4965636836083003e-16 4.8551626373550389e+03 2 6 5
9.9999999968377229e-01 1.3563021887387228e+00 3.0000000000000004e-01 1.0000000000000000e+00 1.9590000000000000e+03 5.6584784849161171e-02 1.2856202765787933e-01 -2.0324334472404787e-16 -6.6579950181761731e-03 6.3242779867335577e-02 -1.5130706771149053e-02 1.4369273442902689e-01 2.3920790711082670e-17 -2.2716413543512160e-16 4.4438413366631139e+03 2 6 6
9.9999999998221722e-01 1.3562502711704374e+00 3.0000000000000004e-01 1.0000000000000000e+00 1.9690000000000000e+03 5.6553032081298776e-02 1.2848472478856363e-01 -2.4420676392539520e-16 -6.6582560181837379e-03 6.3211288099479596e-02 -1.5130282166342409e-02 1.4361500695490390e-01 2.8757947907219728e-17 -2.7296471183260907e-16 4.7539017503701616e+03 2 6 7
9.9999999999900002e-01 1.3562379591983940e+00 3.0000000000000004e-01 1.0000000000000000e+00 1.9790000000000000e+03 5.6544623881690174e-02 1.2846463654117327e-01 2.7269336600578403e-16 -6.6576619693989982e-03 6.3202285851087045e-02 -1.5128758190111466e-02 1.4359339473128266e-01 -3.2114293431576329e-17 3.0480765943735684e-16 4.4050193049199879e+03 2 6 8
9.8999999999999999e-01 1.7892853349186630e+00 3.5000000000000003e-01 1.0000000000000000e+00 2.0340000000000000e+03 8.0161605981302869e-02 2.2716704656260073e-01 3.0264730263587512e-16 -6.4877700299729784e-03 8.6649376011275633e-02 -1.8225311106952261e-02 2.4539235766955320e-01 -2.4280992026274011e-17 3.2692829466214644e-16 6.8391334742703475e+02 2 7 0
9.9943765867480960e-01 1.4954030949391914e+00 3.5000000000000003e-01 1.0000000000000000e+00 2.0350000000000000e+03 7.9080089437381706e-02 1.9072307462989788e-01 -3.1400251551054345e-16 -8.3567655378603660e-03 8.7436854975240924e-02 -2.0117125959754779e-02 2.1084020058965022e-01 3.3123869704031248e-17 -3.4712638521457124e-16 1.1784050806800369e+03 2 7 1
9.9996837722339826e-01 1.4273296666611612e+00 3.5000000000000003e-01 1.0000000000000000e+00 2.0270000000000000e+03 6.4966616783068004e-02 1.5022918050413214e-01 3.7864184552677612e-17 -7.2238212167616469e-03 7.2190437999828827e-02 -1.6676771958081562e-02 1.6690595246221168e-01 -4.1979534254644272e-18 4.2062137978141916e-17 4.1545068573669996e+03 2 7 2
9.9999822172058994e-01 1.4112347758468946e+00 3.5000000000000003e-01 1.0000000000000000e+00 2.0370000000000000e+03 5.8855322596161608e-02 1.3443201847430647e-01 -1.5296241288121519e-16 -6.6096565500987662e-03 6.5464979146257832e-02 -1.5078452453178216e-02 1.4951047092748176e-01 1.7153256952366933e-17 -1.7011566983357639e-16 4.5087099249430466e+03 2 7 3
9.9999990000000005e-01 1.4074198789204411e+00 3.5000000000000003e-01 1.0000000000000000e+00 2.0470000000000000e+03 5.7115342351692820e-02 1.3003504722592241e-01 1.6191427060048378e-17 -6.4261641151977444e-03 6.3541506466886249e-02 -1.4614341942806437e-02 1.4464938916872577e-01 -1.8181407107872464e-18 1.8009567770835263e-17 5.3570730132849421e+03 2 7 4
9.9999999437658671e-01 1.4065153122568941e+00 3.5000000000000003e-01 1.0000000000000000e+00 2.0570000000000000e+03 5.6683309342657598e-02 1.2895239097102412e-01 -1.7179909624379523e-16 -6.3810582786637598e-03 6.3064367621318645e-02 -1.4501618046592148e-02 1.4345400901761249e-01 1.9320036299575595e-17 -1.9111913254336464e-16 6.8121538999830373e+03 2 7 5
9.9999999968377229e-01 1.4063008104510182e+00 3.5000000000000003e-01 1.0000000000000000e+00 2.0310000000000000e+03 5.6577804236680455e-02 1.2868747787488846e-01 3.4487678050097712e-18 -6.3698693846778185e-03 6.2947673621353506e-02 -1.4473473563386425e-02 1.4316095143827040e-01 -3.8496645738536490e-19 3.8337342623949944e-18 6.9153832496849354e+03 2 7 6
9.9999999998221722e-01 1.4062499444034862e+00 3.5000000000000003e-01 1.0000000000000000e+00 2.0410000000000000e+03 5.6549997442688071e-02 1.2861453481317064e-01 2.5113243681346410e-17 -6.3678069804653974e-03 6.2917804423150217e-02 -1.4468467827156667e-02 1.4308300264032217e-01 -2.8278743704325914e-18 2.7941118051777561e-17 6.1822422813700978e+03 2 7 7
9.9999999999900002e-01 1.4062378818877830e+00 3.5000000000000003e-01 1.0000000000000000e+00 2.0510000000000000e+03 5.6544102283649658e-02 1.2859973703914604e-01 -1.5188544977452358e-16 -6.3671815271452714e-03 6.2911283810792543e-02 -1.4466897839771701e-02 1.4306663487891519e-01 1.7090581381334331e-17 -1.6897603115585262e-16 6.0334431306370534e+03 2 7 8
9.8999999999999999e-01 1.8384193681229692e+00 4.0000000000000002e-01 1.0000000000000000e+00 2.1240000000000000e+03 8.0195737838248224e-02 2.2524992606274274e-01 -4.6454124657000954e-16 -6.2971562304296050e-03 8.6492894068677967e-02 -1.7522456011927437e-02 2.4277238207467025e-01 3.6111169090172152e-17 -5.0065241566018400e-16 4.9941154746315442e+02 2 8 0
9.9943765867480960e-01 1.5446162244444142e+00 4.0000000000000002e-01 1.0000000000000000e+00 2.1430000000000000e+03 7.8919725491599257e-02 1.9004087209350434e-01 -3.3758040290888463e-16 -8.0154424629892990e-03 8.6935167954587417e-02 -1.9214681341689063e-02 2.0925555343519273e-01 3.4132130618205748e-17 -3.7171253352708917e-16 1.9294901085069869e+03 2 8 1
9.9996837722339826e-01 1.4770919836191942e+00 4.0000000000000002e-01 1.0000000000000000e+00 2.1080000000000000e+03 6.4875874831326258e-02 1.4981132758847543e-01 1.5191864724229964e-16 -6.9281786604283241e-03 7.1804053491752812e-02 -1.5951400416234912e-02 1.6576272800470818e-01 -1.6171247323614575e-17 1.6808989456591024e-16 4.8775342539551202e+03 2 8 2
9.9999822172058994e-01 1.4611751314555532e+00 4.0000000000000002e-01 1.0000000000000000e+00 2.1180000000000000e+03 5.8805177052053383e-02 1.3410781595619015e-01 1.8806170197496311e-16 -6.3430493794105081e-03 6.5148226431461190e-02 -1.4438738111854603e-02 1.4854655406804032e-01 -2.0255539178727096e-17 2.0831724115368499e-16 8.6981411366679240e+03 2 8 3
9.9999990000000005e-01 1.4574055441959308e+00 4.0000000000000002e-01 1.0000000000000000e+00 2.1280000000000000e+03 5.7063373238536753e-02 1.2971100252594447e-01 1.0253589907477600e-16 -6.1687676215120314e-03 6.3232140860045943e-02 -1.4000033525027834e-02 1.4371103605096744e-01 -1.1064786082614881e-17 1.1360068515738459e-16 5.5977250428090338e+03 2 8 4
9.9999999437658671e-01 1.4565119021432613e+00 4.0000000000000002e-01 1.0000000000000000e+00 2.1380000000000000e+03 5.6633623599907666e-02 1.2864249263090144e-01 -1.1084349551382981e-16 -6.1225804373042673e-03 6.2756204037209135e-02 -1.3883594787605999e-02 1.4252608741850359e-01 1.1967303867305424e-17 -1.2281079938112898e-16 5.7375392899760045e+03 2 8 5
9.9999999968377229e-01 1.4563000011519338e+00 4.0000000000000002e-01 1.0000000000000000e+00 2.1120000000000000e+03 5.6525699534289452e-02 1.2836869530400230e-01 -1.6762033441000360e-16 -6.1127878644367979e-03 6.2638487398724671e-02 -1.3859493527149517e-02 1.4222818883115015e-01 1.8101751956183484e-17 -1.8572208636618199e-16 6.3008709943769500e+03 2 8 6
9.9999999998221722e-01 1.4562497522997022e+00 4.0000000000000002e-01 1.0000000000000000e+00 2.1220000000000000e+03 5.6499374237106020e-02 1.2830506410878459e-01 7.2922960578760740e-17 -6.1103090970204997e-03 6.2609683334125130e-02 -1.3853318676926407e-02 1.4215838278570883e-01 -7.8714028481383405e-18 8.0794363426897074e-17 6.7330668846028857e+03 2 8 7
9.9999999999900002e-01 1.4562378365970121e+00 4.0000000000000002e-01 1.0000000000000000e+00 2.1320000000000000e+03 5.6493302828288662e-02 1.2828988233816635e-01 -1.5837242433052731e-16 -6.1096938651617290e-03 6.2602996693449292e-02 -1.3851767607762895e-02 1.4214164994592637e-01 1.7097637035371524e-17 -1.7547006136589432e-16 6.4364517153040506e+03 2 8 8
9.8999999999999999e-01 1.5878500812760041e+00 0.0000000000000000e+00 1.0000000000000000e+00 2.1960000000000000e+03 7.7313860929846850e-02 2.3123405830657839e-01 0.0000000000000000e+00 -7.0689477904832725e-03 8.4382808720330271e-02 -2.1142153113190867e-02 2.5237621141976901e-01 0.0000000000000000e+00 0.0000000000000000e+00 0.0000000000000000e+00 3 0 0
9.9943765867480960e-01 1.2799435883928909e+00 0.0000000000000000e+00 1.0000000000000000e+00 2.2060000000000000e+03 8.8226742295453187e-02 2.1593465302600517e-01 0.0000000000000000e+00 -1.1342430946072093e-02 9.9569173241525408e-02 -2.7760561334221737e-02 2.4369521436022695e-01 0.0000000000000000e+00 0.0000000000000000e+00 0.0000000000000000e+00 3 0 1
9.9996837722339826e-01 1.1857850757292876e+00 0.0000000000000000e+00 1.0000000000000000e+00 2.2070000000000000e+03 7.9666568237378013e-02 1.8253318199379057e-01 0.0000000000000000e+00 -1.1174492651394372e-02 9.0841060888772390e-02 -2.5603157584843057e-02 2.0813633957863339e-01 0.0000000000000000e+00 0.0000000000000000e+00 0.0000000000000000e+00 3 0 2
9.9999822172058994e-01 1.1529092512038321e+00 0.0000000000000000e+00 1.0000000000000000e+00 2.2170000000000000e+03 7.3514693716607460e-02 1.6451989497010713e-01 0.0000000000000000e+00 -1.0573926294165672e-02 8.4088620010773052e-02 -2.3663585541740452e-02 1.8818348051184752e-01 0.0000000000000000e+00 0.0000000000000000e+00 0.0000000000000000e+00 3 0 3
9.9999990000000005e-01 1.1407678024542924e+00 0.0000000000000000e+00 1.0000000000000000e+00 2.1910000000000000e+03 7.0664693815566865e-02 1.5676373762349310e-01 0.0000000000000000e+00 -1.0250837569526026e-02 8.0915531385092679e-02 -2.2740629363856735e-02 1.7950436698734962e-01 0.0000000000000000e+00 0.0000000000000000e+00 0.0000000000000000e+00 3 0 4
9.9999999437658671e-01 1.1361819635028136e+00 0.0000000000000000e+00 1.0000000000000000e+00 2.2010000000000000e+03 6.9495145008619502e-02 1.5365913179793739e-01 0.0000000000000000e+00 -1.0112901068756376e-02 7.9608046077375955e-02 -2.2360405147594152e-02 1.7601953694553180e-01 0.0000000000000000e+00 0.0000000000000000e+00 0.0000000000000000e+00 3 0 5
9.9999999968377229e-01 1.1344346506577712e+00 0.0000000000000000e+00 1.0000000000000000e+00 2.2110000000000000e+03 6.9035314784611973e-02 1.5244961953240402e-01 0.0000000000000000e+00 -1.0057962398826401e-02 7.9093277183438296e-02 -2.2210843041076341e-02 1.7466046257348050e-01 0.0000000000000000e+00 0.0000000000000000e+00 0.0000000000000000e+00 3 0 6
9.9999999998221722e-01 1.1337666293481650e+00 0.0000000000000000e+00 1.0000000000000000e+00 2.2210000000000000e+03 6.8857398039480322e-02 1.5198325064179558e-01 0.0000000000000000e+00 -1.0036606747692810e-02 7.8894004787173053e-02 -2.2152973570873584e-02 1.7413622421266914e-01 0.0000000000000000e+00 0.0000000000000000e+00 0.0000000000000000e+00 3 0 7
9.9999999999900002e-01 1.1335108940175835e+00 0.0000000000000000e+00 1.0000000000000000e+00 2.2040000000000000e+03 6.8788974321904284e-02 1.5180412902869048e-01 0.0000000000000000e+00 -1.0028379528211208e-02 7.8817353850115499e-02 -2.2130718401546116e-02 1.7393484743023660e-01 0.0000000000000000e+00 0.0000000000000000e+00 0.0000000000000000e+00 3 0 8
9.8999999999999999e-01 1.6155130849474801e+00 5.0000000000000003e-02 1.0000000000000000e+00 2.2680000000000000e+03 7.5095707528613040e-02 2.2744077076785241e-01 -4.3784336809117484e-16 -6.7734890435446338e-03 8.1869196572157757e-02 -2.0508137620114060e-02 2.4794890838796652e-01 3.9479475141819538e-17 -4.7732284323299142e-16 8.2681726409122348e+01 3 1 0
9.9943765867480960e-01 1.3064481651402906e+00 5.0000000000000003e-02 1.0000000000000000e+00 2.3140000000000000e+03 8.7960302020941392e-02 2.1831780120226835e-01 -1.2589775923685154e-16 -1.1100682967571204e-02 9.9060984988511819e-02 -2.7553181032766268e-02 2.4587098223503534e-01 1.5889258826612885e-17 -1.4178701806346335e-16 1.9525915420893580e+02 3 1 1
9.9996837722339826e-01 1.2176683311360250e+00 5.0000000000000003e-02 1.0000000000000000e+00 2.2790000000000000e+03 8.1828795564967846e-02 1.9091260419139422e-01 8.4782227545774011e-17 -1.1199758004787466e-02 9.3028553569754285e-02 -2.6134056827197539e-02 2.1704666101859021e-01 -1.1605852646566789e-17 9.6388080192340115e-17 3.3373386854701675e+02 3 1 2
9.9999822172058994e-01 1.1921398570382513e+00 5.0000000000000003e-02 1.0000000000000000e+00 2.2890000000000000e+03 7.8021778842524661e-02 1.7873071484476560e-01 -1.8614420061813557e-16 -1.0889848506049507e-02 8.8911627348574107e-02 -2.4951110747048397e-02 2.0368182559181308e-01 2.5987460841956809e-17 -2.1213166146009203e-16 3.7073847830016166e+02 3 1 3
9.9999990000000005e-01 1.1854866044468892e+00 5.0000000000000003e-02 1.0000000000000000e+00 2.2990000000000000e+03 7.6819275883899432e-02 1.7513060605953029e-01 -1.6031941963531379e-16 -1.0772505841252913e-02 8.7591781725151557e-02 -2.4563895361949493e-02 1.9969450142147943e-01 2.2487448598172437e-17 -1.8280686823348524e-16 3.7622185554099269e+02 3 1 4
9.9999999437658671e-01 1.1838614319483844e+00 5.0000000000000003e-02 1.0000000000000000e+00 2.2730000000000000e+03 7.6510985299601861e-02 1.7422211164598114e-01 -5.5673931452911044e-17 -1.0741258401500567e-02 8.7252243701101823e-02 -2.4463818992667755e-02 1.9868593063864776e-01 7.8170975013431808e-18 -6.3491028954253748e-17 4.0932631024811417e+02 3 1 5
9.9999999968377229e-01 1.1834730947645680e+00 5.0000000000000003e-02 1.0000000000000000e+00 2.2830000000000000e+03 7.6436361936911779e-02 1.7400308996512634e-01 -2.2712680041158442e-16 -1.0733636801520306e-02 8.7169998738431870e-02 -2.4439577491701583e-02 1.9844266745682826e-01 3.1900073929402319e-17 -2.5902687434098408e-16 3.9309585539205000e+02 3 1 6
9.9999999998221722e-01 1.1833808354975295e+00 5.0000000000000003e-02 1.0000000000000000e+00 2.2930000000000000e+03 7.6418609917573030e-02 1.7395101756700090e-01 3.2596741982384373e-16 -1.0731817241687043e-02 8.7150427159259844e-02 -2.4433799578698366e-02 1.9838481714569892e-01 -4.5786089113714048e-17 3.7175350893755669e-16 4.3153634732100181e+02 3 1 7
9.9999999999900002e-01 1.1833589469596602e+00 5.0000000000000003e-02 1.0000000000000000e+00 2.3030000000000000e+03 7.6414389586390477e-02 1.7393864428306827e-01 8.9524346389921816e-17 -1.0731385057510919e-02 8.7145774643900401e-02 -2.4432427724991976e-02 1.9837107200805837e-01 -1.2573627227735415e-17 1.0209797361765668e-16 4.0109010191913694e+02 3 1 8
9.8999999999999999e-01 1.6489837061961103e+00 1.0000000000000001e-01 1.0000000000000000e+00 2.3760000000000000e+03 7.3359911386248144e-02 2.2385842417162174e-01 2.3140456649950013e-16 -6.4978527098406300e-03 7.9857764096089023e-02 -1.9801446380596128e-02 2.4365987055221827e-01 -2.0472843629729779e-17 2.5187741012922931e-16 1.0922040624893270e+02 3 2 0
9.9943765867480960e-01 1.3428948789425255e+00 1.0000000000000001e-01 1.0000000000000000e+00 2.3680000000000000e+03 8.6892232899797361e-02 2.1849125297340205e-01 -1.9853801790951528e-17 -1.0652676100374573e-02 9.7544909000171348e-02 -2.6785812547866304e-02 2.4527706552126829e-01 2.4338133051659126e-18 -2.2287615096117230e-17 2.7637542730499990e+02 3 2 1
9.9996837722339826e-01 1.2613264085993583e+00 1.0000000000000001e-01 1.0000000000000000e+00 2.3690000000000000e+03 8.2269645521778595e-02 1.9551751449338950e-01 -2.6048165556965341e-16 -1.0851426537966438e-02 9.3121072059745236e-02 -2.5798752454190974e-02 2.2131626694758105e-01 3.4370842777497145e-17 -2.9485249834714796e-16 4.2802478769305162e+02 3 2 2
9.9999822172058994e-01 1.2401666444567856e+00 1.0000000000000001e-01 1.0000000000000000e+00 2.3790000000000000e+03 7.9563067745008570e-02 1.8622577941355659e-01 3.4846998687797940e-16 -1.0663024751971095e-02 9.0226092496979035e-02 -2.4970164026309308e-02 2.1119594343986650e-01 -4.6723588767438034e-17 3.9519357564541450e-16 4.8654740544385277e+02 3 2 3
9.9999990000000005e-01 1.2349798944470569e+00 1.0000000000000001e-01 1.0000000000000000e+00 2.3530000000000000e+03 7.8763619130310089e-02 1.8365612181690291e-01 -2.0389925505448850e-16 -1.0593873078662186e-02 8.9357492208971642e-02 -2.4714901384019067e-02 2.0837102320092238e-01 2.7439052567878060e-17 -2.3133830762236227e-16 5.1997544371592812e+02 3 2 4
9.9999999437658671e-01 1.2337388319400022e+00 1.0000000000000001e-01 1.0000000000000000e+00 2.3630000000000000e+03 7.8563367287267982e-02 1.8302210333070934e-01 -1.3936178373072826e-16 -1.0575805790709049e-02 8.9139173077976586e-02 -2.4650405417694473e-02 2.0767250874840298e-01 1.8768769215202962e-17 -1.5813055294593017e-16 5.5335980839817785e+02 3 2 5
9.9999999968377229e-01 1.2334438806082506e+00 1.0000000000000001e-01 1.0000000000000000e+00 2.3730000000000000e+03 7.8515378610220787e-02 1.8287062208020771e-01 -2.6680412900131379e-16 -1.0571422652198383e-02 8.9086801262419107e-02 -2.4634877165486888e-02 2.0750549924569484e-01 3.5942963606807418e-17 -3.0274709260812223e-16 5.5589410857087933e+02 3 2 6
9.9999999998221722e-01 1.2333738997934267e+00 1.0000000000000001e-01 1.0000000000000000e+00 2.3830000000000000e+03 7.8503933712698870e-02 1.8283454433695376e-01 1.1696700674944374e-17 -1.0570377628257454e-02 8.9074311340956405e-02 -2.4631181535821400e-02 2.0746572587277376e-01 -1.5720650001663104e-18 1.3268765675110679e-17 5.4860225882893428e+02 3 2 7
9.9999999999900002e-01 1.2333573029449221e+00 1.0000000000000001e-01 1.0000000000000000e+00 2.3930000000000000e+03 7.8501228619036884e-02 1.8282600925081666e-01 2.6673792866398044e-16 -1.0570129511256073e-02 8.9071358130293515e-02 -2.4630304455625668e-02 2.0745631370644133e-01 -3.5936143322894906e-17 3.0267407198687241e-16 5.4821390715194866e+02 3 2 8
9.8999999999999999e-01 1.6869367882660318e+00 1.5000000000000002e-01 1.0000000000000000e+00 2.4660000000000000e+03 7.2031486378888662e-02 2.2047040054313621e-01 -2.6173717204725917e-16 -6.2464930772796251e-03 7.8277979456167962e-02 -1.9060024666928129e-02 2.3953042521006329e-01 2.2619053707153444e-17 -2.8435622575441006e-16 1.3550314113497734e+02 3 3 0
9.9943765867480960e-01 1.3846628588213123e+00 1.5000000000000002e-01 1.0000000000000000e+00 2.4400000000000000e+03 8.5575542097401688e-02 2.1734747392892692e-01 -5.6887234865254332e-16 -1.0134546234233049e-02 9.5710088331634705e-02 -2.5728193301982345e-02 2.4307566723090934e-01 6.7341514318258134e-17 -6.3621386297080415e-16 3.6445268642599694e+02 3 3 1
9.9996837722339826e-01 1.3082731571674782e+00 1.5000000000000002e-01 1.0000000000000000e+00 2.4590000000000000e+03 8.1773612343735980e-02 1.9712083592334989e-01 3.1384216618842013e-16 -1.0349279824329939e-02 9.2122892168065365e-02 -2.4955166201777394e-02 2.2207600212512582e-01 -3.9733276661193811e-17 3.5357544284961107e-16 5.0963171749794856e+02 3 3 2
9.9999822172058994e-01 1.2893328040139465e+00 1.5000000000000002e-01 1.0000000000000000e+00 2.4600000000000000e+03 7.9579574589224170e-02 1.8922922689233751e-01 -1.1937508825068921e-16 -1.0211506519421864e-02 8.9791081108645726e-02 -2.4293730199721413e-02 2.1352295709205782e-01 1.5323403310293583e-17 -1.3469849156098199e-16 5.6846552065503784e+02 3 3 3
9.9999990000000005e-01 1.2847747661225943e+00 1.5000000000000002e-01 1.0000000000000000e+00 2.4340000000000000e+03 7.8943415588741836e-02 1.8708680426912211e-01 -8.3083231081247759e-17 -1.0160866505290765e-02 8.9104282094031553e-02 -2.4093342112755760e-02 2.1118014638187491e-01 1.0699593261500944e-17 -9.3782824342747387e-17 5.9565561015997082e+02 3 3 4
9.9999999437658671e-01 1.2836897526752071e+00 1.5000000000000002e-01 1.0000000000000000e+00 2.4440000000000000e+03 7.8785031639789671e-02 1.8656119373136995e-01 1.9606806566515342e-16 -1.0147676176962809e-02 8.8932707816752540e-02 -2.4042985040314623e-02 2.1060417877167975e-01 -2.5271980444108102e-17 2.2134004610926051e-16 6.6374777518794872e+02 3 3 5
9.9999999968377229e-01 1.2834322173063302e+00 1.5000000000000002e-01 1.0000000000000000e+00 2.4540000000000000e+03 7.8747125157877698e-02 1.8643579925247733e-01 -2.7229406942762717e-16 -1.0144479080623492e-02 8.8891604238500496e-02 -2.4030877710706382e-02 2.1046667696318105e-01 3.5098960381300814e-17 -3.0739302980892911e-16 8.5520859457389452e+02 3 3 6
9.9999999998221722e-01 1.2833711325013080e+00 1.5000000000000002e-01 1.0000000000000000e+00 2.4640000000000000e+03 7.8738096918796144e-02 1.8640595968722593e-01 1.1059671194227420e-17 -1.0143717000340460e-02 8.8881813919136202e-02 -2.4027997196813131e-02 2.1043395688403613e-01 -1.4217857567296388e-18 1.2481456950957029e-17 1.1005098388851620e+03 3 3 7
9.9999999999900002e-01 1.2833566465693067e+00 1.5000000000000002e-01 1.0000000000000000e+00 2.4740000000000000e+03 7.8735940122249340e-02 1.8639884673336482e-01 -1.7197850997126627e-16 -1.0143536058440835e-02 8.8879476180689920e-02 -2.4027313588166146e-02 2.1042616032152733e-01 2.2171041852192015e-17 -1.9414955182345666e-16 1.2027855593869463e+03 3 3 8
9.8999999999999999e-01 1.7283423736771393e+00 2.0000000000000001e-01 1.0000000000000000e+00 2.5110000000000000e+03 7.1048108640146157e-02 2.1727114381523127e-01 -4.9160222939108771e-17 -6.0210614285923217e-03 7.7069170068738327e-02 -1.8314571539315712e-02 2.3558571535454556e-01 4.1224709852137704e-18 -5.3282693924322657e-17 1.4392782193305902e+02 3 4 0
9.9943765867480960e-01 1.4294483499810584e+00 2.0000000000000001e-01 1.0000000000000000e+00 2.5570000000000000e+03 8.4324938478896841e-02 2.1556208654550071e-01 -2.1018149102511969e-16 -9.6225919238689221e-03 9.3947530402764517e-02 -2.4563311803876109e-02 2.4012539834937657e-01 2.3953248082658508e-17 -2.3413473910777140e-16 4.0013426105887629e+02 3 4 1
9.9996837722339826e-01 1.3565529649436574e+00 2.0000000000000001e-01 1.0000000000000000e+00 2.5130000000000000e+03 8.1004535494963947e-02 1.9716408665268276e-01 -2.9084258895545807e-16 -9.8238106002867722e-03 9.0828346095250173e-02 -2.3904200239771509e-02 2.2106828689245048e-01 3.5264290065840269e-17 -3.2610687902129568e-16 1.7279227188208606e+03 3 4 2
9.9999822172058994e-01 1.3388850215091286e+00 2.0000000000000001e-01 1.0000000000000000e+00 2.5230000000000000e+03 7.9089513140050569e-02 1.9007713247290414e-01 -3.2008341458293416e-16 -9.7112997285721814e-03 8.8800812868621751e-02 -2.3339419593097446e-02 2.1341655206599774e-01 3.9302795910291516e-17 -3.5938621049322296e-16 1.7111708107718732e+03 3 4 3
9.9999990000000005e-01 1.3346660801028847e+00 2.0000000000000001e-01 1.0000000000000000e+00 2.5330000000000000e+03 7.8501715425994170e-02 1.8808606874950934e-01 -3.5153885700679953e-16 -9.6700020789030356e-03 8.8171717504896469e-02 -2.3169640067818072e-02 2.1125570881732600e-01 4.3304720392144842e-17 -3.9484357739893989e-16 1.5712145357849076e+03 3 4 4
9.9999999437658671e-01 1.3336638346894079e+00 2.0000000000000001e-01 1.0000000000000000e+00 2.5430000000000000e+03 7.8303644075885068e-02 1.8748522945336379e-01 -3.8520137476506665e-16 -9.6592563127454734e-03 8.7962900388629833e-02 -2.3127060788250563e-02 2.1061229024161088e-01 4.7516269861933490e-17 -4.3271764462699717e-16 1.5961810132020619e+03 3 4 5
9.9999999968377229e-01 1.3334260630170445e+00 2.0000000000000001e-01 1.0000000000000000e+00 2.5170000000000000e+03 7.8279899247382073e-02 1.8739264527933444e-01 -2.5650342260443247e-16 -9.6566550192835887e-03 8.7936554266665551e-02 -2.3116834036891472e-02 2.1050947931622385e-01 3.1642361668564834e-17 -2.8814578427299716e-16 1.6343339804590214e+03 3 4 6
9.9999999998221722e-01 1.3333696728363800e+00 2.0000000000000001e-01 1.0000000000000000e+00 2.5270000000000000e+03 7.8306470790663038e-02 1.8744068242831666e-01 3.9881439339695355e-16 -9.6560408700198351e-03 8.7962511660681544e-02 -2.3114413973407213e-02 2.1055509640172188e-01 -4.9180237407864534e-17 4.4799463080480759e-16 1.6163488269809168e+03 3 4 7
9.9999999999900002e-01 1.3333563002398143e+00 2.0000000000000001e-01 1.0000000000000000e+00 2.5370000000000000e+03 7.8305231858055976e-02 1.8743627659620551e-01 -2.7394724362647863e-16 -9.6558936529555026e-03 8.7961125511011096e-02 -2.3113836626053354e-02 2.1055011322225678e-01 3.3782079962167173e-17 -3.0772932358864190e-16 1.8873587597049773e+03 3 4 8
9.8999999999999999e-01 1.7724208011295348e+00 2.5000000000000000e-01 1.0000000000000000e+00 2.5920000000000000e+03 7.0343668918348395e-02 2.1423292338932814e-01 3.3369582216548969e-16 -5.8192646324748687e-03 7.6162933550822806e-02 -1.7583998786752344e-02 2.3181692217608205e-01 -2.7359047560037111e-17 3.6105486972552717e-16 2.2607164995092899e+02 3 5 0
9.9943765867480960e-01 1.4760721885427586e+00 2.5000000000000000e-01 1.0000000000000000e+00 2.6290000000000000e+03 8.3271665588574365e-02 2.1351989245732653e-01 -5.3195123379773838e-16 -9.1496570783938629e-03 9.2421322666967703e-02 -2.3393432218805708e-02 2.3691332467613241e-01 5.8269360996039433e-17 -5.9022059479377790e-16 1.3415928496401757e+03 3 5 1
9.9996837722339826e-01 1.4055075888022088e+00 2.5000000000000000e-01 1.0000000000000000e+00 2.5940000000000000e+03 7.9480131056573047e-02 1.9472300231718806e-01 0.0000000000000000e+00 -9.3287993383922158e-03 8.8808930394963764e-02 -2.2801976208397141e-02 2.1752497852558664e-01 0.0000000000000000e+00 0.0000000000000000e+00 7.7145914249494672e+02 3 5 2
9.9999822172058994e-01 1.3886189871297698e+00 2.5000000000000000e-01 1.0000000000000000e+00 2.6040000000000000e+03 7.5876047013125211e-02 1.8406527296255587e-01 2.1402640390846293e-16 -9.2259247051080136e-03 8.5101971718233083e-02 -2.2291285615878679e-02 2.0635655857843221e-01 -2.5944339250036754e-17 2.3997074315849508e-16 5.9416409204294905e+02 3 5 3
9.9999990000000005e-01 1.3846018943389740e+00 2.5000000000000000e-01 1.0000000000000000e+00 2.6140000000000000e+03 6.9748073198242985e-02 1.6992822552694353e-01 2.2244462345155919e-17 -9.0997768904016122e-03 7.8847850088644519e-02 -2.1944811688312346e-02 1.9187303721525670e-01 -2.8521706769503864e-18 2.5096633022106154e-17 6.3962069556396455e+02 3 5 4
9.9999999437658671e-01 1.3836485508885223e+00 2.5000000000000000e-01 1.0000000000000000e+00 2.6240000000000000e+03 7.3906760592673607e-02 1.7886250070804027e-01 1.9857726652809986e-16 -9.1724092243099607e-03 8.3079169816983892e-02 -2.2085636466424578e-02 2.0094813717446527e-01 -2.4519982118525718e-17 2.2309724864662522e-16 6.6393929531099275e+02 3 5 5
9.9999999968377229e-01 1.3834224350870761e+00 2.5000000000000000e-01 1.0000000000000000e+00 2.5980000000000000e+03 7.4067281895798170e-02 1.7914959806046907e-01 -7.2671682416662526e-17 -9.1732258667957031e-03 8.3240507762593965e-02 -2.2083156545557855e-02 2.0123275460602591e-01 8.9771763976174873e-18 -8.1648858814279741e-17 6.7648387389699928e+02 3 5 6
9.9999999998221722e-01 1.3833688121847116e+00 2.5000000000000000e-01 1.0000000000000000e+00 2.6080000000000000e+03 6.9121422936271396e-02 1.6834113054108607e-01 -2.5497151703724927e-16 -9.0738801148129711e-03 7.8195303051083576e-02 -2.1866220567188864e-02 1.9020735110827572e-01 3.3161270092731917e-17 -2.8813278712998184e-16 5.4162122060079128e+02 3 5 7
9.9999999999900002e-01 1.3833560958426776e+00 2.5000000000000000e-01 1.0000000000000000e+00 2.6180000000000000e+03 6.9119246375927923e-02 1.6833431751651234e-01 3.6709465476302625e-16 -9.0737369744330418e-03 7.8192983350360235e-02 -2.1865679605905720e-02 1.9019999712241908e-01 -4.7725954388958945e-17 4.1482060915198394e-16 5.8656975549110211e+02 3 5 8
9.8999999999999999e-01 1.8185873785982893e+00 3.0000000000000004e-01 1.0000000000000000e+00 2.6730000000000000e+03 6.9844283269490701e-02 2.1129557785266451e-01 5.4788737524772934e-16 -5.6358482589626453e-03 7.5480131528453648e-02 -1.6876302225348631e-02 2.2817188007801184e-01 -4.3709155382583429e-17 5.9159653063030284e-16 2.3623243395797908e+02 3 6 0
9.9943765867480960e-01 1.5238890040876014e+00 3.0000000000000004e-01 1.0000000000000000e+00 2.6920000000000000e+03 8.2213423879811467e-02 2.1088277508343251e-01 -3.9285810705608739e-16 -8.7231247143669186e-03 9.0936548594177324e-02 -2.2266309175968259e-02 2.3314908425939948e-01 4.1489833373845060e-17 -4.3434794042992798e-16 5.0155721231386997e+02 3 6 1
9.9996837722339826e-01 1.4548534685882473e+00 3.0000000000000004e-01 1.0000000000000000e+00 2.6930000000000000e+03 7.9650516303775135e-02 1.9537292044965099e-01 3.5506159155913744e-16 -8.8808985155781148e-03 8.8531414819352020e-02 -2.1723218796224773e-02 2.1709613924587373e-01 -3.9467800613227797e-17 3.9452939217236229e-16 8.4641115384711884e+02 3 6 2
9.9999822172058994e-01 1.4384544126879113e+00 3.0000000000000004e-01 1.0000000000000000e+00 2.7030000000000000e+03 7.7852265010742952e-02 1.8855188721739788e-01 -1.3289436636656500e-16 -8.7903802674537870e-03 8.6642645278194763e-02 -2.1265641987124405e-02 2.0981752920452057e-01 1.4983971266777557e-17 -1.4787833763334232e-16 8.9210152110713534e+02 3 6 3
9.9999990000000005e-01 1.4345623056507926e+00 3.0000000000000004e-01 1.0000000000000000e+00 2.6770000000000000e+03 7.7516557697867972e-02 1.8735989356645819e-01 -2.3957937453280823e-16 -8.7586841563432952e-03 8.6275241854210968e-02 -2.1132819327887627e-02 2.0849271289434337e-01 2.7012543940815033e-17 -2.6659191847361845e-16 8.6991773503506556e+02 3 6 4
9.9999999437658671e-01 1.4336391308994454e+00 3.0000000000000004e-01 1.0000000000000000e+00 2.6870000000000000e+03 7.7427936131755776e-02 1.8705056931398509e-01 -2.0766784882163404e-16 -8.7504104141446631e-03 8.6178346545898329e-02 -2.1099380649274590e-02 2.0814994996325906e-01 2.3425018202155305e-17 -2.3109286702378464e-16 1.0195188936928753e+03 3 6 5
9.9999999968377229e-01 1.4334201994360203e+00 3.0000000000000004e-01 1.0000000000000000e+00 2.6970000000000000e+03 7.7412178393596168e-02 1.8699675842682525e-01 -9.0186950905853463e-17 -8.7484079442524277e-03 8.6160586337846151e-02 -2.1091352477586974e-02 2.0808811090440951e-01 1.0164589513252036e-17 -1.0035154041910548e-16 9.2623374012089334e+02 3 6 6
9.9999999998221722e-01 1.4333682818677349e+00 3.0000000000000004e-01 1.0000000000000000e+00 2.7070000000000000e+03 7.7404411061370221e-02 1.8696937913443909e-01 -2.0757770961492880e-16 -8.7479216139830004e-03 8.6152332675351731e-02 -2.1089407891222243e-02 2.0805878702566016e-01 2.3413946216546331e-17 -2.3099165583146973e-16 1.0418554733910132e+03 3 6 7
9.9999999999900002e-01 1.4333559698956915e+00 3.0000000000000004e-01 1.0000000000000000e+00 2.7170000000000000e+03 7.7402603825086430e-02 1.8696298242894530e-01 -1.4886965568965445e-16 -8.7478067208089424e-03 8.6150410545894410e-02 -2.1088948607955696e-02 2.0805193103689906e-01 1.6788345760468877e-17 -1.6565800145011994e-16 1.0124046817999333e+03 3 6 8
9.8999999999999999e-01 1.8664033456159606e+00 3.5000000000000003e-01 1.0000000000000000e+00 2.7630000000000000e+03 6.9465347165536206e-02 2.0835729793672506e-01 -6.1697622269406521e-17 -5.4629633483440614e-03 7.4928310513880408e-02 -1.6188803024862169e-02 2.2454610096158623e-01 4.8520861536119332e-18 -6.6549708423018580e-17 2.6098580131283961e+02 3 7 0
9.9943765867480960e-01 1.5725211056364889e+00 3.5000000000000003e-01 1.0000000000000000e+00 2.7550000000000000e+03 8.1806813733976122e-02 2.0927157403514335e-01 -1.0307334866454724e-16 -8.3416563684855175e-03 9.0148470102460909e-02 -2.1205574506922009e-02 2.3047714854206405e-01 1.0421310655271993e-17 -1.1349465931981681e-16 7.0052542238007300e+02 3 7 1
9.9996837722339826e-01 1.5044476773584587e+00 3.5000000000000003e-01 1.0000000000000000e+00 2.7920000000000000e+03 7.9199155072190844e-02 1.9415823809468563e-01 4.0559184853447666e-16 -8.4805472502884529e-03 8.7679702322479000e-02 -2.0700489883138880e-02 2.1485872797782354e-01 -4.3250948644444207e-17 4.4884279717891074e-16 8.9908932538703084e+02 3 7 2
9.9999822172058994e-01 1.4883527865441921e+00 3.5000000000000003e-01 1.0000000000000000e+00 2.7570000000000000e+03 7.6856883036566098e-02 1.8512644648694446e-01 -4.4519459917293624e-16 -8.3833952442347939e-03 8.5240278280798470e-02 -2.0226089622168663e-02 2.0535253610911106e-01 4.8633916163199870e-17 -4.9382851533613201e-16 9.7087824479304254e+02 3 7 3
9.9999990000000005e-01 1.4845378896177386e+00 3.5000000000000003e-01 1.0000000000000000e+00 2.7670000000000000e+03 7.6671410960062220e-02 1.8455181391271799e-01 -3.1397030027337171e-16 -8.3604677782201046e-03 8.5031878738280484e-02 -2.0130844855141279e-02 2.0468265876785702e-01 3.4245260015215055e-17 -3.4821556028858393e-16 9.4765166732715443e+02 3 7 4
9.9999999437658671e-01 1.4836333229541916e+00 3.5000000000000003e-01 1.0000000000000000e+00 2.7770000000000000e+03 7.6617027376599797e-02 1.8437904899677773e-01 1.7385831199593167e-16 -8.3530518312158915e-03 8.4970079207813895e-02 -2.0101105664908716e-02 2.0448015466168412e-01 -1.8954276479104521e-17 1.9281258847503237e-16 1.9272681632319000e+03 3 7 5
9.9999999968377229e-01 1.4834188211483157e+00 3.5000000000000003e-01 1.0000000000000000e+00 2.7870000000000000e+03 7.6311543169385751e-02 1.8325813352168457e-01 3.6622331871408948e-16 -8.3433687273546820e-03 8.4654911896737767e-02 -2.0061312736974767e-02 2.0331944625865664e-01 -4.0090556348631063e-17 4.0631387506271704e-16 1.8867611361599993e+03 3 7 6
9.9999999998221722e-01 1.4833679551007837e+00 3.5000000000000003e-01 1.0000000000000000e+00 2.7610000000000000e+03 7.6216175986699872e-02 1.8290283623832504e-01 -2.9444570013083176e-16 -8.3414028017205766e-03 8.4557578788418991e-02 -2.0053244509533261e-02 2.0295608074785615e-01 3.2272778996391907e-17 -3.2671847912722164e-16 2.1954838209820446e+03 3 7 7
9.9999999999900002e-01 1.4833558925850805e+00 3.5000000000000003e-01 1.0000000000000000e+00 2.7710000000000000e+03 7.6308312377779505e-02 1.8323992870794209e-01 1.3900616180376087e-16 -8.3427900744800186e-03 8.4651102452257584e-02 -2.0059004412103495e-02 2.0329893312004357e-01 -1.5214452655685383e-17 1.5422061445944237e-16 2.0411878317918163e+03 3 7 8
9.8999999999999999e-01 1.9155373788202668e+00 4.0000000000000002e-01 1.0000000000000000e+00 2.8350000000000000e+03 6.9113942615640772e-02 2.0527720824577905e-01 2.1255710494233765e-16 -5.2900283016873396e-03 7.4403970917327353e-02 -1.5507527771914803e-02 2.2078473601769208e-01 -1.6042192143103497e-17 2.2859929708543839e-16 3.6600264118518680e+02 3 8 0
9.9943765867480960e-01 1.6217342351417117e+00 4.0000000000000002e-01 1.0000000000000000e+00 2.8360000000000000e+03 8.1300511219044885e-02 2.0709618403843713e-01 -2.5785520230394380e-16 -7.9997299382750936e-03 8.9300241157318841e-02 -2.0218874538541674e-02 2.2731505857697981e-01 2.5160655179984613e-17 -2.8301585748392343e-16 7.0179478977201506e+02 3 8 1
9.9996837722339826e-01 1.5542099943164918e+00 4.0000000000000002e-01 1.0000000000000000e+00 2.8640000000000000e+03 7.8812195509111171e-02 1.9261914461786531e-01 2.2357963591597144e-16 -8.1250558397672791e-03 8.6937251348877753e-02 -1.9750620245027349e-02 2.1236976486289172e-01 -2.2954449119130598e-17 2.4653408503509971e-16 1.6292232013561297e+03 3 8 2
9.9999822172058994e-01 1.5382931421528507e+00 4.0000000000000002e-01 1.0000000000000000e+00 2.8380000000000000e+03 7.7392415304860698e-02 1.8721487064614811e-01 2.0064934451598422e-16 -8.0524584319226575e-03 8.5444873736782070e-02 -1.9376451886613199e-02 2.0659132253276014e-01 -2.0785756318430387e-17 2.2143510083441353e-16 1.3166140603029635e+03 3 8 3
9.9999990000000005e-01 1.5345235548932283e+00 4.0000000000000002e-01 1.0000000000000000e+00 2.8480000000000000e+03 7.6981721975247122e-02 1.8574289421130352e-01 -4.8299663040677619e-17 -8.0246802532569807e-03 8.5006402228502462e-02 -1.9262007792181474e-02 2.0500490200348218e-01 4.9903759075874019e-18 -5.3290038948264484e-17 1.4487686460770201e+03 3 8 4
9.9999999437658671e-01 1.5336299128405588e+00 4.0000000000000002e-01 1.0000000000000000e+00 2.8580000000000000e+03 7.6875678518448023e-02 1.8536541780884949e-01 -7.9288415531658173e-17 -8.0174922121765187e-03 8.4893170730623552e-02 -1.9233382763059959e-02 2.0459880057190796e-01 8.1814710542709273e-18 -8.7469886585926916e-17 1.4283381390369032e+03 3 8 5
9.9999999968377229e-01 1.5334180118492313e+00 4.0000000000000002e-01 1.0000000000000000e+00 2.8680000000000000e+03 7.6853490296119820e-02 1.8528932334562789e-01 -2.7093255930383679e-16 -8.0157540861977069e-03 8.4869244382315495e-02 -1.9226514388841532e-02 2.0451583773446905e-01 2.8104151591644393e-17 -2.9903671089547474e-16 1.5379610067598987e+03 3 8 6
9.9999999998221722e-01 1.5333677629969997e+00 4.0000000000000002e-01 1.0000000000000000e+00 2.8420000000000000e+03 7.6848849033115327e-02 1.8527399973076389e-01 -7.0113474280947859e-18 -8.0153405471130503e-03 8.4864189580226207e-02 -1.9224883668603542e-02 2.0449888339936342e-01 7.0925544867818873e-19 -7.7206028767729567e-18 1.6182115337599535e+03 3 8 7
9.9999999999900002e-01 1.5333558472943096e+00 4.0000000000000002e-01 1.0000000000000000e+00 2.8430000000000000e+03 7.6847451889234836e-02 1.8526907014758254e-01 -2.0568998742874695e-16 -8.0152423893530278e-03 8.4862694278586212e-02 -1.9224496690488677e-02 2.0449356683807052e-01 2.1343478862610315e-17 -2.2703346629135360e-16 1.6190643929368816e+03 3 8 8
9.8999999999999999e-01 1.7707257040765096e+00 0.0000000000000000e+00 1.0000000000000000e+00 2.9160000000000000e+03 6.0016630931995128e-02 2.0083246491566911e-01 0.0000000000000000e+00 -4.9679327006557925e-03 6.4984563632650899e-02 -1.6624094926927482e-02 2.1745655984259682e-01 0.0000000000000000e+00 0.0000000000000000e+00 0.0000000000000000e+00 4 0 0
9.9943765867480960e-01 1.4628192111933964e+00 0.0000000000000000e+00 1.0000000000000000e+00 2.9170000000000000e+03 8.1546597020951489e-02 2.2577598662529316e-01 0.0000000000000000e+00 -9.2684348549200331e-03 9.0815031875871463e-02 -2.5661279566383172e-02 2.5143726619167622e-01 0.0000000000000000e+00 0.0000000000000000e+00 0.0000000000000000e+00 4 0 1
9.9996837722339826e-01 1.3686606985297931e+00 0.0000000000000000e+00 1.0000000000000000e+00 2.9450000000000000e+03 8.6280230394217880e-02 2.2442880673939428e-01 0.0000000000000000e+00 -1.0623618232251830e-02 9.6903848626469835e-02 -2.7633745902455688e-02 2.5206255264184974e-01 0.0000000000000000e+00 0.0000000000000000e+00 0.0000000000000000e+00 4 0 2
9.9999822172058994e-01 1.3357848740043377e+00 0.0000000000000000e+00 1.0000000000000000e+00 2.9190000000000000e+03 8.7187580698274314e-02 2.2179187290134911e-01 0.0000000000000000e+00 -1.1008109657758567e-02 9.8195690356032872e-02 -2.8002947650846165e-02 2.4979482055219535e-01 0.0000000000000000e+00 0.0000000000000000e+00 0.0000000000000000e+00 4 0 3
9.9999990000000005e-01 1.3236434252547979e+00 0.0000000000000000e+00 1.0000000000000000e+00 2.9290000000000000e+03 8.7372516804686481e-02 2.2042755610763648e-01 0.0000000000000000e+00 -1.1130989596239043e-02 9.8503506400925547e-02 -2.8081791889356431e-02 2.4850934799699306e-01 0.0000000000000000e+00 0.0000000000000000e+00 0.0000000000000000e+00 4 0 4
9.9999999437658671e-01 1.3190575863033192e+00 0.0000000000000000e+00 1.0000000000000000e+00 2.9390000000000000e+03 8.7417458289570954e-02 2.1984972344817266e-01 0.0000000000000000e+00 -1.1174292260961668e-02 9.8591750550532514e-02 -2.8102682363101397e-02 2.4795240581127395e-01 0.0000000000000000e+00 0.0000000000000000e+00 0.0000000000000000e+00 4 0 5
9.9999999968377229e-01 1.3173102734582767e+00 0.0000000000000000e+00 1.0000000000000000e+00 2.9490000000000000e+03 8.7430747446841248e-02 2.1962004943159003e-01 0.0000000000000000e+00 -1.1190320016460174e-02 9.8621067463301404e-02 -2.8109317453388565e-02 2.4772936688497857e-01 0.0000000000000000e+00 0.0000000000000000e+00 0.0000000000000000e+00 4 0 6
9.9999999998221722e-01 1.3166422521486705e+00 0.0000000000000000e+00 1.0000000000000000e+00 2.9230000000000000e+03 8.7435254780465752e-02 2.1953082734672646e-01 0.0000000000000000e+00 -1.1196377612216282e-02 9.8631632392681967e-02 -2.8111658697257562e-02 2.4764248604398409e-01 0.0000000000000000e+00 0.0000000000000000e+00 0.0000000000000000e+00 4 0 7
9.9999999999900002e-01 1.3163865168180890e+00 0.0000000000000000e+00 1.0000000000000000e+00 2.9780000000000000e+03 8.7436895781226154e-02 2.1949646271687348e-01 0.0000000000000000e+00 -1.1198686116480557e-02 9.8635581897706590e-02 -2.8112525812836839e-02 2.4760898852971036e-01 0.0000000000000000e+00 0.0000000000000000e+00 0.0000000000000000e+00 4 0 8
9.8999999999999999e-01 1.7983887077479856e+00 5.0000000000000003e-02 1.0000000000000000e+00 3.0150000000000000e+03 5.8065885390497972e-02 1.9672414292276269e-01 -4.1892024451281407e-16 -4.7274698887818092e-03 6.2793355279279844e-02 -1.6007609952102427e-02 2.1273175287486520e-01 3.4089049215976280e-17 -4.5300929372879213e-16 3.8275600687833503e+01 4 1 0
9.9943765867480960e-01 1.4893237879407961e+00 5.0000000000000003e-02 1.0000000000000000e+00 3.0520000000000000e+03 7.9866382872784650e-02 2.2415447141864164e-01 3.3410154515354765e-16 -8.8977074885521427e-03 8.8764090361336631e-02 -2.4967244899758330e-02 2.4912171631839961e-01 -3.7214428067068159e-17 3.7131597322061282e-16 9.2567727350862697e+01 4 1 1
9.9996837722339826e-01 1.4005439539365305e+00 5.0000000000000003e-02 1.0000000000000000e+00 3.0260000000000000e+03 8.4901514098970704e-02 2.2478300152113578e-01 -2.5620318053342165e-16 -1.0197244285362143e-02 9.5098758384331974e-02 -2.6995385139142760e-02 2.5177838666027808e-01 3.0769447748081815e-17 -2.8697262828150145e-16 1.2797853647288866e+02 4 1 2
9.9999822172058994e-01 1.3750154798387568e+00 5.0000000000000003e-02 1.0000000000000000e+00 3.0000000000000000e+03 8.5941502739004444e-02 2.2366759309999693e-01 3.9731345875537181e-16 -1.0526089282320220e-02 9.6467592021324614e-02 -2.7393079166898791e-02 2.5106067226689599e-01 -4.8659883530353182e-17 4.4597334228572548e-16 1.4530043872399256e+02 4 1 3
9.9999990000000005e-01 1.3683622272473948e+00 5.0000000000000003e-02 1.0000000000000000e+00 3.0100000000000000e+03 8.6168555185424059e-02 2.2325225353586386e-01 4.9571958434993885e-16 -1.0606218281929437e-02 9.6774773467353442e-02 -2.7478008206747187e-02 2.5073026174260815e-01 -6.1013434763939219e-17 5.5673301911387582e-16 1.4503885560203344e+02 4 1 4
9.9999999437658671e-01 1.3667370547488900e+00 5.0000000000000003e-02 1.0000000000000000e+00 3.0200000000000000e+03 8.6220918314235243e-02 2.2314227632607522e-01 -2.7814034179001518e-16 -1.0625392661185324e-02 9.6846310975420458e-02 -2.7497475399614436e-02 2.5063975172568836e-01 3.4274685253632526e-17 -3.1241502704364832e-16 1.5590602768003009e+02 4 1 5
9.9999999968377229e-01 1.3663487175650735e+00 5.0000000000000003e-02 1.0000000000000000e+00 3.0300000000000000e+03 8.6233242620567849e-02 2.2311548414123547e-01 1.3737843163577208e-16 -1.0629950492862562e-02 9.6863193113429613e-02 -2.7502051263622627e-02 2.5061753540485748e-01 -1.6934010530038669e-17 1.5431244216581043e-16 1.4710944511508569e+02 4 1 6
9.9999999998221722e-01 1.3662564582980350e+00 5.0000000000000003e-02 1.0000000000000000e+00 3.0040000000000000e+03 8.6236159971738016e-02 2.2310909009648355e-01 -2.8933636614606802e-16 -1.0631031953974484e-02 9.6867191925712318e-02 -2.7503134052673094e-02 2.5061222414915629e-01 3.5666767873984902e-17 -3.2500313402005310e-16 1.5115829768800177e+02 4 1 7
9.9999999999900002e-01 1.3662345697601657e+00 5.0000000000000003e-02 1.0000000000000000e+00 3.0500000000000000e+03 8.6236851480036375e-02 2.2310757139151033e-01 -2.0940230749332847e-16 -1.0631288445872272e-02 9.6868139925908120e-02 -2.7503390669740783e-02 2.5061096206125094e-01 2.5813657091191487e-17 -2.3521596458452031e-16 1.5297733013099059e+02 4 1 8
9.8999999999999999e-01 1.8318593289966159e+00 1.0000000000000001e-01 1.0000000000000000e+00 3.0870000000000000e+03 5.6397982987604275e-02 1.9258441717718719e-01 -2.7429058008567977e-16 -4.5051539474156022e-03 6.0903136935019864e-02 -1.5349649347300594e-02 2.0793406652448815e-01 2.1857457518653175e-17 -2.9614803760433356e-16 5.5873508463148028e+01 4 2 0
9.9943765867480960e-01 1.5257705017430310e+00 1.0000000000000001e-01 1.0000000000000000e+00 3.0790000000000000e+03 7.7882189173761746e-02 2.2140445782905593e-01 3.6414327190689571e-16 -8.4356313357897856e-03 8.6317820509551280e-02 -2.3957508396861692e-02 2.4536196622591766e-01 -3.9410158630810437e-17 4.0355343053770608e-16 1.4123402882204391e+02 4 2 1
9.9996837722339826e-01 1.4442020313998638e+00 1.0000000000000001e-01 1.0000000000000000e+00 3.0890000000000000e+03 8.2872674687404280e-02 2.2344851238577187e-01 1.3603393392765884e-16 -9.6095565420986975e-03 9.2482231229502526e-02 -2.5895029710238514e-02 2.4934354209601009e-01 -1.5767203654853773e-17 1.5180113758251284e-16 1.9123705281200819e+02 4 2 2
9.9999822172058994e-01 1.4230422672572911e+00 1.0000000000000001e-01 1.0000000000000000e+00 3.0990000000000000e+03 8.3931425661108436e-02 2.2314279820075525e-01 -1.6091757736997899e-16 -9.8895601393166766e-03 9.3820985800425125e-02 -2.6280221590214110e-02 2.4942301979096840e-01 1.8949678733331617e-17 -1.7986725610331092e-16 2.1621752431197092e+02 4 2 3
9.9999990000000005e-01 1.4178555172475624e+00 1.0000000000000001e-01 1.0000000000000000e+00 3.1090000000000000e+03 8.4169577742741447e-02 2.2300070137642655e-01 -2.4102841390102114e-16 -9.9554433796088301e-03 9.4125021122350341e-02 -2.6364352095021883e-02 2.4936505347144852e-01 2.8492715394025163e-17 -2.6952112929504602e-16 2.1108078386099078e+02 4 2 4
9.9999999437658671e-01 1.4166144547405077e+00 1.0000000000000001e-01 1.0000000000000000e+00 3.0830000000000000e+03 8.4225213611260050e-02 2.2296257734597638e-01 1.2104128837776708e-17 -9.9710243957065146e-03 9.4196238006966859e-02 -2.6383829654859973e-02 2.4934640700083466e-01 -1.4303626868376861e-18 1.3534491524614374e-17 2.1140369491511956e+02 4 2 5
9.9999999968377229e-01 1.4163195034087561e+00 1.0000000000000001e-01 1.0000000000000000e+00 3.0930000000000000e+03 8.4238358442959543e-02 2.2295327931633957e-01 3.4653900975775678e-16 -9.9747166479559526e-03 9.4213075090915505e-02 -2.6388420865671097e-02 2.4934170018201077e-01 -4.1015845399993895e-17 3.8755485515775115e-16 2.1649688174109906e+02 4 2 6
9.9999999998221722e-01 1.4162495225939322e+00 1.0000000000000001e-01 1.0000000000000000e+00 3.1030000000000000e+03 8.4241471405905627e-02 2.2295105608477989e-01 2.8493612430307078e-16 -9.9755920715102215e-03 9.4217063477416069e-02 -2.6389508046018584e-02 2.4934056413079955e-01 -3.3728292242044223e-17 3.1866441654511383e-16 2.1963265615608543e+02 4 2 7
9.9999999999900002e-01 1.4162329257454276e+00 1.0000000000000001e-01 1.0000000000000000e+00 3.1130000000000000e+03 8.4242209586549238e-02 2.2295052846695235e-01 3.5862863979885725e-16 -9.9757995618893411e-03 9.4218009148438364e-02 -2.6389765506576138e-02 2.4934029397352783e-01 -4.2447495502713666e-17 4.0107613530156847e-16 2.1569311542902142e+02 4 2 8
9.8999999999999999e-01 1.8698124110665373e+00 1.5000000000000002e-01 1.0000000000000000e+00 3.1860000000000000e+03 5.5028112739523460e-02 1.8851648153850392e-01 1.7263925166631732e-16 -4.3078878690240114e-03 5.9336000608547608e-02 -1.4685434378743350e-02 2.0320191591724784e-01 -1.3434477594086386e-17 1.8607372926040423e-16 7.0204056115122512e+01 4 3 0
9.9943765867480960e-01 1.5675384816218179e+00 1.5000000000000002e-01 1.0000000000000000e+00 3.1690000000000000e+03 7.5973090834293294e-02 2.1804143338922985e-01 4.6947314528626297e-16 -7.9708369466756444e-03 8.3943927780969027e-02 -2.2820214756726773e-02 2.4086164814595612e-01 -4.9143712811148810e-17 5.1861685809740979e-16 1.7104658732796088e+02 4 3 1
9.9996837722339826e-01 1.4911487799679837e+00 1.5000000000000002e-01 1.0000000000000000e+00 3.1610000000000000e+03 8.0843987320904170e-02 2.2098108526346569e-01 2.1422160231815779e-16 -9.0268199934067390e-03 8.9870807314310561e-02 -2.4632418348563292e-02 2.4561350361202905e-01 -2.3882339081384637e-17 2.3810394139953923e-16 1.8942103912588209e+02 4 3 2
9.9999822172058994e-01 1.4722084268144520e+00 1.5000000000000002e-01 1.0000000000000000e+00 3.1710000000000000e+03 8.1896579302965816e-02 2.2109391904050998e-01 5.7638921814352376e-16 -9.2730429228134771e-03 9.1169622225779193e-02 -2.4996805919661472e-02 2.4609072496017195e-01 -6.5172523147506235e-17 6.4156174129102619e-16 2.1206027706991881e+02 4 3 3
9.9999990000000005e-01 1.4676503889230998e+00 1.5000000000000002e-01 1.0000000000000000e+00 3.1810000000000000e+03 8.2136712131302150e-02 2.2107496243635119e-01 1.7811599697694524e-16 -9.3305597280867857e-03 9.1467271859389326e-02 -2.5077386676473083e-02 2.4615234911282402e-01 -2.0201393219966600e-17 1.9831739019691185e-16 2.2840229397197254e+02 4 3 4
9.9999999437658671e-01 1.4665653754757126e+00 1.5000000000000002e-01 1.0000000000000000e+00 3.1910000000000000e+03 8.2193041308999557e-02 2.2106762331582117e-01 -4.5436768803868052e-16 -9.3441374342687709e-03 9.1537178743268360e-02 -2.5096126025957326e-02 2.4616374934177809e-01 5.1574963275910311e-17 -5.0594265131459233e-16 2.3515832753502764e+02 4 3 5
9.9999999968377229e-01 1.4663078401068357e+00 1.5000000000000002e-01 1.0000000000000000e+00 3.1650000000000000e+03 8.2206359528879808e-02 2.2106570813879248e-01 -1.6551282210236765e-16 -9.3473535584241794e-03 9.1553713087303756e-02 -2.5100548438754568e-02 2.4616625657754754e-01 1.8795853512429595e-17 -1.8430867561479697e-16 2.3161478369892575e+02 4 3 6
9.9999999998221722e-01 1.4662467553018135e+00 1.5000000000000002e-01 1.0000000000000000e+00 3.1750000000000000e+03 8.2209518757442285e-02 2.2106525337351260e-01 -3.8701458129104386e-16 -9.3481160133594612e-03 9.1557634770801699e-02 -2.5101595943730761e-02 2.4616684931724284e-01 4.3935969407881692e-17 -4.3095055069892281e-16 2.5148358004679903e+02 4 3 7
9.9999999999900002e-01 1.4662322693698122e+00 1.5000000000000002e-01 1.0000000000000000e+00 3.1670000000000000e+03 8.2210267291675534e-02 2.2106514351998779e-01 5.0911757087747278e-16 -9.3482967959162486e-03 9.1558564087592068e-02 -2.5101844272096885e-02 2.4616698779208296e-01 -5.7813029811645413e-17 5.6693060068911449e-16 2.3123409525910392e+02 4 3 8
9.8999999999999999e-01 1.9112179964776448e+00 2.0000000000000001e-01 1.0000000000000000e+00 3.2760000000000000e+03 5.3936553556778954e-02 1.8456611211860033e-01 -3.4058535993715828e-17 -4.1366835717531764e-03 5.8073237128532192e-02 -1.4037676121764641e-02 1.9860378824036437e-01 2.5598674194863598e-18 -3.6618403413202168e-17 9.2357047770870849e+01 4 4 0
9.9943765867480960e-01 1.6123239727815639e+00 2.0000000000000001e-01 1.0000000000000000e+00 3.2770000000000000e+03 7.4306152023921643e-02 2.1441763386994225e-01 -1.4283083640483364e-16 -7.5431114427056134e-03 8.1849263466627409e-02 -2.1666394859411339e-02 2.3608402872935283e-01 1.4432718260123129e-17 -1.5726355466495610e-16 1.9866717098513618e+02 4 4 1
9.9996837722339826e-01 1.5394285877441629e+00 2.0000000000000001e-01 1.0000000000000000e+00 3.2510000000000000e+03 7.9060780145416149e-02 2.1796989669841654e-01 3.5110039384907376e-17 -8.4997552151107360e-03 8.7560535360526506e-02 -2.3352570490632999e-02 2.4132246718904901e-01 -3.7746495773974757e-18 3.8884688962304671e-17 2.5510589094692841e+02 4 4 2
9.9999822172058994e-01 1.5217606443096341e+00 2.0000000000000001e-01 1.0000000000000000e+00 3.2610000000000000e+03 8.0103480178771946e-02 2.1834073536117843e-01 3.3936967625619324e-16 -8.7207415716892799e-03 8.8824221750460369e-02 -2.3695025390175178e-02 2.4203576075135286e-01 -3.6829467860150356e-17 3.7619914411634339e-16 2.6574045264488086e+02 4 4 3
9.9999990000000005e-01 1.5175417029033902e+00 2.0000000000000001e-01 1.0000000000000000e+00 3.2710000000000000e+03 8.0343329688310788e-02 2.1839365373018954e-01 3.0879859826292850e-16 -8.7722768341004162e-03 8.9115606522411170e-02 -2.3771354237353156e-02 2.4216500796754362e-01 -3.3617642504917085e-17 3.4241624076784475e-16 2.5088387506594881e+02 4 4 4
9.9999999437658671e-01 1.5165394574899134e+00 2.0000000000000001e-01 1.0000000000000000e+00 3.2450000000000000e+03 8.0399741128481458e-02 2.1840407819977442e-01 2.7818189379931872e-16 -8.7844387898676091e-03 8.9184179918348705e-02 -2.3789150121162367e-02 2.4219322832093623e-01 -3.0312336681947406e-17 3.0849423048126613e-16 3.3458237551199272e+02 4 4 5
9.9999999968377229e-01 1.5163016858175500e+00 2.0000000000000001e-01 1.0000000000000000e+00 3.2550000000000000e+03 8.0413090297371148e-02 2.1840642520463652e-01 -2.9097581038591156e-16 -8.7873193938605952e-03 8.9200409691231747e-02 -2.3793352656727020e-02 2.4219977786136337e-01 3.1699113543029395e-17 -3.2267492392894080e-16 3.3804897895199247e+02 4 4 6
9.9999999998221722e-01 1.5162452956368855e+00 2.0000000000000001e-01 1.0000000000000000e+00 3.2650000000000000e+03 8.0416254384684985e-02 2.1840697499188672e-01 3.2161663789021375e-16 -8.7880022945573746e-03 8.9204256679241881e-02 -2.3794348238800438e-02 2.4220132323068733e-01 -3.5032518081356525e-17 3.5664915597156818e-16 3.5123667327710427e+02 4 4 7
9.9999999999900002e-01 1.5162319230403198e+00 2.0000000000000001e-01 1.0000000000000000e+00 3.2480000000000000e+03 8.0417004735176725e-02 2.1840710533449384e-01 4.9774498949363893e-16 -8.7881641616117043e-03 8.9205168896787215e-02 -2.3794584080032776e-02 2.4220168941452680e-01 -5.4215320356907120e-17 5.5196030985054877e-16 3.9794832218904048e+02 4 4 8
9.8999999999999999e-01 1.9552964239300403e+00 2.5000000000000000e-01 1.0000000000000000e+00 3.3750000000000000e+03 5.3078895128226770e-02 1.8072773840150871e-01 3.0447909950370944e-16 -3.9883838603894817e-03 5.7067278988616223e-02 -1.3417596735391233e-02 1.9414533513689913e-01 -2.2626333000212486e-17 3.2710543250391984e-16 1.1350613069883548e+02 4 5 0
9.9943765867480960e-01 1.6589478113432641e+00 2.5000000000000000e-01 1.0000000000000000e+00 3.3310000000000000e+03 7.2921733744953074e-02 2.1071984962917273e-01 -1.8715682304308665e-16 -7.1641425888524608e-03 8.0085876333804776e-02 -2.0552910144352277e-02 2.3127275977352582e-01 1.8254651252249478e-17 -2.0541147429533686e-16 2.6704086494003423e+02 4 5 1
9.9996837722339826e-01 1.5883832116027143e+00 2.5000000000000000e-01 1.0000000000000000e+00 3.3590000000000000e+03 7.7585718652576255e-02 2.1473850274372855e-01 -2.4240857475380207e-16 -8.0393680219397572e-03 8.5625086674515405e-02 -2.2123324325306948e-02 2.3686182706903777e-01 2.5004754126600234e-17 -2.6741332888040303e-16 3.2844093788391910e+02 4 5 2
9.9999822172058994e-01 1.5714946099302753e+00 2.5000000000000000e-01 1.0000000000000000e+00 3.3240000000000000e+03 7.8621674145388176e-02 2.1529326837755561e-01 4.6058956862497367e-16 -8.2407891500475353e-03 8.6862463295435705e-02 -2.2445179672284526e-02 2.3773844804984040e-01 -4.8008487756944974e-17 5.0859805638192059e-16 3.3561253267410211e+02 4 5 3
9.9999990000000005e-01 1.5674775171394795e+00 2.5000000000000000e-01 1.0000000000000000e+00 3.3340000000000000e+03 7.8861411519369484e-02 2.1539610193363512e-01 -3.8262033884996626e-16 -8.2877631160944761e-03 8.7149174635463872e-02 -2.2517334027733125e-02 2.3791343596136746e-01 3.9998820305223725e-17 -4.2261915915518860e-16 3.2609781667892821e+02 4 5 4
9.9999999437658671e-01 1.5665241736890279e+00 2.5000000000000000e-01 1.0000000000000000e+00 3.3440000000000000e+03 7.8917877620043944e-02 2.1541871686057432e-01 4.0018379998777599e-16 -8.2988500000497657e-03 8.7216727620093137e-02 -2.2534186865912614e-02 2.3795290372648700e-01 -4.1871471829180441e-17 4.4205527181695388e-16 3.6402522420720197e+02 4 5 5
9.9999999968377229e-01 1.5662980578875816e+00 2.5000000000000000e-01 1.0000000000000000e+00 3.3540000000000000e+03 7.8931246790059181e-02 2.1542398051881625e-01 2.3916866322839032e-16 -8.3014760536133953e-03 8.7232722843671895e-02 -2.2538168481885962e-02 2.3796214900070028e-01 -2.5022393581470814e-17 2.6419105680986007e-16 3.6942803942295723e+02 4 5 6
9.9999999998221722e-01 1.5662444349852171e+00 2.5000000000000000e-01 1.0000000000000000e+00 3.3280000000000000e+03 7.8934410583562556e-02 2.1542520880472973e-01 2.9978411763353207e-16 -8.3020986101264294e-03 8.7236509193688749e-02 -2.2539111817089400e-02 2.3796432062181769e-01 -3.1345944839638491e-17 3.3113006247317006e-16 3.6405259330500849e+02 4 5 7
9.9999999999900002e-01 1.5662317186431831e+00 2.5000000000000000e-01 1.0000000000000000e+00 3.3380000000000000e+03 7.8935161950659943e-02 2.1542550287822521e-01 3.9545238239628669e-16 -8.3022462283952516e-03 8.7237408179055037e-02 -2.2539335467210597e-02 2.3796483834543386e-01 -4.1355702584256809e-17 4.3680808498054200e-16 3.5998345519788563e+02 4 5 8
9.8999999999999999e-01 2.0014630013987946e+00 3.0000000000000004e-01 1.0000000000000000e+00 3.4110000000000000e+03 5.2393270450176430e-02 1.7694924063833919e-01 2.0808676418446121e-16 -3.8571650027363507e-03 5.6250435452912813e-02 -1.2826791582547872e-02 1.8977603222088765e-01 -1.5097062026176062e-17 2.2318382621063679e-16 1.4706496997806244e+02 4 6 0
9.9943765867480960e-01 1.7067646268881069e+00 3.0000000000000004e-01 1.0000000000000000e+00 3.4120000000000000e+03 7.1791532312336981e-02 2.0701371336440863e-01 2.4205933524016733e-16 -6.8315928999201341e-03 7.8623125212257172e-02 -1.9503476010395111e-02 2.2651718937480383e-01 -2.2729899645394125e-17 2.6478923488556123e-16 2.7191008937498555e+02 4 6 1
9.9996837722339826e-01 1.6377290913887528e+00 3.0000000000000004e-01 1.0000000000000000e+00 3.4040000000000000e+03 7.6397030664741156e-02 2.1142910083968283e-01 -1.8778676466240792e-16 -7.6403634456049477e-03 8.4037394110345248e-02 -2.0971312496808101e-02 2.3240041333649059e-01 1.8626267192452506e-17 -2.0641303185486012e-16 3.3587666717381217e+02 4 6 2
9.9999822172058994e-01 1.6213300354884168e+00 3.0000000000000004e-01 1.0000000000000000e+00 3.4140000000000000e+03 7.7431852307939836e-02 2.1213205815067748e-01 -5.1813056948400874e-16 -7.8263009591765208e-03 8.5258153267115777e-02 -2.1274749513697875e-02 2.3340680766437541e-01 5.1963376857129009e-17 -5.7009394634113951e-16 3.4828644667682238e+02 4 6 3
9.9999990000000005e-01 1.6174379284512981e+00 3.0000000000000004e-01 1.0000000000000000e+00 3.4240000000000000e+03 7.7672391160608339e-02 2.1227410291874274e-01 -4.4145560927450965e-16 -7.8696902821819500e-03 8.5542081442789381e-02 -2.1343091585476696e-02 2.3361719450421764e-01 4.4399487320373060e-17 -4.8585509659487980e-16 3.4404072614200413e+02 4 6 4
9.9999999437658671e-01 1.6165147536999509e+00 3.0000000000000004e-01 1.0000000000000000e+00 3.4340000000000000e+03 7.7729135581971878e-02 2.1230632208024178e-01 1.3678788803318370e-16 -7.8799334463284052e-03 8.5609069028299858e-02 -2.1359075873792939e-02 2.3366539795403449e-01 -1.3721580129064049e-17 1.5050946816224831e-16 4.2091523231309839e+02 4 6 5
9.9999999968377229e-01 1.6162958222365258e+00 3.0000000000000004e-01 1.0000000000000000e+00 3.4080000000000000e+03 7.7742574246569926e-02 2.1231387565657359e-01 -1.2416713273636442e-16 -7.8823597998961045e-03 8.5624934046466136e-02 -2.1362853582165157e-02 2.3367672923873983e-01 1.2480283683524774e-17 -1.3664741641988875e-16 7.2689337882096879e+02 4 6 6
9.9999999998221722e-01 1.6162439046682404e+00 3.0000000000000004e-01 1.0000000000000000e+00 3.4180000000000000e+03 7.7745760022173899e-02 2.1231566228623699e-01 -6.0822058321825553e-16 -7.8829350242766282e-03 8.5628695046450418e-02 -2.1363748690306814e-02 2.3367941097654280e-01 6.1160782347850560e-17 -6.6938136556610009e-16 9.0301824989519082e+02 4 6 7
9.9999999999900002e-01 1.6162315926961970e+00 3.0000000000000004e-01 1.0000000000000000e+00 3.4280000000000000e+03 7.7746515349443920e-02 2.1231608536711055e-01 -2.3107226491222060e-16 -7.8830714611749682e-03 8.5629586810619038e-02 -2.1363961000984560e-02 2.3368004636809486e-01 2.3211333216007406e-17 -2.5428359812822620e-16 9.3476892105396837e+02 4 6 8
9.8999999999999999e-01 2.0492789684164658e+00 3.5000000000000003e-01 1.0000000000000000e+00 3.5280000000000000e+03 5.1805658540775075e-02 1.7313652597591001e-01 -3.6143398111699846e-16 -3.7356496349628468e-03 5.5541308175738283e-02 -1.2259188794154713e-02 1.8539571477006545e-01 2.5561905630327293e-17 -3.8699588674732585e-16 1.6996401040419005e+02 4 7 0
9.9943765867480960e-01 1.7553967284369945e+00 3.5000000000000003e-01 1.0000000000000000e+00 3.5200000000000000e+03 7.0849695510961513e-02 2.0327885278256438e-01 2.5509004268552062e-16 -6.5375747635638163e-03 7.7387270274524328e-02 -1.8523427768875025e-02 2.2180228055143833e-01 -2.3226529999240009e-17 2.7831657268475904e-16 3.0051342733600177e+02 4 7 1
9.9996837722339826e-01 1.6873233001589643e+00 3.5000000000000003e-01 1.0000000000000000e+00 3.4850000000000000e+03 7.5428117715235138e-02 2.0806283110228485e-01 9.6444448926645131e-17 -7.2924049142251667e-03 8.2720522629460849e-02 -1.9903038341522131e-02 2.2796586944380517e-01 -9.2770797897484731e-18 1.0572152871639315e-16 3.8593955311295576e+02 4 7 2
9.9999822172058994e-01 1.6712284093446976e+00 3.5000000000000003e-01 1.0000000000000000e+00 3.4950000000000000e+03 7.6468321909166082e-02 2.0889787824245487e-01 -2.1949734403129552e-16 -7.4659854051514407e-03 8.3934307314316947e-02 -2.0190607944034208e-02 2.2908848618648814e-01 2.1248425815843018e-17 -2.4074576984713714e-16 4.3757381791714579e+02 4 7 3
9.9999990000000005e-01 1.6674135124182441e+00 3.5000000000000003e-01 1.0000000000000000e+00 3.5050000000000000e+03 7.6711092260870306e-02 2.0907452401193327e-01 -5.2301987266055409e-16 -7.5065176091798549e-03 8.4217609870049837e-02 -2.0255623312227404e-02 2.2933014732416043e-01 5.0638259036699972e-17 -5.7365813169725335e-16 4.3166064971499145e+02 4 7 4
9.9999999437658671e-01 1.6665089457546971e+00 3.5000000000000003e-01 1.0000000000000000e+00 3.5150000000000000e+03 7.6768445826889575e-02 2.0911522950505801e-01 2.7859745111554866e-16 -7.5160883409206959e-03 8.4284534167810551e-02 -2.0270846103829503e-02 2.2938607560888666e-01 -2.7006192087726021e-17 3.0560364320327488e-16 4.4017951057292521e+02 4 7 5
9.9999999968377229e-01 1.6662944439488212e+00 3.5000000000000003e-01 1.0000000000000000e+00 3.4890000000000000e+03 7.6782030591656877e-02 2.0912479819162949e-01 -2.4451212787078934e-16 -7.5183555369871587e-03 8.4300386128643365e-02 -2.0274444815505353e-02 2.2939924300713133e-01 2.3672165965007034e-17 -2.6818429383579707e-16 4.6554650622000918e+02 4 7 6
9.9999999998221722e-01 1.6662435779012892e+00 3.5000000000000003e-01 1.0000000000000000e+00 3.4990000000000000e+03 7.6785251088654333e-02 2.0912706289073585e-01 -5.4960411429730750e-16 -7.5188930355923559e-03 8.4304144124247152e-02 -2.0275297563280122e-02 2.2940236045401552e-01 5.3367852539568946e-17 -6.0297196683687411e-16 4.9690054353396408e+02 4 7 7
9.9999999999900002e-01 1.6662315153855860e+00 3.5000000000000003e-01 1.0000000000000000e+00 3.5090000000000000e+03 7.6786014684414941e-02 2.0912759944486770e-01 4.3497081707327378e-16 -7.5190204591956498e-03 8.4305035143609944e-02 -2.0275499622743390e-02 2.2940309906761153e-01 -4.2188145657792432e-17 4.7715896273106400e-16 4.7090814720396884e+02 4 7 8
9.8999999999999999e-01 2.0984130016207723e+00 4.0000000000000002e-01 1.0000000000000000e+00 3.5730000000000000e+03 5.1232375199483010e-02 1.6915477054485531e-01 -7.8552095058829506e-17 -3.6169648581346465e-03 5.4849340057617539e-02 -1.1706025034615115e-02 1.8086079557947013e-01 5.3883965133042816e-18 -8.3940491572133754e-17 1.9375500118290074e+02 4 8 0
9.9943765867480960e-01 1.8046098579422172e+00 4.0000000000000002e-01 1.0000000000000000e+00 3.5830000000000000e+03 7.0000117579657420e-02 1.9940972362573928e-01 -1.1729041144938016e-16 -6.2688849491632330e-03 7.6269002528819269e-02 -1.7600714163500637e-02 2.1701043778923956e-01 1.0332458786641211e-17 -1.2762287023602094e-16 6.4553531909198500e+02 4 8 1
9.9996837722339826e-01 1.7370856171169973e+00 4.0000000000000002e-01 1.0000000000000000e+00 3.5840000000000000e+03 7.4582344633131264e-02 2.0456571530639436e-01 -2.8909688786693448e-16 -6.9835340538242831e-03 8.1565878686955293e-02 -1.8913173181613226e-02 2.2347888848800612e-01 2.6748064461901851e-17 -3.1584495232883628e-16 4.8026875289808959e+02 4 8 2
9.9999822172058994e-01 1.7211687649533562e+00 4.0000000000000002e-01 1.0000000000000000e+00 3.5940000000000000e+03 7.5632861119428255e-02 2.0552403061052890e-01 -4.0122731137499038e-16 -7.1478486488625263e-03 8.2780709768290522e-02 -1.9188704645242926e-02 2.2471273525577343e-01 3.7345384385933333e-17 -4.3857269576092394e-16 9.4190540563105606e+02 4 8 3
9.9999990000000005e-01 1.7173991776937338e+00 4.0000000000000002e-01 1.0000000000000000e+00 3.5680000000000000e+03 7.5880715199255419e-02 2.0573690049362806e-01 3.3697806855694970e-17 -7.1862475904687284e-03 8.3066962789723947e-02 -1.9251225240970782e-02 2.2498812573459975e-01 -3.1913350142381739e-18 3.6889141869933061e-17 5.8759921393590048e+02 4 8 4
9.9999999437658671e-01 1.7165055356410643e+00 4.0000000000000002e-01 1.0000000000000000e+00 3.5780000000000000e+03 7.5938979840653051e-02 2.0578550708240143e-01 -1.9474412654279046e-16 -7.1953166168780792e-03 8.3134296457532147e-02 -1.9265878498889506e-02 2.2505138558129081e-01 1.8194059428087577e-17 -2.1293818597087791e-16 5.8839306606608443e+02 4 8 5
9.9999999968377229e-01 1.7162936346497368e+00 4.0000000000000002e-01 1.0000000000000000e+00 3.5880000000000000e+03 7.5952784998024242e-02 2.0579696831853728e-01 2.5024405065160755e-16 -7.1974650825765039e-03 8.3150250080600535e-02 -1.9269343420035990e-02 2.2506631173857358e-01 -2.3507248150356505e-17 2.7375129880196047e-16 6.2816714219306596e+02 4 8 6
9.9999999998221722e-01 1.7162433857975052e+00 4.0000000000000002e-01 1.0000000000000000e+00 3.5980000000000000e+03 7.5956058658738779e-02 2.0579968415657002e-01 -6.5661956690792892e-16 -7.1979744431823374e-03 8.3154033101920877e-02 -1.9270164520388575e-02 2.2506984867695740e-01 6.1501976340277479e-17 -7.1812154324820946e-16 6.1206557607697323e+02 4 8 7
9.9999999999900002e-01 1.7162314700948151e+00 4.0000000000000002e-01 1.0000000000000000e+00 3.5720000000000000e+03 7.5956834853858443e-02 2.0580032772935994e-01 4.8089900802336362e-16 -7.1980952533693869e-03 8.3154930107227909e-02 -1.9270359328610241e-02 2.2507068705796937e-01 -4.4953359019628172e-17 5.2585236704299002e-16 5.9901483492599800e+02 4 8 8
9.8999999999999999e-01 2.2043921473921273e+00 0.0000000000000000e+00 1.0000000000000000e+00 3.6450000000000000e+03 3.1879136016137968e-02 1.3589770029677889e-01 0.0000000000000000e+00 -1.9843926873811175e-03 3.3863528703519101e-02 -8.4592757646983641e-03 1.4435697606147727e-01 0.0000000000000000e+00 0.0000000000000000e+00 0.0000000000000000e+00 5 0 0
9.9943765867480960e-01 1.8964856545090143e+00 0.0000000000000000e+00 1.0000000000000000e+00 3.6730000000000000e+03 4.8061636106455703e-02 1.7355748867353429e-01 0.0000000000000000e+00 -3.9531986908726072e-03 5.2014834797328283e-02 -1.4275569718343262e-02 1.8783305839187769e-01 0.0000000000000000e+00 0.0000000000000000e+00 0.0000000000000000e+00 5 0 1
9.9996837722339826e-01 1.8023271418454110e+00 0.0000000000000000e+00 1.0000000000000000e+00 3.6650000000000000e+03 5.4578920956588672e-02 1.8663843771951327e-01 0.0000000000000000e+00 -4.8387450248025422e-03 5.9417665981391178e-02 -1.6546604368938071e-02 2.0318504208845134e-01 0.0000000000000000e+00 0.0000000000000000e+00 0.0000000000000000e+00 5 0 2
9.9999822172058994e-01 1.7694513173199555e+00 0.0000000000000000e+00 1.0000000000000000e+00 3.6750000000000000e+03 5.7031440756447685e-02 1.9126834954293856e-01 0.0000000000000000e+00 -5.1850910832657512e-03 6.2216531839713492e-02 -1.7389422405814359e-02 2.0865777194875301e-01 0.0000000000000000e+00 0.0000000000000000e+00 0.0000000000000000e+00 5 0 3
9.9999990000000005e-01 1.7573098685704158e+00 0.0000000000000000e+00 1.0000000000000000e+00 3.6490000000000000e+03 5.7957116876739087e-02 1.9297126365542169e-01 0.0000000000000000e+00 -5.3181342718241799e-03 6.3275251148563180e-02 -1.7707007284466923e-02 2.1067827093988883e-01 0.0000000000000000e+00 0.0000000000000000e+00 0.0000000000000000e+00 5 0 4
9.9999999437658671e-01 1.7527240296189370e+00 0.0000000000000000e+00 1.0000000000000000e+00 3.6590000000000000e+03 5.8309228215026147e-02 1.9361228342420378e-01 0.0000000000000000e+00 -5.3691232110083037e-03 6.3678351426034382e-02 -1.7827850525404938e-02 2.1144013394960876e-01 0.0000000000000000e+00 0.0000000000000000e+00 0.0000000000000000e+00 5 0 5
9.9999999968377229e-01 1.7509767167738945e+00 0.0000000000000000e+00 1.0000000000000000e+00 3.6690000000000000e+03 5.8443727759384868e-02 1.9385613722472231e-01 0.0000000000000000e+00 -5.3886588497457201e-03 6.3832386609130570e-02 -1.7874023945465650e-02 2.1173016117018795e-01 0.0000000000000000e+00 0.0000000000000000e+00 0.0000000000000000e+00 5 0 6
9.9999999998221722e-01 1.7503086954642884e+00 0.0000000000000000e+00 1.0000000000000000e+00 3.6790000000000000e+03 5.8495196647667974e-02 1.9394930469474339e-01 0.0000000000000000e+00 -5.3961433195606123e-03 6.3891339967228455e-02 -1.7891695469728613e-02 2.1184100016447174e-01 0.0000000000000000e+00 0.0000000000000000e+00 0.0000000000000000e+00 5 0 7
9.9999999999900002e-01 1.7500529601337069e+00 0.0000000000000000e+00 1.0000000000000000e+00 3.6620000000000000e+03 5.8514906297123921e-02 1.9398495944214963e-01 0.0000000000000000e+00 -5.3990112960772916e-03 6.3913917593201128e-02 -1.7898464742969935e-02 2.1188342418511932e-01 0.0000000000000000e+00 0.0000000000000000e+00 0.0000000000000000e+00 5 0 8
9.8999999999999999e-01 2.2320551510636033e+00 5.0000000000000003e-02 1.0000000000000000e+00 3.7350000000000000e+03 3.0801673304558443e-02 1.3267639261798581e-01 2.9460077181738954e-16 -1.8864561378335427e-03 3.2688129442391980e-02 -8.1175483994300884e-03 1.4079394101741580e-01 -1.8024578273112782e-17 3.1262535009050233e-16 1.6549617954995483e+01 5 1 0
9.9943765867480960e-01 1.9229902312564140e+00 5.0000000000000003e-02 1.0000000000000000e+00 3.7450000000000000e+03 4.6554489565590551e-02 1.7004464646567435e-01 3.1914312061062890e-16 -3.7594059661316252e-03 5.0313895531722136e-02 -1.3721522448522008e-02 1.8376616891419609e-01 -2.5751598654463035e-17 3.4489471926509083e-16 2.4033929283963516e+01 5 1 1
9.9996837722339826e-01 1.8342103972521484e+00 5.0000000000000003e-02 1.0000000000000000e+00 3.7280000000000000e+03 5.2529073027646637e-02 1.8235320085000570e-01 2.8343381107688118e-16 -4.5505336876239810e-03 5.7079606715270591e-02 -1.5786997995539981e-02 1.9814019884554540e-01 -2.4537924130103603e-17 3.0797173520698427e-16 3.2433732073055580e+01 5 1 2
9.9999822172058994e-01 1.8086819231543747e+00 5.0000000000000003e-02 1.0000000000000000e+00 3.7380000000000000e+03 5.4376463918370095e-02 1.8597025706809830e-01 -5.6096600025635204e-16 -4.8030063841774046e-03 5.9179470302547450e-02 -1.6416548202963593e-02 2.0238680527106201e-01 4.9520640789531366e-17 -6.1048664104587958e-16 3.1136065138038248e+01 5 1 3
9.9999990000000005e-01 1.8020286705630126e+00 5.0000000000000003e-02 1.0000000000000000e+00 3.7480000000000000e+03 5.4866883509353939e-02 1.8691507468293000e-01 -2.6120379894732610e-16 -4.8707230473192661e-03 5.9737606556673033e-02 -1.6583146653708945e-02 2.0349822133663903e-01 2.3174707257561288e-17 -2.8437850620488778e-16 3.8184908676892519e+01 5 1 4
9.9999999437658671e-01 1.8004034980645078e+00 5.0000000000000003e-02 1.0000000000000000e+00 3.7580000000000000e+03 5.4987221445496677e-02 1.8714591008722486e-01 4.2775701254832426e-16 -4.8873861121612929e-03 5.9874607557657951e-02 -1.6623998761689962e-02 2.0376990884891413e-01 -3.7997910091527748e-17 4.6575492263985234e-16 4.0752530280966312e+01 5 1 5
9.9999999968377229e-01 1.8000151608806914e+00 5.0000000000000003e-02 1.0000000000000000e+00 3.7320000000000000e+03 5.5016007194534471e-02 1.8720106820353605e-01 -3.3253589784638402e-16 -4.8913748954710285e-03 5.9907382090005318e-02 -1.6633769571429275e-02 2.0383483777496550e-01 2.9547510343216166e-17 -3.6208340818960050e-16 4.5285946459975094e+01 5 1 6
9.9999999998221722e-01 1.7999229016136529e+00 5.0000000000000003e-02 1.0000000000000000e+00 3.7420000000000000e+03 5.5022847710252877e-02 1.8721417233757795e-01 -3.9618123385534102e-16 -4.8923229337964015e-03 5.9915170644049255e-02 -1.6636091385837572e-02 2.0385026372341611e-01 3.5201928166912946e-17 -4.3138316202225370e-16 4.4576875448925421e+01 5 1 7
9.9999999999900002e-01 1.7999010130757835e+00 5.0000000000000003e-02 1.0000000000000000e+00 3.7520000000000000e+03 5.5024470740540704e-02 1.8721728136026805e-01 5.5755244811332477e-16 -4.8925481926008979e-03 5.9917018933141761e-02 -1.6636643338278214e-02 2.0385392469854619e-01 -4.9544348701567545e-17 6.0709679681489248e-16 4.3197235888103023e+01 5 1 8
9.8999999999999999e-01 2.2655257723122340e+00 1.0000000000000001e-01 1.0000000000000000e+00 3.8340000000000000e+03 2.9856190165022480e-02 1.2930267591376610e-01 1.2810265825560444e-16 -1.8004699713384845e-03 3.1656660136360766e-02 -7.7665115449525165e-03 1.3706918745871866e-01 -7.6976172375091728e-18 1.3580027549311252e-16 2.4505581342149526e+01 5 2 0
9.9943765867480960e-01 1.9594369450586488e+00 1.0000000000000001e-01 1.0000000000000000e+00 3.8080000000000000e+03 4.4922419952469199e-02 1.6566874603506440e-01 -2.4066466955193203e-16 -3.5458814560903355e-03 4.8468301408559511e-02 -1.3038273595577417e-02 1.7870701963064220e-01 1.8945157550663801e-17 -2.5960982710259591e-16 3.9081703310832381e+01 5 2 1
9.9996837722339826e-01 1.8778684747154817e+00 1.0000000000000001e-01 1.0000000000000000e+00 3.8090000000000000e+03 5.0224173223857936e-02 1.7689777296361758e-01 -2.2452316995776825e-16 -4.2244617963842351e-03 5.4448635020242143e-02 -1.4840318298307703e-02 1.9173809126192498e-01 1.8833256730457532e-17 -2.4335642668822602e-16 4.7892611719202250e+01 5 2 2
9.9999822172058994e-01 1.8567087105729090e+00 1.0000000000000001e-01 1.0000000000000000e+00 3.8190000000000000e+03 5.1700697312668714e-02 1.7989761089808914e-01 -1.6985572120542977e-17 -4.4180172222070225e-03 5.6118714534875935e-02 -1.5334078811693340e-02 1.9523168970978311e-01 1.4428556943178546e-18 -1.8428427814860840e-17 5.1879714899929240e+01 5 2 3
9.9999990000000005e-01 1.8515219605631803e+00 1.0000000000000001e-01 1.0000000000000000e+00 3.8290000000000000e+03 5.2068978581250584e-02 1.8063724685764088e-01 5.0372518669588694e-16 -4.4666052657525443e-03 5.6535583847003093e-02 -1.5456700270089939e-02 1.9609394712773112e-01 -4.3090148660883911e-17 5.4681533535676997e-16 5.2383204862941056e+01 5 2 4
9.9999999437658671e-01 1.8502808980561256e+00 1.0000000000000001e-01 1.0000000000000000e+00 3.8390000000000000e+03 5.2157466993127066e-02 1.8081444858219145e-01 2.7486584579184307e-16 -4.4782985294359720e-03 5.6635765522563060e-02 -1.5486132308693870e-02 1.9630058089088562e-01 -2.3531368931585711e-17 2.9839721472342708e-16 5.2873402340803295e+01 5 2 5
9.9999999968377229e-01 1.8499859467243740e+00 1.0000000000000001e-01 1.0000000000000000e+00 3.8130000000000000e+03 5.2178518036129974e-02 1.8085657486913145e-01 -2.2936340186655818e-16 -4.4810813870302677e-03 5.6659599423160338e-02 -1.5493132332447661e-02 1.9634970720157899e-01 1.9645998740637172e-17 -2.4900940060719530e-16 5.4905676543945447e+01 5 2 6
9.9999999998221722e-01 1.8499159659095501e+00 1.0000000000000001e-01 1.0000000000000000e+00 3.8230000000000000e+03 5.2183513810439099e-02 1.8086657048052635e-01 2.8112312330545741e-16 -4.4817418779103451e-03 5.6665255688349632e-02 -1.5494793492307594e-02 1.9636136397283377e-01 -2.4083747095760664e-17 3.0520687040121570e-16 5.1085995489032939e+01 5 2 7
9.9999999999900002e-01 1.8498993690610455e+00 1.0000000000000001e-01 1.0000000000000000e+00 3.8690000000000000e+03 5.2184698552683720e-02 1.8086894066369047e-01 -2.9811311823650037e-16 -4.4818987676540963e-03 5.6666597320337894e-02 -1.5495188271592471e-02 1.9636412893528388e-01 2.5534620781682301e-17 -3.2364773901818101e-16 5.3516168734990060e+01 5 2 8
9.8999999999999999e-01 2.3034788543821554e+00 1.5000000000000002e-01 1.0000000000000000e+00 3.9060000000000000e+03 2.9064620923423233e-02 1.2590010872149082e-01 1.2901078578506733e-16 -1.7284175042226399e-03 3.0793038427645865e-02 -7.4231777882810936e-03 1.3332328650977152e-01 -7.5869447844991185e-18 1.3659773056956638e-16 3.2430022234795615e+01 5 3 0
9.9943765867480960e-01 2.0012049249374355e+00 1.5000000000000002e-01 1.0000000000000000e+00 3.8980000000000000e+03 4.3435971988566205e-02 1.6106661509958486e-01 7.1527945832798807e-17 -3.3494341552294327e-03 4.6785406143795429e-02 -1.2339595071272727e-02 1.7340621017085764e-01 -5.4798810250712326e-18 7.7007826857870060e-17 4.9530322569189593e+01 5 3 1
9.9996837722339826e-01 1.9248152232836016e+00 1.5000000000000002e-01 1.0000000000000000e+00 3.8900000000000000e+03 4.8236464224617158e-02 1.7147517515271038e-01 1.9514313665187822e-16 -3.9419649992978468e-03 5.2178429223914767e-02 -1.3931114946039609e-02 1.8540629009874982e-01 -1.5874483901023827e-17 2.1101762055290138e-16 6.1204549682792276e+01 5 3 2
9.9999822172058994e-01 1.9058748701300698e+00 1.5000000000000002e-01 1.0000000000000000e+00 3.9000000000000000e+03 4.9514003777549234e-02 1.7414897298373641e-01 5.5804396375001861e-16 -4.1025182094592870e-03 5.3616521987008718e-02 -1.4347029671743847e-02 1.8849600265547944e-01 -4.5963323959616593e-17 6.0400728770963606e-16 6.5455234899884090e+01 5 3 3
9.9999990000000005e-01 1.9013168322387177e+00 1.5000000000000002e-01 1.0000000000000000e+00 3.9100000000000000e+03 4.9826782106572501e-02 1.7479759303499964e-01 2.7749094339763418e-17 -4.1419925724531324e-03 5.3968774679025715e-02 -1.4448337801288801e-02 1.8924593083628802e-01 -2.2884683545578075e-18 3.0037562694321202e-17 6.6827284549130127e+01 5 3 4
9.9999999437658671e-01 1.9002318187913305e+00 1.5000000000000002e-01 1.0000000000000000e+00 3.9200000000000000e+03 4.9901542666184240e-02 1.7495227752109002e-01 1.9423604671452442e-16 -4.1514374046907774e-03 5.4052980070875105e-02 -1.4472522356591605e-02 1.8942479987768249e-01 -1.6067727544690299e-17 2.1030377425921531e-16 6.3948527079075575e+01 5 3 5
9.9999999968377229e-01 1.8999742834224536e+00 1.5000000000000002e-01 1.0000000000000000e+00 3.8940000000000000e+03 4.9919305128587908e-02 1.7498900972399786e-01 2.1096356841150667e-16 -4.1536819265333719e-03 5.4072987055121140e-02 -1.4478266597176832e-02 1.8946727632117441e-01 -1.7444320594693808e-17 2.2840788900620105e-16 6.9651432208949700e+01 5 3 6
9.9999999998221722e-01 1.8999131986174314e+00 1.5000000000000002e-01 1.0000000000000000e+00 3.9040000000000000e+03 4.9923519196448704e-02 1.7499772318781814e-01 -7.2230908538286177e-17 -4.1542144558828374e-03 5.4077733652331414e-02 -1.4479629284039154e-02 1.8947735247185699e-01 5.9556870609847574e-18 -7.8186595599270701e-17 6.4599625806091353e+01 5 3 7
9.9999999999900002e-01 1.8998987126854301e+00 1.5000000000000002e-01 1.0000000000000000e+00 3.9140000000000000e+03 4.9924518544023903e-02 1.7499978940250357e-01 -4.4412216920575217e-16 -4.1543408800582349e-03 5.4078859424082047e-02 -1.4479952854328118e-02 1.8947974225683134e-01 3.6737446971595245e-17 -4.8085961617734607e-16 6.9245966690126806e+01 5 3 8
9.8999999999999999e-01 2.3448844397932627e+00 2.0000000000000001e-01 1.0000000000000000e+00 3.9690000000000000e+03 2.8421788656392930e-02 1.2252892473133833e-01 2.5243619333886018e-17 -1.6694736590404542e-03 3.0091262315433409e-02 -7.0963171365268102e-03 1.2962524186786428e-01 -1.4827904762175363e-18 2.6726409810103580e-17 3.8174356554867700e+01 5 4 0
9.9943765867480960e-01 2.0459904160971818e+00 2.0000000000000001e-01 1.0000000000000000e+00 3.9880000000000000e+03 4.2179766237078475e-02 1.5651089177992616e-01 -1.7647275464672127e-16 -3.1811245615993048e-03 4.5360890798677674e-02 -1.1674459675264417e-02 1.6818535145519109e-01 1.3194409331219740e-17 -1.8966716397794131e-16 6.5423231186810881e+01 5 4 1
9.9996837722339826e-01 1.9730950310597808e+00 2.0000000000000001e-01 1.0000000000000000e+00 3.9710000000000000e+03 4.6623911644512066e-02 1.6632320326036959e-01 4.4765322170061806e-16 -3.7101834286698060e-03 5.0334095073181664e-02 -1.3102752986697375e-02 1.7942595624706717e-01 -3.5298656568450098e-17 4.8295187826906833e-16 6.9326767065096647e+01 5 4 2
9.9999822172058994e-01 1.9554270876252520e+00 2.0000000000000001e-01 1.0000000000000000e+00 3.9810000000000000e+03 4.7780812892345495e-02 1.6879976048190756e-01 -3.8542023299812860e-16 -3.8497564098179319e-03 5.1630569302163414e-02 -1.3467246898960381e-02 1.8226700738086821e-01 3.0758112812150763e-17 -4.1617834581028251e-16 7.9697928671957925e+01 5 4 3
9.9999990000000005e-01 1.9512081462190081e+00 2.0000000000000001e-01 1.0000000000000000e+00 3.9910000000000000e+03 4.8061906477323793e-02 1.6939682432618103e-01 2.1501001856266870e-16 -3.8837623007479003e-03 5.1945668778071573e-02 -1.3555308699259307e-02 1.8295213302543922e-01 -1.7196930522891033e-17 2.3220694908556027e-16 8.2354412409011275e+01 5 4 4
9.9999999437658671e-01 1.9502059008055312e+00 2.0000000000000001e-01 1.0000000000000000e+00 4.0010000000000000e+03 4.8128960113580477e-02 1.6953898439992546e-01 -2.3655807679670816e-16 -3.8918793455805490e-03 5.2020839459160854e-02 -1.3576285963740718e-02 1.8311527036366584e-01 1.8951417130713699e-17 -2.5550949392742150e-16 8.9236479911021888e+01 5 4 5
9.9999999968377229e-01 1.9499681291331679e+00 2.0000000000000001e-01 1.0000000000000000e+00 3.9750000000000000e+03 4.8144883516573957e-02 1.6957272843519935e-01 -2.2080771988177561e-16 -3.8938072063527660e-03 5.2038690722926793e-02 -1.3581265815040329e-02 1.8315399425023915e-01 1.7651132084821924e-17 -2.3845885196659734e-16 8.8570357359014452e+01 5 4 6
9.9999999998221722e-01 1.9499117389525034e+00 2.0000000000000001e-01 1.0000000000000000e+00 3.9850000000000000e+03 4.8148660806505171e-02 1.6958073222089473e-01 -1.7711036226535719e-16 -3.8942645385207351e-03 5.2042925345025859e-02 -1.3582447008058303e-02 1.8316317922895381e-01 1.4235929825034800e-17 -1.9134629209039174e-16 8.7238628047052771e+01 5 4 7
9.9999999999900002e-01 1.9498983663559377e+00 2.0000000000000001e-01 1.0000000000000000e+00 3.9770000000000000e+03 4.8149556600452545e-02 1.6958263024732442e-01 1.1807521336148128e-16 -3.8943731210664989e-03 5.2043929721519000e-02 -1.3582727549229085e-02 1.8316535779655341e-01 -9.4908409093373182e-18 1.2756605427081843e-16 8.4633823734009638e+01 5 4 8
9.8999999999999999e-01 2.3889628672456582e+00 2.5000000000000000e-01 1.0000000000000000e+00 4.0590000000000000e+03 2.7903280838020517e-02 1.1919663900134711e-01 2.6466970615445649e-16 -1.6210478314059389e-03 2.9524328669426371e-02 -6.7881798521123356e-03 1.2598481885345955e-01 -1.5072787134223433e-17 2.7974249328868078e-16 4.4002869219984859e+01 5 5 0
9.9943765867480960e-01 2.0926142546588817e+00 2.5000000000000000e-01 1.0000000000000000e+00 4.0600000000000000e+03 4.1149929484896756e-02 1.5208524947934554e-01 3.8974104016155976e-16 -3.0402005693429463e-03 4.4190130054239586e-02 -1.1058772239296561e-02 1.6314402171864270e-01 -2.8361068109760889e-17 4.1810210827132127e-16 7.2878083322895691e+01 5 5 1
9.9996837722339826e-01 2.0220496549183320e+00 2.5000000000000000e-01 1.0000000000000000e+00 4.0520000000000000e+03 4.5340664154447666e-02 1.6146001209528940e-01 -2.2517559744054858e-16 -3.5219189414176541e-03 4.8862583095865622e-02 -1.2358575329890454e-02 1.7381858742517936e-01 1.7246952959295764e-17 -2.4242255039984380e-16 8.9672446684911847e+01 5 5 2
9.9999822172058994e-01 2.0051610532458932e+00 2.5000000000000000e-01 1.0000000000000000e+00 4.0620000000000000e+03 4.6419250446026981e-02 1.6380719022846693e-01 4.1040467534595472e-16 -3.6470807821969283e-03 5.0066331228223786e-02 -1.2686037408981702e-02 1.7649322763744826e-01 -3.1795342421369304e-17 4.4220001776732372e-16 8.6239499245071784e+01 5 5 3
9.9999990000000005e-01 2.0011439604550976e+00 2.5000000000000000e-01 1.0000000000000000e+00 4.0720000000000000e+03 4.6680382425421614e-02 1.6437160581615529e-01 1.6175888722490181e-16 -3.6774331768514652e-03 5.0357815602272940e-02 -1.2764836818304507e-02 1.7713644263445924e-01 -1.2538707347480236e-17 1.7429759457238121e-16 8.9221677755005658e+01 5 5 4
9.9999999437658671e-01 2.0001906170046455e+00 2.5000000000000000e-01 1.0000000000000000e+00 4.0820000000000000e+03 4.6742617618568245e-02 1.6450590349220451e-01 2.4531459237905436e-16 -3.6846695363224537e-03 5.0427287154890560e-02 -1.2783588569187602e-02 1.7728949206139205e-01 -1.9051527122113922e-17 2.6436611950116943e-16 9.3795836009085178e+01 5 5 5
9.9999999968377229e-01 1.9999645012031995e+00 2.5000000000000000e-01 1.0000000000000000e+00 4.0560000000000000e+03 4.6757393472514709e-02 1.6453777599613820e-01 4.1765225167381235e-16 -3.6863877350033431e-03 5.0443781207517892e-02 -1.2788039006974788e-02 1.7732581500311245e-01 -3.2437095812396634e-17 4.5008934748620983e-16 1.0509349577012472e+02 5 5 6
9.9999999998221722e-01 1.9999108783008350e+00 2.5000000000000000e-01 1.0000000000000000e+00 4.0660000000000000e+03 4.6760898357856982e-02 1.6454533555616452e-01 2.1383103573455555e-16 -3.6867953139073624e-03 5.0447693671764479e-02 -1.2789094600404911e-02 1.7733443015656908e-01 -1.6654646316226884e-17 2.3048568205078139e-16 1.0780585573497228e+02 5 5 7
9.9999999999900002e-01 1.9998981619588010e+00 2.5000000000000000e-01 1.0000000000000000e+00 4.0580000000000000e+03 4.6761729669626398e-02 1.6454712869211413e-01 2.9229441745591013e-16 -3.6868919875064536e-03 5.0448621657133041e-02 -1.2789344997378766e-02 1.7733647368949196e-01 -2.2718440457543149e-17 3.1501285791345161e-16 1.2031972909788601e+02 5 5 8
9.8999999999999999e-01 2.4351294447144127e+00 3.0000000000000004e-01 1.0000000000000000e+00 4.1760000000000000e+03 2.7471796998696507e-02 1.1586825408744765e-01 -1.5436752421320345e-16 -1.5796164741504893e-03 2.9051413472846951e-02 -6.4963095699055885e-03 1.2236456365735300e-01 8.6548229515222840e-18 -1.6302234716472665e-16 4.9103060073917732e+01 5 6 0
9.9943765867480960e-01 2.1404310702037250e+00 3.0000000000000004e-01 1.0000000000000000e+00 4.1590000000000000e+03 4.0301955102842936e-02 1.4777242395413948e-01 2.6547981326404725e-16 -2.9210201432374678e-03 4.3222975246080368e-02 -1.0491923656567190e-02 1.5826434761070612e-01 -1.8902112357315195e-17 2.8438192562136069e-16 9.6784337081015110e+01 5 6 1
9.9996837722339826e-01 2.0713955347043704e+00 3.0000000000000004e-01 1.0000000000000000e+00 4.1330000000000000e+03 4.4311437132842017e-02 1.5682102132295367e-01 -7.4177723930883668e-17 -3.3667027445225743e-03 4.7678139877364516e-02 -1.1688527078535450e-02 1.6850954840148855e-01 5.5856071005390723e-18 -7.9763331031422894e-17 1.1115747180301696e+02 5 6 2
9.9999822172058994e-01 2.0549964788040347e+00 3.0000000000000004e-01 1.0000000000000000e+00 4.1430000000000000e+03 4.5337352591148294e-02 1.5907941734664904e-01 1.7149164913910902e-16 -3.4814549325231773e-03 4.8818807523671709e-02 -1.1987854290740512e-02 1.7106727163738947e-01 -1.2966468334714555e-17 1.8445811747382270e-16 1.0768108477606438e+02 5 6 3
9.9999990000000005e-01 2.0511043717669160e+00 3.0000000000000004e-01 1.0000000000000000e+00 4.1530000000000000e+03 4.5585303575973839e-02 1.5962195451368083e-01 2.8354555061881262e-16 -3.5092102562190117e-03 4.9094513832192599e-02 -1.2059734651693407e-02 1.7168168916537277e-01 -2.1422392129887780e-17 3.0496794274869780e-16 1.1613935515983030e+02 5 6 4
9.9999999437658671e-01 2.0501811970155686e+00 3.0000000000000004e-01 1.0000000000000000e+00 4.1630000000000000e+03 4.5644379770894715e-02 1.5975103805251309e-01 2.0776454547349931e-16 -3.5158231267651834e-03 4.9160202897659655e-02 -1.2076831044261580e-02 1.7182786909677455e-01 -1.5749984561353641e-17 2.2351453003485126e-16 1.2329191796714440e+02 5 6 5
9.9999999968377229e-01 2.0499622655521437e+00 3.0000000000000004e-01 1.0000000000000000e+00 4.1370000000000000e+03 4.5658402418314759e-02 1.5978166649187936e-01 -2.3821239714668315e-16 -3.5173930385601717e-03 4.9175795456874623e-02 -1.2080888104826432e-02 1.7186255459670452e-01 1.7996454037044695e-17 -2.5620885118372877e-16 1.4803603424201719e+02 5 6 6
9.9999999998221722e-01 2.0499103479838583e+00 3.0000000000000004e-01 1.0000000000000000e+00 4.1470000000000000e+03 4.5661728504859812e-02 1.5978893063274804e-01 -1.5206002036102342e-16 -3.5177654203014034e-03 4.9179493925161119e-02 -1.2081850343692743e-02 1.7187078097643982e-01 1.1511939578284212e-17 -1.6357195993930667e-16 1.5023554053204134e+02 5 6 7
9.9999999999900002e-01 2.0498980360118146e+00 3.0000000000000004e-01 1.0000000000000000e+00 4.1390000000000000e+03 4.5662517312557917e-02 1.5979065328518530e-01 1.9768149363020574e-16 -3.5178536990940214e-03 4.9180371011651750e-02 -1.2082078430423637e-02 1.7187273171560719e-01 -1.4976042528382041e-17 2.1265753615858762e-16 1.4911452723387629e+02 5 6 8
9.8999999999999999e-01 2.4829454117320839e+00 3.5000000000000003e-01 1.0000000000000000e+00 4.2570000000000000e+03 2.7081513996630877e-02 1.1247409982298534e-01 2.3771606244262532e-16 -1.5413360164806549e-03 2.8622850013111569e-02 -6.2151607420726654e-03 1.1868926056505845e-01 -1.3115938421518592e-17 2.5083200086414344e-16 6.9044104065047577e+01 5 7 0
9.9943765867480960e-01 2.1890631717526121e+00 3.5000000000000003e-01 1.0000000000000000e+00 4.2220000000000000e+03 3.9571806423327971e-02 1.4349380064068926e-01 1.0437277894079683e-16 -2.8161196531381319e-03 4.2387926076466131e-02 -9.9646384020235304e-03 1.5345843904271123e-01 -7.2630867673969739e-18 1.1163586570819330e-16 1.0214248592499644e+02 5 7 1
9.9996837722339826e-01 2.1209897434745821e+00 3.5000000000000003e-01 1.0000000000000000e+00 4.2320000000000000e+03 4.3450718411263564e-02 1.5229553711438551e-01 4.8336809534142643e-17 -3.2333871364634004e-03 4.6684105547726923e-02 -1.1076188938369974e-02 1.6337172605275391e-01 -3.4829036552193386e-18 5.1819713189361799e-17 1.2753578327409923e+02 5 7 2
9.9999822172058994e-01 2.1048948526603155e+00 3.5000000000000003e-01 1.0000000000000000e+00 4.2420000000000000e+03 4.4440527875187021e-02 1.5449141856784743e-01 -2.8429966745634687e-16 -3.3402584327735995e-03 4.7780786307960232e-02 -1.1353234959079169e-02 1.6584465352692560e-01 2.0909082932930969e-17 -3.0520875038927802e-16 1.4077270341897383e+02 5 7 3
9.9999990000000005e-01 2.1010799557338622e+00 3.5000000000000003e-01 1.0000000000000000e+00 4.2160000000000000e+03 4.4679563666989393e-02 1.5501884464263907e-01 2.8528964097953718e-16 -3.3660707457010990e-03 4.8045634412690420e-02 -1.1419699301945349e-02 1.6643854394458243e-01 -2.1032878807783780e-17 3.0632251978731808e-16 1.4006760566309094e+02 5 7 4
9.9999999437658671e-01 2.1001753890703148e+00 3.5000000000000003e-01 1.0000000000000000e+00 4.2260000000000000e+03 4.4736496236630882e-02 1.5514430225504544e-01 -1.0334686590177347e-16 -3.3722185250976509e-03 4.8108714761728316e-02 -1.1435503693318654e-02 1.6657980594836286e-01 7.6175756991050541e-18 -1.1096444160087854e-16 1.5144682883401401e+02 5 7 5
9.9999999968377229e-01 2.0999608872644391e+00 3.5000000000000003e-01 1.0000000000000000e+00 4.2360000000000000e+03 4.4750011367024424e-02 1.5517407585631385e-01 1.9872997188763197e-17 -3.3736778999816047e-03 4.8123689267005811e-02 -1.1439253935603589e-02 1.6661332979191693e-01 -1.4982139528914494e-18 2.1371211141654549e-17 1.3293439147016034e+02 5 7 6
9.9999999998221722e-01 2.0999100212169068e+00 3.5000000000000003e-01 1.0000000000000000e+00 4.2460000000000000e+03 4.4753217048661087e-02 1.5518113728264393e-01 -4.7246267007769324e-16 -3.3740240559672211e-03 4.8127241104628106e-02 -1.1440143392689074e-02 1.6662128067533222e-01 3.4813925840300017e-17 -5.0727659591799167e-16 1.5990051013999619e+02 5 7 7
9.9999999999900002e-01 2.0998979587012041e+00 3.5000000000000003e-01 1.0000000000000000e+00 4.2290000000000000e+03 4.4753977316747122e-02 1.5518281190158928e-01 5.3685622418927528e-17 -3.3741060902127114e-03 4.8128083406959843e-02 -1.1440354183799132e-02 1.6662316608538816e-01 -3.8747965059502381e-18 5.7560418924877191e-17 1.5241989422310144e+02 5 7 8
9.8999999999999999e-01 2.5320794449363904e+00 4.0000000000000002e-01 1.0000000000000000e+00 4.2930000000000000e+03 2.6680662001329656e-02 1.0891502706958588e-01 9.6735976624261145e-17 -1.5022345349428184e-03 2.8182896536272487e-02 -5.9369692532998553e-03 1.1485199632288615e-01 -5.2730879692040980e-18 1.0200906459346561e-16 7.7788270260905847e+01 5 8 0
9.9943765867480960e-01 2.2382763012578351e+00 4.0000000000000002e-01 1.0000000000000000e+00 4.3120000000000000e+03 3.8883808749290240e-02 1.3912484131574646e-01 -3.5882020995275319e-17 -2.7184607146616738e-03 4.1602269463951819e-02 -9.4645062972040714e-03 1.4858934761294951e-01 2.3922265169724957e-18 -3.8274247512247771e-17 1.4961668395902961e+02 5 8 1
9.9996837722339826e-01 2.1707520604326151e+00 4.0000000000000002e-01 1.0000000000000000e+00 4.3220000000000000e+03 4.2666953045092035e-02 1.4773570195220964e-01 2.5295735785415462e-16 -3.1123205271754023e-03 4.5779273572267118e-02 -1.0503946698165111e-02 1.5823964865037532e-01 -1.7967683576124512e-17 2.7092504143027626e-16 1.7234593054093421e+02 5 8 2
9.9999822172058994e-01 2.1548352082689739e+00 4.0000000000000002e-01 1.0000000000000000e+00 4.2960000000000000e+03 4.3631693673960359e-02 1.4988689682531428e-01 2.2875400728623002e-16 -3.2128290398623096e-03 4.6844522713822646e-02 -1.0762510374629303e-02 1.6064940719994364e-01 -1.6478718249360259e-17 2.4523272553558907e-16 1.6523688376299106e+02 5 8 3
9.9999990000000005e-01 2.1510656210093515e+00 4.0000000000000002e-01 1.0000000000000000e+00 4.3060000000000000e+03 4.3864645075570717e-02 1.5040380557675961e-01 -5.3851828764676800e-16 -3.2370831962326590e-03 4.7101728271803082e-02 -1.0824512714532449e-02 1.6122831829129039e-01 3.8703588458222901e-17 -5.7722187610498952e-16 1.8772905871784315e+02 5 8 4
9.9999999437658671e-01 2.1501719789566822e+00 4.0000000000000002e-01 1.0000000000000000e+00 4.3160000000000000e+03 4.3920123936186981e-02 1.5052676558743122e-01 3.6766021815054288e-16 -3.2428586559443361e-03 4.7162982592131260e-02 -1.0839254535694204e-02 1.6136602012312562e-01 -2.6474777901661064e-17 3.9413499605220451e-16 1.9210671854205430e+02 5 8 5
9.9999999968377229e-01 2.1499600779653547e+00 4.0000000000000002e-01 1.0000000000000000e+00 4.3260000000000000e+03 4.3933293562189342e-02 1.5055594580567200e-01 2.1033596384528320e-16 -3.2442295809612777e-03 4.7177523143150608e-02 -1.0842752553339160e-02 1.6139869835901197e-01 -1.5165811917627181e-17 2.2550177576290920e-16 1.9690594761702232e+02 5 8 6
9.9999999998221722e-01 2.1499098291131231e+00 4.0000000000000002e-01 1.0000000000000000e+00 4.3000000000000000e+03 4.3936417341216609e-02 1.5056286678158451e-01 6.1271639091284212e-17 -3.2445547529869772e-03 4.7180972094203640e-02 -1.0843582176692316e-02 1.6140644895827680e-01 -4.3415332480488357e-18 6.5613172339332678e-17 1.8370627260697074e+02 5 8 7
9.9999999999900002e-01 2.1498979134104328e+00 4.0000000000000002e-01 1.0000000000000000e+00 4.3460000000000000e+03 4.3937158172536829e-02 1.5056450818877240e-01 1.2397213801808093e-16 -3.2446317359159350e-03 4.7181789908452523e-02 -1.0843778427849277e-02 1.6140828661662171e-01 -8.9107570156967664e-18 1.3288289503377643e-16 1.9612876484193839e+02 5 8 8
9.8999999999999999e-01 3.2327773480985944e+00 0.0000000000000000e+00 1.0000000000000000e+00 4.3830000000000000e+03 7.8801945317118986e-03 5.3605099834183462e-02 0.0000000000000000e+00 -2.5990433690192886e-04 8.1400988686138286e-03 -1.7680017759585094e-03 5.5373101610142007e-02 0.0000000000000000e+00 0.0000000000000000e+00 0.0000000000000000e+00 6 0 0
9.9943765867480960e-01 2.9248708552154810e+00 0.0000000000000000e+00 1.0000000000000000e+00 4.4290000000000000e+03 1.1500610329542603e-02 6.9022362344660027e-02 0.0000000000000000e+00 -4.7084497316891795e-04 1.1971455302711502e-02 -2.8258354482930542e-03 7.1848197792953039e-02 0.0000000000000000e+00 0.0000000000000000e+00 0.0000000000000000e+00 6 0 1
9.9996837722339826e-01 2.8307123425518776e+00 0.0000000000000000e+00 1.0000000000000000e+00 4.4120000000000000e+03 1.3004478968576266e-02 7.4939127984721743e-02 0.0000000000000000e+00 -5.6529959837239743e-04 1.3569778566948664e-02 -3.2575744906432674e-03 7.8196702475365046e-02 0.0000000000000000e+00 0.0000000000000000e+00 0.0000000000000000e+00 6 0 2
9.9999822172058994e-01 2.7978365180264224e+00 0.0000000000000000e+00 1.0000000000000000e+00 4.3770000000000000e+03 1.3584336625198916e-02 7.7157199813162811e-02 0.0000000000000000e+00 -6.0278800310755603e-04 1.4187124628306466e-02 -3.4237545552627271e-03 8.0580954368425550e-02 0.0000000000000000e+00 0.0000000000000000e+00 0.0000000000000000e+00 6 0 3
9.9999990000000005e-01 2.7856950692768825e+00 0.0000000000000000e+00 1.0000000000000000e+00 4.3870000000000000e+03 1.3806023390873170e-02 7.7996257371924893e-02 0.0000000000000000e+00 -6.1729994672745194e-04 1.4423323337600621e-02 -3.4873970699237466e-03 8.1483654441848630e-02 0.0000000000000000e+00 0.0000000000000000e+00 0.0000000000000000e+00 6 0 4
9.9999999437658671e-01 2.7811092303254039e+00 0.0000000000000000e+00 1.0000000000000000e+00 4.3970000000000000e+03 1.3890824422174675e-02 7.8315922905921487e-02 0.0000000000000000e+00 -6.2287941577566933e-04 1.4513703837950344e-02 -3.5117696994067778e-03 8.1827692605328184e-02 0.0000000000000000e+00 0.0000000000000000e+00 0.0000000000000000e+00 6 0 5
9.9999999968377229e-01 2.7793619174803617e+00 0.0000000000000000e+00 1.0000000000000000e+00 4.4070000000000000e+03 1.3923290355803548e-02 7.8438116878033579e-02 0.0000000000000000e+00 -6.2501977734443067e-04 1.4548310133147974e-02 -3.5211055069314197e-03 8.1959222384965044e-02 0.0000000000000000e+00 0.0000000000000000e+00 0.0000000000000000e+00 6 0 6
9.9999999998221722e-01 2.7786938961707550e+00 0.0000000000000000e+00 1.0000000000000000e+00 4.3810000000000000e+03 1.3935725106975766e-02 7.8484890539009117e-02 0.0000000000000000e+00 -6.2584018271158144e-04 1.4561565289687340e-02 -3.5246819134258415e-03 8.2009572452434870e-02 0.0000000000000000e+00 0.0000000000000000e+00 0.0000000000000000e+00 6 0 7
9.9999999999900002e-01 2.7784381608401736e+00 0.0000000000000000e+00 1.0000000000000000e+00 4.3820000000000000e+03 1.3940488743305101e-02 7.8502805005273291e-02 0.0000000000000000e+00 -6.2615455257909963e-04 1.4566643295884186e-02 -3.5260520380168059e-03 8.2028857043290077e-02 0.0000000000000000e+00 0.0000000000000000e+00 0.0000000000000000e+00 6 0 8
9.8999999999999999e-01 3.2604403517700704e+00 5.0000000000000003e-02 1.0000000000000000e+00 4.4640000000000000e+03 7.6589453570251199e-03 5.2439014582930057e-02 -4.6575201102898640e-17 -2.4982755538184424e-04 7.9087729124069622e-03 -1.7073678778140233e-03 5.4146382460744109e-02 1.5164473035636157e-18 -4.8091648406462281e-17 8.3243604011368006e+00 6 1 0
9.9943765867480960e-01 2.9513754319628811e+00 5.0000000000000003e-02 1.0000000000000000e+00 4.4650000000000000e+03 1.1172724023801567e-02 6.7526817306198403e-02 4.5090803331589784e-17 -4.5190259775829361e-04 1.1624626621559832e-02 -2.7267501128907011e-03 7.0253567419088808e-02 -1.8197854034813879e-18 4.6910588735071189e-17 1.0234160940162838e+01 6 1 1
9.9996837722339826e-01 2.8625955979586153e+00 5.0000000000000003e-02 1.0000000000000000e+00 4.4750000000000000e+03 1.2537264366979729e-02 7.2949471407970548e-02 -1.2958429246618150e-16 -5.3635862091143546e-04 1.3073622987891153e-02 -3.1159165062370911e-03 7.6065387914207430e-02 5.5349795968543900e-18 -1.3511927206303552e-16 1.0325112485093996e+01 6 1 2
9.9999822172058994e-01 2.8370671238608418e+00 5.0000000000000003e-02 1.0000000000000000e+00 4.4850000000000000e+03 1.2966405192856112e-02 7.4613165471011697e-02 1.1092118636868311e-16 -5.6357396334520758e-04 1.3529979156201341e-02 -3.2379215087632598e-03 7.7851086979774817e-02 -4.8143322452976617e-18 1.1573551861398083e-16 1.1954572805901989e+01 6 1 3
9.9999990000000005e-01 2.8304138712694797e+00 5.0000000000000003e-02 1.0000000000000000e+00 4.4590000000000000e+03 1.3081090307492030e-02 7.5054541179317896e-02 -1.1618342117262897e-17 -5.7090448723309535e-04 1.3651994794725111e-02 -3.2705304731113511e-03 7.8325071652429398e-02 5.0706504527040095e-19 -1.2125407162533285e-17 1.1069822124904022e+01 6 1 4
9.9999999437658671e-01 2.8287886987709747e+00 5.0000000000000003e-02 1.0000000000000000e+00 4.4690000000000000e+03 1.3109284849907876e-02 7.5162843377760635e-02 3.3379007725713732e-17 -5.7271048741888589e-04 1.3681995337326783e-02 -3.2785483034817289e-03 7.8441391681242548e-02 -1.4559679255484643e-18 3.4834975651262278e-17 9.9900284360628575e+00 6 1 5
9.9999999968377229e-01 2.8284003615871582e+00 5.0000000000000003e-02 1.0000000000000000e+00 4.4790000000000000e+03 1.3116032506584947e-02 7.5188750708004515e-02 -7.2605714295279029e-17 -5.7314293540011924e-04 1.3689175441985040e-02 -3.2804672515321484e-03 7.8469217959536638e-02 3.1681668126568188e-18 -7.5773881107935704e-17 1.1113666248973459e+01 6 1 6
9.9999999998221722e-01 2.8283081023201198e+00 5.0000000000000003e-02 1.0000000000000000e+00 4.4890000000000000e+03 1.3117636194379874e-02 7.5194907337708880e-02 7.2611894661366630e-17 -5.7324571949590513e-04 1.3690881913875774e-02 -3.2809232858528057e-03 7.8475830623562018e-02 -3.1686174978069630e-18 7.5780512159173720e-17 1.0944553801091388e+01 6 1 7
9.9999999999900002e-01 2.8282862137822504e+00 5.0000000000000003e-02 1.0000000000000000e+00 4.4720000000000000e+03 1.3118016844314311e-02 7.5196368904288546e-02 -1.7279504998668772e-16 -5.7327022861786408e-04 1.3691287072932169e-02 -3.2810321862928858e-03 7.8477401090581406e-02 7.5399380783746107e-18 -1.8033498806506218e-16 1.0918995840940624e+01 6 1 8
9.8999999999999999e-01 3.2939109730187006e+00 1.0000000000000001e-01 1.0000000000000000e+00 4.5540000000000000e+03 7.4745137509338909e-03 5.1175738162817071e-02 0.0000000000000000e+00 -2.4240674820502170e-04 7.7169204991389111e-03 -1.6479502538816007e-03 5.2823688416698669e-02 0.0000000000000000e+00 0.0000000000000000e+00 1.1467383577022702e+01 6 2 0
9.9943765867480960e-01 2.9878221457651160e+00 1.0000000000000001e-01 1.0000000000000000e+00 4.5640000000000000e+03 1.0833798556775813e-02 6.5658821942650908e-02 -1.2625584350629852e-16 -4.3365698669421059e-04 1.1267455543470015e-02 -2.6114424475475405e-03 6.8270264390198621e-02 5.0240184295351759e-18 -1.3127986193583339e-16 1.3706383641110733e+01 6 2 1
9.9996837722339826e-01 2.9062536754219486e+00 1.0000000000000001e-01 1.0000000000000000e+00 4.5650000000000000e+03 1.2033608791189936e-02 7.0462918117543100e-02 4.1979813269997987e-17 -5.0681588575955607e-04 1.2540424676949465e-02 -2.9493933911786331e-03 7.3412311508721920e-02 -1.7599367131183579e-18 4.3739749983116286e-17 1.5392520551104099e+01 6 2 2
9.9999822172058994e-01 2.8850939112793759e+00 1.0000000000000001e-01 1.0000000000000000e+00 4.5390000000000000e+03 1.2371157743786752e-02 7.1785687225088352e-02 2.0891453783595595e-17 -5.2780115021718661e-04 1.2898958894003994e-02 -3.0439778478462778e-03 7.4829665072934634e-02 -8.8301612573534015e-19 2.1774469909330941e-17 1.5187921505887061e+01 6 2 3
9.9999990000000005e-01 2.8799071612696472e+00 1.0000000000000001e-01 1.0000000000000000e+00 4.5490000000000000e+03 1.2455645087219377e-02 7.2114883010127265e-02 1.8662123090142651e-16 -5.3308219901345702e-04 1.2988727286232843e-02 -3.0676294685533928e-03 7.5182512478680477e-02 -7.9370708282708552e-18 1.9455830172969770e-16 1.5354912996059284e+01 6 2 4
9.9999999437658671e-01 2.8786660987625927e+00 1.0000000000000001e-01 1.0000000000000000e+00 4.5590000000000000e+03 1.2475964094835238e-02 7.2193942237251313e-02 -3.2614594867801321e-16 -5.3435400828040947e-04 1.3010318103115653e-02 -3.0733165224624730e-03 7.5267258759713976e-02 1.3885567910112474e-17 -3.4003151658812555e-16 1.4566857710946351e+01 6 2 5
9.9999999968377229e-01 2.8783711474308409e+00 1.0000000000000001e-01 1.0000000000000000e+00 4.5690000000000000e+03 1.2480798992790143e-02 7.2212747975000810e-02 -3.2068902189319819e-17 -5.3465673427430022e-04 1.3015455727064449e-02 -3.0746696965376430e-03 7.5287417671538598e-02 1.3654276360853337e-18 -3.3434329825405217e-17 1.4466611681040376e+01 6 2 6
9.9999999998221722e-01 2.8783011666160170e+00 1.0000000000000001e-01 1.0000000000000000e+00 4.5430000000000000e+03 1.2481946443571252e-02 7.2217210683415856e-02 -5.5430977335163571e-18 -5.3472858936223788e-04 1.3016675032933474e-02 -3.0749908623015358e-03 7.5292201545717266e-02 2.3746719673411482e-19 -5.7805649302504642e-18 1.7117765306960791e+01 6 2 7
9.9999999999900002e-01 2.8782845697675121e+00 1.0000000000000001e-01 1.0000000000000000e+00 4.5620000000000000e+03 1.2482218637884821e-02 7.2218269396227969e-02 -1.9797134376953342e-16 -5.3474565259865046e-04 1.3016964290483499e-02 -3.0750671644145951e-03 7.5293336560642493e-02 8.4310996580177995e-18 -2.0640244342755137e-16 1.4484364663017914e+01 6 2 8
9.8999999999999999e-01 3.3318640550886220e+00 1.5000000000000002e-01 1.0000000000000000e+00 4.6260000000000000e+03 7.3298735971226454e-03 4.9862899229124187e-02 -4.4287151038990113e-17 -2.3753998937436606e-04 7.5674135864970127e-03 -1.5919113853972854e-03 5.1454810614521423e-02 1.4139013385847979e-18 -4.5701052377574868e-17 1.4887102694949135e+01 6 3 0
9.9943765867480960e-01 3.0295901256439026e+00 1.5000000000000002e-01 1.0000000000000000e+00 4.6180000000000000e+03 1.0540498711669285e-02 6.3689996571776986e-02 2.2159140027901849e-16 -4.1914111719965324e-04 1.0959639828868955e-02 -2.4985003422104287e-03 6.6188496913987468e-02 -8.6903202947058295e-18 2.3028172057372340e-16 1.6173602252034470e+01 6 3 1
9.9996837722339826e-01 2.9532004239900687e+00 1.5000000000000002e-01 1.0000000000000000e+00 4.6190000000000000e+03 1.1620098676421610e-02 6.8023046326318184e-02 -2.0113738538335887e-16 -4.8417976927411706e-04 1.2104278445695733e-02 -2.7973423393866763e-03 7.0820388665704781e-02 8.2658488219238338e-18 -2.0940323420528269e-16 1.8502318527083844e+01 6 3 2
9.9999822172058994e-01 2.9342600708365367e+00 1.5000000000000002e-01 1.0000000000000000e+00 4.6290000000000000e+03 1.1908886003829644e-02 6.9159965250267880e-02 -6.6714996418133429e-17 -5.0185139419530681e-04 1.2410737398024918e-02 -2.8767287790411340e-03 7.2036694029308929e-02 2.7779152099849685e-18 -6.9492911628118500e-17 1.8102732767816633e+01 6 3 3
9.9999990000000005e-01 2.9297020329451846e+00 1.5000000000000002e-01 1.0000000000000000e+00 4.6390000000000000e+03 1.1979708197068667e-02 6.9437423379581600e-02 4.1476528777603507e-17 -5.0620261265374683e-04 1.2485910809722403e-02 -2.8961657971940538e-03 7.2333589176775362e-02 -1.7357542170255599e-18 4.3212282994629062e-17 1.9209993823198602e+01 6 3 4
9.9999999437658671e-01 2.9286170194977972e+00 1.5000000000000002e-01 1.0000000000000000e+00 4.6490000000000000e+03 1.1996643736203041e-02 6.9503692803999526e-02 4.6848580131978897e-17 -5.0724412927249420e-04 1.2503887865475514e-02 -2.9008119612931992e-03 7.2404504765292463e-02 -1.9640042255234133e-18 4.8812584357502358e-17 1.8993732788134366e+01 6 3 5
9.9999999968377229e-01 2.9283594841289204e+00 1.5000000000000002e-01 1.0000000000000000e+00 4.6230000000000000e+03 1.2000667850656701e-02 6.9519434880974798e-02 1.4370542032063265e-16 -5.0749166563189953e-04 1.2508159516288597e-02 -2.9019158537078884e-03 7.2421350734682283e-02 -5.9928044470305975e-18 1.4969822476766296e-16 1.8019573395838961e+01 6 3 6
9.9999999998221722e-01 2.9282983993238982e+00 1.5000000000000002e-01 1.0000000000000000e+00 4.6330000000000000e+03 1.2001622574740812e-02 6.9523169452109720e-02 1.8524693632955552e-16 -5.0755039352695815e-04 1.2509172968267767e-02 -2.9021777263004101e-03 7.2425347178409594e-02 -7.7329548799031695e-18 1.9297989120945903e-16 1.9537854823982343e+01 6 3 7
9.9999999999900002e-01 2.9282839133918968e+00 1.5000000000000002e-01 1.0000000000000000e+00 4.6250000000000000e+03 1.2001849031055934e-02 6.9524055284846994e-02 -1.4904452223215668e-16 -5.0756430487432420e-04 1.2509413335930279e-02 -2.9022397213689299e-03 7.2426295006215724e-02 6.2188628921912508e-18 -1.5526338512434789e-16 1.7953123867977411e+01 6 3 8
9.8999999999999999e-01 3.3732696404997293e+00 2.0000000000000001e-01 1.0000000000000000e+00 4.7250000000000000e+03 7.2213247291642553e-03 4.8521850648541955e-02 -4.3096060629947490e-17 -2.3479818179337651e-04 7.4561229109576192e-03 -1.5398144124311470e-03 5.0061665060973100e-02 1.3676299314645730e-18 -4.4463690561412061e-17 1.7197786204982549e+01 6 4 0
9.9943765867480960e-01 3.0743756168036489e+00 2.0000000000000001e-01 1.0000000000000000e+00 4.7170000000000000e+03 1.0306247960316013e-02 6.1725319330220796e-02 5.0246203064985449e-17 -4.0871566366881297e-04 1.0714963623984860e-02 -2.3942691309680221e-03 6.4119588461188634e-02 -1.9450319569479283e-18 5.2191235021933301e-17 2.1500699995085597e+01 6 4 1
9.9996837722339826e-01 3.0014802317662479e+00 2.0000000000000001e-01 1.0000000000000000e+00 4.7000000000000000e+03 1.1302017212934466e-02 6.5709794880757691e-02 -8.2523928770212037e-17 -4.6817297262374043e-04 1.1770190185558240e-02 -2.6640684385172537e-03 6.8373863319274975e-02 3.3413415780572121e-18 -8.5865270348269361e-17 2.0989016665844247e+01 6 4 2
9.9999822172058994e-01 2.9838122883317189e+00 2.0000000000000001e-01 1.0000000000000000e+00 4.7100000000000000e+03 1.1561557832874027e-02 6.6730121529468514e-02 1.0826778160760767e-16 -4.8386847522524754e-04 1.2045426308099266e-02 -2.7338058360101814e-03 6.9463927365478559e-02 -4.4264531567207421e-18 1.1269423476432804e-16 2.2939020714955404e+01 6 4 3
9.9999990000000005e-01 2.9795933469254750e+00 2.0000000000000001e-01 1.0000000000000000e+00 4.7200000000000000e+03 1.1624646700298202e-02 6.6977059976222095e-02 -5.4325199117919865e-17 -4.8769548093467486e-04 1.2112342181232862e-02 -2.7507219198607863e-03 6.9727781896082794e-02 2.2265515470407160e-18 -5.6551750664960397e-17 2.1513483893824741e+01 6 4 4
9.9999999437658671e-01 2.9785911015119981e+00 2.0000000000000001e-01 1.0000000000000000e+00 4.7300000000000000e+03 1.1639697927381763e-02 6.7035910758272657e-02 3.4938988895684950e-17 -4.8860917158407267e-04 1.2128307098965807e-02 -2.7547555962114767e-03 6.9790666354484152e-02 -1.4403432969858617e-18 3.6379332192670825e-17 2.3258979737060145e+01 6 4 5
9.9999999968377229e-01 2.9783533298396350e+00 2.0000000000000001e-01 1.0000000000000000e+00 4.7040000000000000e+03 1.1643272280049811e-02 6.7049883106016603e-02 6.9893562392013348e-17 -4.8882619208032911e-04 1.2132098472130114e-02 -2.7557133954093254e-03 6.9805596501426162e-02 -2.8817300434710586e-18 7.2775292435484126e-17 2.3269402945181355e+01 6 4 6
9.9999999998221722e-01 2.9782969396589705e+00 2.0000000000000001e-01 1.0000000000000000e+00 4.7140000000000000e+03 1.1644120186938960e-02 6.7053197439557788e-02 1.6832355254668611e-16 -4.8887767355321546e-04 1.2132997860492189e-02 -2.7559405853665462e-03 6.9809138024924319e-02 -6.9090902621717434e-18 1.7523264280885756e-16 2.1684262228896841e+01 6 4 7
9.9999999999900002e-01 2.9782835670624044e+00 2.0000000000000001e-01 1.0000000000000000e+00 4.7240000000000000e+03 1.1644321243703690e-02 6.7053983293680022e-02 1.2428291925311597e-16 -4.8888985323975625e-04 1.2133211096943491e-02 -2.7559942829938231e-03 6.9809977576673982e-02 -5.1127400025730296e-18 1.2939565925568887e-16 2.1972249079961330e+01 6 4 8
9.8999999999999999e-01 3.4173480679521253e+00 2.5000000000000000e-01 1.0000000000000000e+00 4.7880000000000000e+03 7.1403875078173270e-03 4.7152368001686047e-02 -1.2563914709056824e-16 -2.3356355409845782e-04 7.3739510619157947e-03 -1.4910464728634754e-03 4.8643414474549500e-02 3.9729458999019880e-18 -1.2961209299047009e-16 2.1200985276140273e+01 6 5 0
9.9943765867480960e-01 3.1209994553653488e+00 2.5000000000000000e-01 1.0000000000000000e+00 4.8070000000000000e+03 1.0124213437203222e-02 5.9786541103769519e-02 -2.6550557798441296e-17 -4.0160975983477109e-04 1.0525823197037973e-02 -2.2992796321032261e-03 6.2085820735872647e-02 1.0210852750450643e-18 -2.7571643073486317e-17 2.3718573112040758e+01 6 5 1
9.9996837722339826e-01 3.0504348556247991e+00 2.5000000000000000e-01 1.0000000000000000e+00 4.7900000000000000e+03 1.1061252146658658e-02 6.3506605277052652e-02 -8.4607794473238499e-17 -4.5720387580106654e-04 1.1518456022459737e-02 -2.5470226092478053e-03 6.6053627886300453e-02 3.3933157740333087e-18 -8.8001110247271863e-17 2.6182715454837307e+01 6 5 2
9.9999822172058994e-01 3.0335462539523599e+00 2.5000000000000000e-01 1.0000000000000000e+00 4.8000000000000000e+03 1.1301954972115526e-02 6.4446606298209363e-02 -5.7240084936979730e-17 -4.7163366055961992e-04 1.1773588632675152e-02 -2.6100610006872982e-03 6.7056667298896533e-02 2.3181998549113720e-18 -5.9558284791890988e-17 2.5764142605010420e+01 6 5 3
9.9999990000000005e-01 3.0295291611615642e+00 2.5000000000000000e-01 1.0000000000000000e+00 4.8100000000000000e+03 1.1360200514057643e-02 6.4673158694876345e-02 -5.7441303886630686e-17 -4.7513375378470450e-04 1.1835334267842331e-02 -2.6252777360871913e-03 6.7298436430963629e-02 2.3317150309118440e-18 -5.9773018917542612e-17 2.6278930414933711e+01 6 5 4
9.9999999437658671e-01 3.0285758177111126e+00 2.5000000000000000e-01 1.0000000000000000e+00 4.7840000000000000e+03 1.1374080250533164e-02 6.4727093743909142e-02 3.3795710227854009e-17 -4.7596828658758548e-04 1.1850048537120825e-02 -2.6289016920385574e-03 6.7355995435947488e-02 -1.3788392554952650e-18 3.5174549483349325e-17 4.6045742555055767e+01 6 5 5
9.9999999968377229e-01 3.0283497019096663e+00 2.5000000000000000e-01 1.0000000000000000e+00 4.7940000000000000e+03 1.1377375481099676e-02 6.4739895714809093e-02 -5.0525696875690319e-18 -4.7616644202770305e-04 1.1853541923127379e-02 -2.6297619449811549e-03 6.7369657659790111e-02 2.1146037899719829e-19 -5.2640300665662301e-18 1.3972866616491228e+02 6 5 6
9.9999999998221722e-01 3.0282960790073021e+00 2.5000000000000000e-01 1.0000000000000000e+00 4.8040000000000000e+03 1.1378157116420073e-02 6.4742932206700313e-02 5.0529168033808572e-18 -4.7621344675837906e-04 1.1854370563178444e-02 -2.6299659936749528e-03 6.7372898200375272e-02 -2.1148125329090337e-19 5.2643980566717579e-18 2.1735295205190778e+02 6 5 7
9.9999999999900002e-01 3.0282833626652677e+00 2.5000000000000000e-01 1.0000000000000000e+00 4.8140000000000000e+03 1.1378342489024645e-02 6.4743652241854313e-02 1.0490183121686032e-16 -4.7622460823558817e-04 1.1854567097260240e-02 -2.6300144617995343e-03 6.7373666703653787e-02 -4.2488717569741637e-18 1.0915070297383473e-16 2.1912556375493295e+02 6 5 8
9.8999999999999999e-01 3.4635146454208794e+00 3.0000000000000004e-01 1.0000000000000000e+00 4.8600000000000000e+03 7.0753470413239738e-03 4.5737380447234993e-02 -9.8415300440124432e-17 -2.3313026352569011e-04 7.3084773048496601e-03 -1.4442038235914334e-03 4.7181584270826457e-02 3.1032460398845455e-18 -1.0151854648000922e-16 2.5272380608133972e+01 6 6 0
9.9943765867480960e-01 3.1688162709101917e+00 3.0000000000000004e-01 1.0000000000000000e+00 4.8790000000000000e+03 9.9784278607576316e-03 5.7853627504583303e-02 5.5815655595170291e-17 -3.9664835968905755e-04 1.0375076220446689e-02 -2.2114515290721699e-03 6.0065079033655398e-02 -2.1403107809773731e-18 5.7955966376147828e-17 2.5968691977905110e+01 6 6 1
9.9996837722339826e-01 3.0997807354108375e+00 3.0000000000000004e-01 1.0000000000000000e+00 4.8710000000000000e+03 1.0873567271303347e-02 6.1365681255941149e-02 2.7251836900861703e-17 -4.4949669998796811e-04 1.1323063971291313e-02 -2.4418665802289317e-03 6.3807547836170278e-02 -1.0844066001731408e-18 2.8336243501034931e-17 3.1377432540990412e+01 6 6 2
9.9999822172058994e-01 3.0833816795105013e+00 3.0000000000000004e-01 1.0000000000000000e+00 4.8810000000000000e+03 1.1101541966128475e-02 6.2246400128910799e-02 -1.3328469824643884e-16 -4.6307032183630809e-04 1.1564612287964751e-02 -2.4999399838719948e-03 6.4746340112782769e-02 5.3453373272221713e-18 -1.3863003557366109e-16 2.8862817566143349e+01 6 6 3
9.9999990000000005e-01 3.0794895724733831e+00 3.0000000000000004e-01 1.0000000000000000e+00 4.8910000000000000e+03 1.1156568566710288e-02 6.2458187678196303e-02 2.2782495495248671e-17 -4.6635268378541323e-04 1.1622921250495700e-02 -2.5139191195912552e-03 6.4972106797787352e-02 -9.0930216059252887e-19 2.3691797655841277e-17 3.2208471583900973e+01 6 6 4
9.9999999437658671e-01 3.0785663977220357e+00 3.0000000000000004e-01 1.0000000000000000e+00 4.8650000000000000e+03 1.1169672952407998e-02 6.2508579227152139e-02 0.0000000000000000e+00 -4.6713470369059295e-04 1.1636807656098572e-02 -2.5172460037271157e-03 6.5025825230879172e-02 0.0000000000000000e+00 0.0000000000000000e+00 3.0545889753848314e+01 6 6 5
9.9999999968377229e-01 3.0783474662586103e+00 3.0000000000000004e-01 1.0000000000000000e+00 4.8750000000000000e+03 1.1172783630969392e-02 6.2520538486072655e-02 2.2802983881177579e-17 -4.6732035601584356e-04 1.1640103986985183e-02 -2.5180356045878863e-03 6.5038574090660814e-02 -9.1070051436584006e-19 2.3713684395543368e-17 3.1629875873913988e+01 6 6 6
9.9999999998221722e-01 3.0782955486903250e+00 3.0000000000000004e-01 1.0000000000000000e+00 4.8850000000000000e+03 1.1173521463532100e-02 6.2523374994736591e-02 -8.8259908913697421e-17 -4.6736439118529700e-04 1.1640885854717392e-02 -2.5182228782129009e-03 6.5041597872949442e-02 3.5624983078292897e-18 -9.1822407221527026e-17 3.4056538286153227e+01 6 6 7
9.9999999999900002e-01 3.0782832367182817e+00 3.0000000000000004e-01 1.0000000000000000e+00 4.8950000000000000e+03 1.1173696415275164e-02 6.2524047570528776e-02 1.8443954815123996e-16 -4.6737485764346314e-04 1.1641071272918605e-02 -2.5182674331281321e-03 6.5042315003656981e-02 -7.4132354995138171e-18 1.9185278365075335e-16 3.1333548257127404e+01 6 6 8
9.8999999999999999e-01 3.5113306124385506e+00 3.5000000000000003e-01 1.0000000000000000e+00 4.9770000000000000e+03 7.0123368218629164e-03 4.4246811785823729e-02 -1.4785394411953748e-16 -2.3276752029702998e-04 7.2451043421599155e-03 -1.3973865700033651e-03 4.5644198355827212e-02 4.6544057493206732e-18 -1.5250834986885803e-16 2.8519535734085366e+01 6 7 0
9.9943765867480960e-01 3.2174483724590792e+00 3.5000000000000003e-01 1.0000000000000000e+00 4.9510000000000000e+03 9.8486309539644584e-03 5.5883425416111868e-02 6.5704337233365910e-17 -3.9255296477336163e-04 1.0241183918737776e-02 -2.1275340459774978e-03 5.8010959462089229e-02 -2.4857876683207523e-18 6.8190124901686762e-17 2.9898541252128780e+01 6 7 1
9.9996837722339826e-01 3.1493749441810488e+00 3.5000000000000003e-01 1.0000000000000000e+00 4.9520000000000000e+03 1.0712798851212044e-02 5.9224526383263434e-02 6.9388042621627806e-17 -4.4334599543734024e-04 1.1156144846649441e-02 -2.3437644316064892e-03 6.1568290814870009e-02 -2.7287511379125069e-18 7.2116793759540348e-17 3.2528475521132350e+01 6 7 2
9.9999822172058994e-01 3.1332800533667822e+00 3.5000000000000003e-01 1.0000000000000000e+00 4.9620000000000000e+03 1.0931756569635593e-02 6.0058761612796635e-02 1.8670013592440031e-16 -4.5630392441146672e-04 1.1388060494047121e-02 -2.3979413386261751e-03 6.2456702951422749e-02 -7.4542991203611361e-18 1.9415443504476174e-16 3.5636032870039344e+01 6 7 3
9.9999990000000005e-01 3.1294651564403289e+00 3.5000000000000003e-01 1.0000000000000000e+00 4.9720000000000000e+03 1.0984529667267005e-02 6.0259122513287640e-02 1.2126092801650534e-17 -4.5943148083412181e-04 1.1443961148101159e-02 -2.4109607518252182e-03 6.2670083265112947e-02 -4.5859596534597314e-19 1.2584688766996533e-17 3.5977240477921441e+01 6 7 4
9.9999999437658671e-01 3.1285605897767819e+00 3.5000000000000003e-01 1.0000000000000000e+00 4.9460000000000000e+03 1.0997092843071174e-02 6.0306780600378314e-02 5.3563181090846180e-17 -4.6017626987606021e-04 1.1457269112947248e-02 -2.4140579482901294e-03 6.2720838548668417e-02 -2.1441141735768538e-18 5.5707295264423011e-17 3.5438037347979844e+01 6 7 5
9.9999999968377229e-01 3.1283460879709057e+00 3.5000000000000003e-01 1.0000000000000000e+00 4.9560000000000000e+03 1.1000074791880293e-02 6.0318090293830944e-02 -1.2904805076864307e-16 -4.6035306393774880e-04 1.1460427855818054e-02 -2.4147929634176536e-03 6.2732883257248864e-02 5.1574796669620559e-18 -1.3420553043560422e-16 3.8364027845906094e+01 6 7 6
9.9999999998221722e-01 3.1282952219233739e+00 3.5000000000000003e-01 1.0000000000000000e+00 4.9660000000000000e+03 1.1000782075048803e-02 6.0320772693450701e-02 1.3882435003433964e-16 -4.6039499728721677e-04 1.1461177072336034e-02 -2.4149672898007967e-03 6.2735739983251576e-02 -5.5667610282711371e-18 1.4439111106261054e-16 3.8688007629942149e+01 6 7 7
9.9999999999900002e-01 3.1282831594076708e+00 3.5000000000000003e-01 1.0000000000000000e+00 4.9760000000000000e+03 1.1000949795274226e-02 6.0321408850471853e-02 -8.5249663482529466e-17 -4.6040491974820585e-04 1.1461354715022489e-02 -2.4150084875296232e-03 6.2736417338001685e-02 3.4218984900467623e-18 -8.8671561972575989e-17 3.5255189808784053e+01 6 7 8
9.8999999999999999e-01 3.5604646456428570e+00 4.0000000000000002e-01 1.0000000000000000e+00 5.0310000000000000e+03 6.9360278022307592e-03 4.2640430724066002e-02 -6.1604302123814485e-18 -2.3175271656093740e-04 7.1677805187917165e-03 -1.3484017361537581e-03 4.3988832460219576e-02 2.0583776155630442e-19 -6.3662679739377706e-18 3.7546885257121176e+01 6 8 0
9.9943765867480960e-01 3.2666615019643022e+00 4.0000000000000002e-01 1.0000000000000000e+00 5.0770000000000000e+03 9.7123246131907339e-03 5.3818213240935754e-02 1.0960672103871756e-17 -3.8806753822788047e-04 1.0100392151418558e-02 -2.0437793501764437e-03 5.5861992591112249e-02 -3.9061053746749387e-19 1.1351282641339274e-17 4.0129766335943714e+01 6 8 1
9.9996837722339826e-01 3.1991372611390823e+00 4.0000000000000002e-01 1.0000000000000000e+00 5.0420000000000000e+03 1.0551999885917448e-02 5.7011229757735690e-02 -9.6586258611098016e-17 -4.3717933611968335e-04 1.0989179222037130e-02 -2.2478095420686238e-03 5.9259039299804382e-02 3.7987652277825998e-18 -1.0038502383888083e-16 4.1888925113948062e+01 6 8 2
9.9999822172058994e-01 3.1832204089754410e+00 4.0000000000000002e-01 1.0000000000000000e+00 5.0520000000000000e+03 1.0764113801546158e-02 5.7806664594981558e-02 -1.2357635322740008e-16 -4.4965277625378058e-04 1.1213766577799862e-02 -2.2987421856217796e-03 6.0105406780603471e-02 4.9045470581954921e-18 -1.2848090028559563e-16 4.3178779423004016e+01 6 8 3
9.9999990000000005e-01 3.1794508217158186e+00 4.0000000000000002e-01 1.0000000000000000e+00 5.0260000000000000e+03 1.0815194506864139e-02 5.7997581445315936e-02 1.3358341176925225e-16 -4.5265976110711988e-04 1.1267854267971229e-02 -2.3109695982536272e-03 6.0308551043569580e-02 -5.3324046300208405e-18 1.3891581639927330e-16 4.9408931402023882e+01 6 8 4
9.9999999437658671e-01 3.1785571796631489e+00 4.0000000000000002e-01 1.0000000000000000e+00 5.0360000000000000e+03 1.0827352280150523e-02 5.8042985780993678e-02 -1.0310505477127961e-16 -4.5337562535560118e-04 1.1280727905506178e-02 -2.3138776619018235e-03 6.0356863442895606e-02 4.1102724102547645e-18 -1.0721532718153456e-16 7.1857017485890538e+01 6 8 5
9.9999999968377229e-01 3.1783452786718218e+00 4.0000000000000002e-01 1.0000000000000000e+00 5.0460000000000000e+03 1.0830237862581775e-02 5.8053760231800595e-02 -2.5781048510165314e-17 -4.5354554133991649e-04 1.1283783403921685e-02 -2.3145677514721475e-03 6.0368327983272838e-02 1.0278745638957021e-18 -2.6808923074061058e-17 7.3769501934992149e+01 6 8 6
9.9999999998221722e-01 3.1782950298195898e+00 4.0000000000000002e-01 1.0000000000000000e+00 5.0560000000000000e+03 1.0830922287869905e-02 5.8056315686474909e-02 1.7566538779931914e-16 -4.5358584350615934e-04 1.1284508131376089e-02 -2.3147314233984604e-03 6.0371047109873482e-02 -6.9941981629831145e-18 1.8265958596230129e-16 8.5068417181959376e+01 6 8 7
9.9999999999900002e-01 3.1782831141168999e+00 4.0000000000000002e-01 1.0000000000000000e+00 5.0660000000000000e+03 1.0831084568870088e-02 5.8056921615022412e-02 -1.8047716712439630e-16 -4.5359538742569645e-04 1.1284679956295809e-02 -2.3147701244526134e-03 6.0371691739475195e-02 7.1957510488688599e-18 -1.8767291817326482e-16 8.4258588830940425e+01 6 8 8
9.8999999999999999e-01 5.6714629723454939e+00 0.0000000000000000e+00 1.0000000000000000e+00 5.1120000000000000e+03 6.9733921214745363e-04 1.0108974171912524e-02 0.0000000000000000e+00 -7.6315047048195364e-06 7.0497071685227271e-04 -1.1063006727569034e-04 1.0219604239188215e-02 0.0000000000000000e+00 0.0000000000000000e+00 0.0000000000000000e+00 7 0 0
9.9943765867480960e-01 5.3635564794623809e+00 0.0000000000000000e+00 1.0000000000000000e+00 5.1130000000000000e+03 8.9316683476018538e-04 1.1987270361860956e-02 0.0000000000000000e+00 -1.1295169222601751e-05 9.0446200398278760e-04 -1.5159345598703551e-04 1.2138863817847992e-02 0.0000000000000000e+00 0.0000000000000000e+00 0.0000000000000000e+00 7 0 1
9.9996837722339826e-01 5.2693979667987776e+00 0.0000000000000000e+00 1.0000000000000000e+00 5.1050000000000000e+03 9.6684842506992216e-04 1.2661808890993706e-02 0.0000000000000000e+00 -1.2706019216385006e-05 9.7955444428630663e-04 -1.6639752717343030e-04 1.2828206418167142e-02 0.0000000000000000e+00 0.0000000000000000e+00 0.0000000000000000e+00 7 0 2
9.9999822172058994e-01 5.2365221422733219e+00 0.0000000000000000e+00 1.0000000000000000e+00 5.1150000000000000e+03 9.9434615749982840e-04 1.2909563037348399e-02 0.0000000000000000e+00 -1.3239459214434546e-05 1.0075856167142635e-03 -1.7188745792400288e-04 1.3081450495272396e-02 0.0000000000000000e+00 0.0000000000000000e+00 0.0000000000000000e+00 7 0 3
9.9999990000000005e-01 5.2243806935237824e+00 0.0000000000000000e+00 1.0000000000000000e+00 5.1250000000000000e+03 1.0047411342845678e-03 1.3002673319460929e-02 0.0000000000000000e+00 -1.3442500612801721e-05 1.0181836348973697e-03 -1.7396365899697476e-04 1.3176636978457900e-02 0.0000000000000000e+00 0.0000000000000000e+00 0.0000000000000000e+00 7 0 4
9.9999999437658671e-01 5.2197948545723030e+00 0.0000000000000000e+00 1.0000000000000000e+00 5.1350000000000000e+03 1.0087012301559588e-03 1.3038066231498920e-02 0.0000000000000000e+00 -1.3520082521787319e-05 1.0222213126777470e-03 -1.7475514662269179e-04 1.3212821378121617e-02 0.0000000000000000e+00 0.0000000000000000e+00 0.0000000000000000e+00 7 0 5
9.9999999968377229e-01 5.2180475417272607e+00 0.0000000000000000e+00 1.0000000000000000e+00 5.1090000000000000e+03 1.0102150207180068e-03 1.3051584127817867e-02 0.0000000000000000e+00 -1.3549774636437716e-05 1.0237647953544446e-03 -1.7505780448081947e-04 1.3226641932298690e-02 0.0000000000000000e+00 0.0000000000000000e+00 0.0000000000000000e+00 7 0 6
9.9999999998221722e-01 5.2173795204176550e+00 0.0000000000000000e+00 1.0000000000000000e+00 5.1190000000000000e+03 1.0107944766348435e-03 1.3056756892443110e-02 0.0000000000000000e+00 -1.3561145677083380e-05 1.0243556223119266e-03 -1.7517367415596750e-04 1.3231930566599081e-02 0.0000000000000000e+00 0.0000000000000000e+00 0.0000000000000000e+00 7 0 7
9.9999999999900002e-01 5.2171237850870735e+00 0.0000000000000000e+00 1.0000000000000000e+00 5.1110000000000000e+03 1.0110164051812052e-03 1.3058737762942611e-02 0.0000000000000000e+00 -1.3565501581180222e-05 1.0245819067623855e-03 -1.7521805468593318e-04 1.3233955817628543e-02 0.0000000000000000e+00 0.0000000000000000e+00 0.0000000000000000e+00 7 0 8
9.8999999999999999e-01 5.6991259760169699e+00 5.0000000000000003e-02 1.0000000000000000e+00 5.2020000000000000e+03 6.8564464767918341e-04 9.9582556557443712e-03 -2.1502794648570584e-17 -7.4762645487139247e-06 6.9312091222789693e-04 -1.0825681051065030e-04 1.0066512466254982e-02 2.3373815037067578e-19 -2.1736532798941264e-17 4.3573753838427365e+00 7 1 0
9.9943765867480960e-01 5.3900610562097802e+00 5.0000000000000003e-02 1.0000000000000000e+00 5.2300000000000000e+03 8.7812671478208380e-04 1.1808774950459268e-02 -2.5440814487401750e-17 -1.1061962092212638e-05 8.8918867687429605e-04 -1.4832341265734748e-04 1.1957098363116632e-02 3.1951913963648688e-19 -2.5760333627038251e-17 4.6673713298514485e+00 7 1 1
9.9996837722339826e-01 5.3012812222055148e+00 5.0000000000000003e-02 1.0000000000000000e+00 5.1950000000000000e+03 9.4594151348966979e-04 1.2431524977705877e-02 -3.8224860312774994e-17 -1.2354456342296085e-05 9.5829596983196578e-04 -1.6189302569013500e-04 1.2593418003396006e-02 4.9777814025759763e-19 -3.8722638453032582e-17 4.8844765978865325e+00 7 1 2
9.9999822172058994e-01 5.2757527481077409e+00 5.0000000000000003e-02 1.0000000000000000e+00 5.2050000000000000e+03 9.6664684210265371e-04 1.2618989384896973e-02 2.2845105532494295e-17 -1.2753127044045282e-05 9.7939996914669859e-04 -1.6600535881969777e-04 1.2784994743716674e-02 -3.0054828062856999e-19 2.3145653813122885e-17 5.2423794139176607e+00 7 1 3
9.9999990000000005e-01 5.2690994955163788e+00 5.0000000000000003e-02 1.0000000000000000e+00 5.2150000000000000e+03 9.7213460790920717e-04 1.2668471337116738e-02 5.0201668345080744e-17 -1.2859204711470465e-05 9.8499381262067776e-04 -1.6709433722232150e-04 1.2835565674339050e-02 -6.6213249562770757e-19 5.0863800840708427e-17 5.2133450070396066e+00 7 1 4
9.9999999437658671e-01 5.2674743230178738e+00 5.0000000000000003e-02 1.0000000000000000e+00 5.1890000000000000e+03 9.7348088630396326e-04 1.2680597466160255e-02 6.4959412243795478e-18 -1.2885256972654674e-05 9.8636614327661759e-04 -1.6736146211407014e-04 1.2847958928274323e-02 -8.5767826644991093e-20 6.5817090510245399e-18 5.3666728590615094e+00 7 1 5
9.9999999968377229e-01 5.2670859858340577e+00 5.0000000000000003e-02 1.0000000000000000e+00 5.1990000000000000e+03 9.7380291894038512e-04 1.2683497306558328e-02 -5.5461132232404987e-17 -1.2891490447425667e-05 9.8669440938781009e-04 -1.6742535780076925e-04 1.2850922664359077e-02 7.3206800493290359e-19 -5.6193200237337799e-17 4.8498460121918470e+00 7 1 6
9.9999999998221722e-01 5.2669937265670193e+00 5.0000000000000003e-02 1.0000000000000000e+00 5.2090000000000000e+03 9.7387944420744695e-04 1.2684186355249186e-02 -5.0263703311974642e-17 -1.2892972063948740e-05 9.8677241627139465e-04 -1.6744054460802291e-04 1.2851626899857199e-02 6.6350122259007253e-19 -5.0927204534564800e-17 5.1620508579071611e+00 7 1 7
9.9999999999900002e-01 5.2669718380291499e+00 5.0000000000000003e-02 1.0000000000000000e+00 5.2190000000000000e+03 9.7389758695613879e-04 1.2684349654890469e-02 -3.5095389123811981e-17 -1.2893322310608091e-05 9.8679090926674282e-04 -1.6744413022411840e-04 1.2851793785114564e-02 4.6333814486333920e-19 -3.5558727268675328e-17 4.9541921021882445e+00 7 1 8
9.8999999999999999e-01 5.7325965972655997e+00 1.0000000000000001e-01 1.0000000000000000e+00 5.2830000000000000e+03 6.7784141561710593e-04 9.7832093911190167e-03 -2.9810279980768178e-17 -7.4416435376566097e-06 6.8528305915476308e-04 -1.0616626998778160e-04 9.8893756611067654e-03 3.2342155746396833e-19 -3.0133701538232119e-17 5.7945821210741997e+00 7 2 0
9.9943765867480960e-01 5.4265077700120150e+00 1.0000000000000001e-01 1.0000000000000000e+00 5.2660000000000000e+03 8.6493037567323251e-04 1.1573498155762181e-02 4.3714531569774938e-18 -1.0945084026892396e-05 8.7587545970012446e-04 -1.4482026497895231e-04 1.1718318420741131e-02 -5.4591929610289335e-20 4.4260450865877848e-18 6.8012106970418245e+00 7 2 1
9.9996837722339826e-01 5.3449392996688481e+00 1.0000000000000001e-01 1.0000000000000000e+00 5.2850000000000000e+03 9.2572462450874328e-04 1.2130086284522532e-02 1.4927208349409552e-17 -1.2106948284229988e-05 9.3783157279297318e-04 -1.5688948134221046e-04 1.2286975765864756e-02 -1.9288908211742780e-19 1.5120097431526973e-17 7.0263259760104120e+00 7 2 2
9.9999822172058994e-01 5.3237795355262758e+00 1.0000000000000001e-01 1.0000000000000000e+00 5.2950000000000000e+03 9.4237264632908739e-04 1.2280609658670909e-02 3.1048127343206671e-17 -1.2427329430345084e-05 9.5479997575943169e-04 -1.6016426675883032e-04 1.2440773925429745e-02 -4.0468796439778871e-19 3.1452815307604505e-17 6.8226671139709651e+00 7 2 3
9.9999990000000005e-01 5.3185927855165467e+00 1.0000000000000001e-01 1.0000000000000000e+00 5.2690000000000000e+03 9.4651062171672044e-04 1.2317900622437010e-02 -3.9552732743346060e-17 -1.2507141964275887e-05 9.5901776368099685e-04 -1.6097675923523304e-04 1.2478877381672256e-02 5.1707915306818235e-19 -4.0069811896414295e-17 7.2367019769735634e+00 7 2 4
9.9999999437658671e-01 5.3173517230094918e+00 1.0000000000000001e-01 1.0000000000000000e+00 5.2790000000000000e+03 9.4750410267773909e-04 1.2326846543855071e-02 4.6326668450278645e-18 -1.2526315387141877e-05 9.6003041806488204e-04 -1.6117175246005609e-04 1.2488018296315111e-02 -6.0449033194919084e-20 4.6931158782227894e-18 6.6435569501481950e+00 7 2 5
9.9999999968377229e-01 5.3170567716777404e+00 1.0000000000000001e-01 1.0000000000000000e+00 5.2890000000000000e+03 9.4774040506614716e-04 1.2328973946714245e-02 4.8434716109067405e-17 -1.2530876501457176e-05 9.6027128156760458e-04 -1.6121812797222556e-04 1.2490192074686468e-02 -6.3322742549370575e-19 4.9067943534561164e-17 6.5629863990470767e+00 7 2 6
9.9999999998221722e-01 5.3169867908629165e+00 1.0000000000000001e-01 1.0000000000000000e+00 5.2990000000000000e+03 9.4779648182672380e-04 1.2329478777986153e-02 -3.2010518548847650e-17 -1.2531958850403660e-05 9.6032844067712748e-04 -1.6122913188459169e-04 1.2490707909870752e-02 4.1847009129314037e-19 -3.2428988640140822e-17 6.6618986579123884e+00 7 2 7
9.9999999999900002e-01 5.3169701940144121e+00 1.0000000000000001e-01 1.0000000000000000e+00 5.3090000000000000e+03 9.4780978747771181e-04 1.2329598565252205e-02 4.2127053857839106e-18 -1.2532214607242760e-05 9.6034200208495503e-04 -1.6123173123426174e-04 1.2490830296486448e-02 -5.4905008278775395e-20 4.2676103940626832e-18 6.6266860570758581e+00 7 2 8
9.8999999999999999e-01 5.7705496793355220e+00 1.5000000000000002e-01 1.0000000000000000e+00 5.3460000000000000e+03 6.7381902769208927e-04 9.5892628568859661e-03 1.7931659939405344e-17 -7.5160215147902305e-06 6.8133504920688068e-04 -1.0439283079063140e-04 9.6936556876766073e-03 -1.9545227112644892e-19 1.8127112210531753e-17 6.9529400588944554e+00 7 3 0
9.9943765867480960e-01 5.4682757498908021e+00 1.5000000000000002e-01 1.0000000000000000e+00 5.3650000000000000e+03 8.5595349274332488e-04 1.1311768575362901e-02 -1.8953378343776398e-17 -1.0972929617912736e-05 8.6692642236123785e-04 -1.4163567389265875e-04 1.1453404249255554e-02 2.3697661909100929e-19 -1.9190354962867415e-17 7.5304977560881525e+00 7 3 1
9.9996837722339826e-01 5.3918860482369677e+00 1.5000000000000002e-01 1.0000000000000000e+00 5.3750000000000000e+03 9.1180565310654098e-04 1.1817924610515503e-02 3.1084353762083633e-17 -1.2051537971155515e-05 9.2385719107769689e-04 -1.5259792096940927e-04 1.1970522531484874e-02 -4.0125058291331556e-19 3.1485604344996912e-17 8.2650998989120126e+00 7 3 2
9.9999822172058994e-01 5.3729456950834358e+00 1.5000000000000002e-01 1.0000000000000000e+00 5.3490000000000000e+03 9.2637088756526893e-04 1.1948426627979127e-02 3.5908997434733959e-17 -1.2334066307703530e-05 9.3870495387297188e-04 -1.5542624509121077e-04 1.2103852873070319e-02 -4.6672955132514606e-19 3.6375726986059170e-17 8.6264935331419110e+00 7 3 3
9.9999990000000005e-01 5.3683876571920841e+00 1.5000000000000002e-01 1.0000000000000000e+00 5.3590000000000000e+03 9.2992017483058858e-04 1.1980136828845281e-02 1.1466434027763386e-17 -1.2403002528535479e-05 9.4232317735912371e-04 -1.5611379121120638e-04 1.2136250620056485e-02 -1.4967297955669564e-19 1.1616107007320081e-17 8.3064152048900723e+00 7 3 4
9.9999999437658671e-01 5.3673026437446971e+00 1.5000000000000002e-01 1.0000000000000000e+00 5.3690000000000000e+03 9.3076760604513290e-04 1.1987702762848416e-02 -4.6259109627946399e-17 -1.2419467211628085e-05 9.4318707325676096e-04 -1.5627785823420858e-04 1.2143980621082620e-02 6.0255038969952600e-19 -4.6861660017645920e-17 9.6957076310645789e+00 7 3 5
9.9999999968377229e-01 5.3670451083758195e+00 1.5000000000000002e-01 1.0000000000000000e+00 5.3790000000000000e+03 9.3096889368270239e-04 1.1989499579812955e-02 -3.6030552043105916e-17 -1.2423378331663250e-05 9.4339227201436615e-04 -1.5631682347841500e-04 1.2145816403291352e-02 4.6937903757267650e-19 -3.6499931080678607e-17 8.3464020399842411e+00 7 3 6
9.9999999998221722e-01 5.3669840235707973e+00 1.5000000000000002e-01 1.0000000000000000e+00 5.3530000000000000e+03 9.3101664500106439e-04 1.1989925817529371e-02 6.5649600211748274e-18 -1.2424306183452195e-05 9.4344095118451682e-04 -1.5632606699777845e-04 1.2146251884527162e-02 -8.5975220519844917e-20 6.6509352416946805e-18 8.4997435358818620e+00 7 3 7
9.9999999999900002e-01 5.3669695376387967e+00 1.5000000000000002e-01 1.0000000000000000e+00 5.3630000000000000e+03 9.3102796180215958e-04 1.1990026797529739e-02 -4.9111820546910256e-18 -1.2424526259171254e-05 9.4345248806133159e-04 -1.5632825917390742e-04 1.2146355056703658e-02 6.3906095044579572e-20 -4.9750881497356154e-18 7.7307233919855207e+00 7 3 8
9.8999999999999999e-01 5.8119552647466293e+00 2.0000000000000001e-01 1.0000000000000000e+00 5.4810000000000000e+03 6.7297187129652545e-04 9.3781782651374442e-03 4.5812225531577137e-17 -7.6794498812720523e-06 6.8065132117779822e-04 -1.0289180772004851e-04 9.4810700728574799e-03 -5.0262455749484875e-19 4.6314850089071976e-17 9.2183887150604278e+00 7 4 0
9.9943765867480960e-01 5.5130612410505480e+00 2.0000000000000001e-01 1.0000000000000000e+00 5.4460000000000000e+03 8.5133294717446148e-04 1.1034538685221255e-02 1.1342033274900864e-18 -1.1132136441993110e-05 8.6246508361645488e-04 -1.3889188398469402e-04 1.1173430569205922e-02 -1.4830985029403441e-20 1.1490343125194909e-18 9.8787119451444596e+00 7 4 1
9.9996837722339826e-01 5.4401658560131469e+00 2.0000000000000001e-01 1.0000000000000000e+00 5.4380000000000000e+03 9.0392720873484083e-04 1.1503202776059389e-02 3.0650689389391678e-17 -1.2164855669344605e-05 9.1609206440418486e-04 -1.4906808202562601e-04 1.1652270858085048e-02 -3.9719716056374761e-19 3.1047886549955329e-17 9.2989557408727705e+00 7 4 2
9.9999822172058994e-01 5.4224979125786188e+00 2.0000000000000001e-01 1.0000000000000000e+00 5.4480000000000000e+03 9.1730407087172426e-04 1.1621144818283441e-02 -1.0729014879834919e-17 -1.2428174349731897e-05 9.2973224522145453e-04 -1.5162568899420093e-04 1.1772770507277604e-02 1.4018988296366354e-19 -1.0869204762798601e-17 1.0579332832014188e+01 7 4 3
9.9999990000000005e-01 5.4182789711723744e+00 2.0000000000000001e-01 1.0000000000000000e+00 5.4580000000000000e+03 9.2053606425865841e-04 1.1649566734160165e-02 1.6746741058451561e-17 -1.2491836593667444e-05 9.3302790085232645e-04 -1.5224188271674877e-04 1.1801808616876923e-02 -2.1946940173267486e-19 1.6966210460184280e-17 9.7974657639861107e+00 7 4 4
9.9999999437658671e-01 5.4172767257588976e+00 2.0000000000000001e-01 1.0000000000000000e+00 5.4320000000000000e+03 9.2130600877014367e-04 1.1656333346419466e-02 -3.2695279423221507e-17 -1.2507005044068332e-05 9.3381301381421130e-04 -1.5238857747896183e-04 1.1808721923898422e-02 4.2826164172728721e-19 -3.3123541064948725e-17 9.8982181700412184e+00 7 4 5
9.9999999968377229e-01 5.4170389540865340e+00 2.0000000000000001e-01 1.0000000000000000e+00 5.4420000000000000e+03 9.2148879138162054e-04 1.1657939482287242e-02 -2.4658155978092917e-17 -1.2510606132792157e-05 9.3399939751441139e-04 -1.5242339688278781e-04 1.1810362879170002e-02 3.2178045384492709e-19 -2.4979936431937783e-17 1.1127853167010471e+01 7 4 6
9.9999999998221722e-01 5.4169825639058695e+00 2.0000000000000001e-01 1.0000000000000000e+00 5.4520000000000000e+03 9.2153214782994292e-04 1.1658320451163637e-02 2.1118579752725650e-17 -1.2511460307863367e-05 9.3404360813780602e-04 -1.5243165554183576e-04 1.1810752106705472e-02 -2.7632921838503186e-19 2.1394908971110660e-17 1.0909159778151661e+01 7 4 7
9.9999999999900002e-01 5.4169691913093043e+00 2.0000000000000001e-01 1.0000000000000000e+00 5.4620000000000000e+03 9.2154242270728608e-04 1.1658410713443840e-02 -2.9836505272014514e-17 -1.2511663993474071e-05 9.3405408670075912e-04 -1.5243362762096117e-04 1.1810844341064790e-02 3.8949589053831349e-19 -3.0226001162552789e-17 1.0842568392865360e+01 7 4 8
9.8999999999999999e-01 5.8560336921990244e+00 2.5000000000000000e-01 1.0000000000000000e+00 5.5440000000000000e+03 6.7431107140040602e-04 9.1486023469418195e-03 -3.7463523100046416e-17 -7.9064834918735959e-06 6.8221755489227887e-04 -1.0155828529252686e-04 9.2501606322343798e-03 4.1644200004336584e-19 -3.7879965100089795e-17 1.0776759533910081e+01 7 5 0
9.9943765867480960e-01 5.5596850796122483e+00 2.5000000000000000e-01 1.0000000000000000e+00 5.5450000000000000e+03 8.5007641675212582e-04 1.0742702309033614e-02 -4.0156986516179282e-18 -1.1390415219164350e-05 8.6146683197128968e-04 -1.3649875816115675e-04 1.0879201067194779e-02 5.0500904668217252e-20 -4.0661995562861526e-18 1.1612395484931767e+01 7 5 1
9.9996837722339826e-01 5.4891204798716986e+00 2.5000000000000000e-01 1.0000000000000000e+00 5.5370000000000000e+03 9.0055756901322333e-04 1.1182539592677836e-02 -3.9728361374634729e-17 -1.2402401255167060e-05 9.1295997026839067e-04 -1.4610584693872995e-04 1.1328645439616558e-02 5.1907224097195818e-19 -4.0247433615606662e-17 1.2842627395875752e+01 7 5 2
9.9999822172058994e-01 5.4722318781992598e+00 2.5000000000000000e-01 1.0000000000000000e+00 5.5380000000000000e+03 9.1321796126942638e-04 1.1291745030270613e-02 -3.6318445626771887e-17 -1.2656451344865267e-05 9.2587441261429086e-04 -1.4848451312415601e-04 1.1440229543394803e-02 4.7844437118968405e-19 -3.6796889997961473e-17 1.1823720321990550e+01 7 5 3
9.9999990000000005e-01 5.4682147854084633e+00 2.5000000000000000e-01 1.0000000000000000e+00 5.5120000000000000e+03 9.1626353159059203e-04 1.1317951449042745e-02 2.6351608823909333e-17 -1.2717577153694688e-05 9.2898110874428642e-04 -1.4905492779998745e-04 1.1467006376842731e-02 -3.4791164192294810e-19 2.6699520465832236e-17 1.2235567594878376e+01 7 5 4
9.9999999437658671e-01 5.4672614419580121e+00 2.5000000000000000e-01 1.0000000000000000e+00 5.5220000000000000e+03 9.1698825874197477e-04 1.1324183932728646e-02 -2.0523016170795448e-17 -1.2732123370499041e-05 9.2972038211247337e-04 -1.4919056263087917e-04 1.1473374495359524e-02 2.7066987491065193e-19 -2.0793686045706087e-17 1.1425134750781581e+01 7 5 5
9.9999999968377229e-01 5.4670353261565658e+00 2.5000000000000000e-01 1.0000000000000000e+00 5.5320000000000000e+03 9.1716026070930298e-04 1.1325662905165994e-02 1.8489214860396286e-17 -1.2735575715815708e-05 9.2989583642512016e-04 -1.4922274765527110e-04 1.1474885652821256e-02 -2.4244992136504993e-19 1.8731664781761347e-17 1.1550031469902024e+01 7 5 6
9.9999999998221722e-01 5.4669817032542012e+00 2.5000000000000000e-01 1.0000000000000000e+00 5.5420000000000000e+03 9.1720105647926341e-04 1.1326013678616543e-02 -3.0993200976618024e-17 -1.2736394451043324e-05 9.2993745093030767e-04 -1.4923037991161454e-04 1.1475244058528180e-02 4.0894179969964737e-19 -3.1402142776317599e-17 1.2514707027003169e+01 7 5 7
9.9999999999900002e-01 5.4669689869121676e+00 2.5000000000000000e-01 1.0000000000000000e+00 5.5160000000000000e+03 9.1721071122517035e-04 1.1326096619143605e-02 -1.5496715274856811e-17 -1.2736590077332746e-05 9.2994730130250267e-04 -1.4923220508736396e-04 1.1475328824231005e-02 2.0447341834791695e-19 -1.5701188693204785e-17 1.2605172531912103e+01 7 5 8
9.8999999999999999e-01 5.9022002696677793e+00 3.0000000000000004e-01 1.0000000000000000e+00 5.5890000000000000e+03 6.7655838373484800e-04 8.8966636248066326e-03 -3.0045227805024405e-19 -8.1681829996341590e-06 6.8472656673448159e-04 -1.0024417647360064e-04 8.9969078012802454e-03 3.6274019342182480e-21 -3.0407967998446210e-19 1.1368612152989954e+01 7 6 0
9.9943765867480960e-01 5.6075018951570907e+00 3.0000000000000004e-01 1.0000000000000000e+00 5.6170000000000000e+03 8.5060671188609451e-04 1.0431805751044994e-02 -2.9306895290044113e-17 -1.1707164368540114e-05 8.6231387625463718e-04 -1.3426242221710016e-04 1.0566068173262120e-02 3.7854305946572421e-19 -2.9685438349509872e-17 1.2379092393908650e+01 7 6 1
9.9996837722339826e-01 5.5384663596577370e+00 3.0000000000000004e-01 1.0000000000000000e+00 5.6000000000000000e+03 8.9971621164475018e-04 1.0848361088075102e-02 1.2455149003721231e-17 -1.2714334346724300e-05 9.1243054599147500e-04 -1.4344008313928923e-04 1.0991801171214365e-02 -1.6286908607743176e-19 1.2618018089798644e-17 1.4594162467867136e+01 7 6 2
9.9999822172058994e-01 5.5220673037574013e+00 3.0000000000000004e-01 1.0000000000000000e+00 5.6100000000000000e+03 9.1193010858451804e-04 1.0950968909865934e-02 3.2827514947845385e-17 -1.2964767862927676e-05 9.2489487644744402e-04 -1.4569185503189843e-04 1.1096660764897823e-02 -4.3562872493052914e-19 3.3263143672775945e-17 1.3919028232805431e+01 7 6 3
9.9999990000000005e-01 5.5181751967202821e+00 3.0000000000000004e-01 1.0000000000000000e+00 5.6200000000000000e+03 9.1486106933980559e-04 1.0975534703764594e-02 -2.5183142530195138e-17 -1.3024854860880730e-05 9.2788592420068781e-04 -1.4623039587422380e-04 1.1121765099638829e-02 3.3626509980638970e-19 -2.5519407630001478e-17 1.7322017154889181e+01 7 6 4
9.9999999437658671e-01 5.5172520219689352e+00 3.0000000000000004e-01 1.0000000000000000e+00 5.5940000000000000e+03 9.1555809507571869e-04 1.0981373593573705e-02 -4.9580274164412875e-17 -1.3039143834521660e-05 9.2859723891023868e-04 -1.4635836568345975e-04 1.1127731959257184e-02 6.6154279587832787e-19 -5.0241816960291275e-17 1.5769926164997742e+01 7 6 5
9.9999999968377229e-01 5.5170330905055103e+00 3.0000000000000004e-01 1.0000000000000000e+00 5.6040000000000000e+03 9.1572349815902869e-04 1.0982758971721020e-02 2.3979960843887924e-17 -1.3042534549878132e-05 9.2876603270890658e-04 -1.4638872690151872e-04 1.1129147698622582e-02 -3.1925622144056304e-19 2.4299217065328438e-17 1.5513933996902779e+01 7 6 6
9.9999999998221722e-01 5.5169811729372249e+00 3.0000000000000004e-01 1.0000000000000000e+00 5.6140000000000000e+03 9.1576272795132604e-04 1.0983087539191879e-02 -1.5039092347247498e-17 -1.3043338787455257e-05 9.2880606673878150e-04 -1.4639592799589683e-04 1.1129483467187820e-02 2.0083096198282134e-19 -1.5239923309230324e-17 1.4688910847995430e+01 7 6 7
9.9999999999900002e-01 5.5169688609651812e+00 3.0000000000000004e-01 1.0000000000000000e+00 5.6240000000000000e+03 9.1577203823896064e-04 1.0983165531850650e-02 -4.1864125319906406e-17 -1.3043531024744808e-05 9.2881556926370317e-04 -1.4639765442644165e-04 1.1129563186277095e-02 5.5616011117110038e-19 -4.2420285431077515e-17 1.5926989441970363e+01 7 6 8
9.8999999999999999e-01 5.9500162366854505e+00 3.5000000000000003e-01 1.0000000000000000e+00 5.7150000000000000e+03 6.7821707258174785e-04 8.6165030233213910e-03 5.7096251405592426e-17 -8.4333868666143615e-06 6.8665045944835937e-04 -9.8771901735843500e-05 8.7152749250571891e-03 -6.5420786084892569e-19 5.7750459266441220e-17 1.3807481647003442e+01 7 7 0
9.9943765867480960e-01 5.6561339967059787e+00 3.5000000000000003e-01 1.0000000000000000e+00 5.6710000000000000e+03 8.5100859241055973e-04 1.0094253845924685e-02 -2.2035822338934140e-17 -1.2037917514984936e-05 8.6304650992554582e-04 -1.3193590766900722e-04 1.0226189753593700e-02 2.8761065566043232e-19 -2.2323432994594528e-17 1.4591074522817507e+01 7 7 1
9.9996837722339826e-01 5.5880605684279487e+00 3.5000000000000003e-01 1.0000000000000000e+00 5.6720000000000000e+03 8.9918922463053574e-04 1.0490878517439562e-02 -9.3177719028854629e-18 -1.3049162613859539e-05 9.1223838724439486e-04 -1.4076783792010342e-04 1.0631646355359644e-02 1.2502695582848082e-19 -9.4427988587139249e-18 1.5725409443955868e+01 7 7 2
9.9999822172058994e-01 5.5719656776136821e+00 3.5000000000000003e-01 1.0000000000000000e+00 5.6820000000000000e+03 9.1111073002777794e-04 1.0588109378611600e-02 4.6211422389168759e-17 -1.3299075280653985e-05 9.2440980530843360e-04 -1.4292244968003566e-04 1.0731031828291658e-02 -6.2289122581617724e-19 4.6834313614984904e-17 1.6368408248992637e+01 7 7 3
9.9999990000000005e-01 5.5681507806872279e+00 3.5000000000000003e-01 1.0000000000000000e+00 5.6920000000000000e+03 9.1396737091678113e-04 1.0611356185825762e-02 -3.7293227224428510e-17 -1.3358933823889617e-05 9.2732630474066957e-04 -1.4343691835577992e-04 1.0754793104181575e-02 5.0365774352127758e-19 -3.7796884967949789e-17 1.5508848934201524e+01 7 7 4
9.9999999437658671e-01 5.5672462140236814e+00 3.5000000000000003e-01 1.0000000000000000e+00 5.7020000000000000e+03 9.1464647737360893e-04 1.0616879707358246e-02 1.3738340529512735e-17 -1.3373162376786178e-05 9.2801963975039305e-04 -1.4355911885162453e-04 1.0760438826209862e-02 -1.8532028985966356e-19 1.3923660819372351e-17 1.7811754134017974e+01 7 7 5
9.9999999968377229e-01 5.5670317122178057e+00 3.5000000000000003e-01 1.0000000000000000e+00 5.6760000000000000e+03 9.1480761425919409e-04 1.0618190151985446e-02 5.6178827905013980e-17 -1.3376538410106264e-05 9.2818415266929949e-04 -1.4358810849684269e-04 1.0761778260482285e-02 -7.5925077938166439e-19 5.6938078684395660e-17 1.7370240268995985e+01 7 7 6
9.9999999998221722e-01 5.5669808461702734e+00 3.5000000000000003e-01 1.0000000000000000e+00 5.6860000000000000e+03 9.1484583081674099e-04 1.0618500940032603e-02 1.4146685076753696e-17 -1.3377339174573998e-05 9.2822316999131404e-04 -1.4359498434882525e-04 1.0762095924381442e-02 -1.9130694941370567e-19 1.4337992026167428e-17 1.6265102416975424e+01 7 7 7
9.9999999999900002e-01 5.5669687836545698e+00 3.5000000000000003e-01 1.0000000000000000e+00 5.6960000000000000e+03 9.1485488777104775e-04 1.0618574565467435e-02 3.4967628357992976e-18 -1.3377529379910255e-05 9.2823241715095698e-04 -1.4359661621942207e-04 1.0762171181686847e-02 -4.5947258477815002e-20 3.5427100942771136e-18 1.7911247008014470e+01 7 7 8
9.8999999999999999e-01 5.9991502698897570e+00 4.0000000000000002e-01 1.0000000000000000e+00 5.7690000000000000e+03 6.7762386505740952e-04 8.3007229282977026e-03 3.7163540310928977e-17 -8.6694684854127521e-06 6.8629333354282285e-04 -9.6944951331733725e-05 8.3976678796294068e-03 -4.3437208576813056e-19 3.7597912396697170e-17 1.6928956074872985e+01 7 8 0
9.9943765867480960e-01 5.7053471262112012e+00 4.0000000000000002e-01 1.0000000000000000e+00 5.7790000000000000e+03 8.4914622860718706e-04 9.7204251350232300e-03 3.7709667770932634e-19 -1.2336163741589808e-05 8.6148239234877587e-04 -1.2924436228824927e-04 9.8496694973114925e-03 -5.4783572085836106e-21 3.8257503491790946e-19 1.9105877382913604e+01 7 8 1
9.9996837722339826e-01 5.6378228853859813e+00 4.0000000000000002e-01 1.0000000000000000e+00 5.7620000000000000e+03 8.9660422160055828e-04 1.0098849140788508e-02 3.9566764897312310e-17 -1.3354656011455437e-05 9.0995887761201235e-04 -1.3777148905622972e-04 1.0236620629844725e-02 -5.3878416816173569e-19 4.0105549065473975e-17 1.8976611173944548e+01 7 8 2
9.9999822172058994e-01 5.6219060332223405e+00 4.0000000000000002e-01 1.0000000000000000e+00 5.7720000000000000e+03 9.0830966778499684e-04 1.0191349757808867e-02 4.1224979385851282e-18 -1.3605357360302617e-05 9.2191502514530114e-04 -1.3984422612773096e-04 1.0331193983936601e-02 -5.6061319483293155e-20 4.1785592580684151e-18 1.7940254521090537e+01 7 8 3
9.9999990000000005e-01 5.6181364459627181e+00 4.0000000000000002e-01 1.0000000000000000e+00 5.7820000000000000e+03 9.1111207118703852e-04 1.0213447812202840e-02 -4.1225752758672336e-17 -1.3665338890305624e-05 9.2477741007734285e-04 -1.4033864808444762e-04 1.0353786460287276e-02 5.6697454360336592e-19 -4.1792727302275760e-17 1.9520126193063334e+01 7 8 4
9.9999999437658671e-01 5.6172428039100488e+00 4.0000000000000002e-01 1.0000000000000000e+00 5.7560000000000000e+03 9.1177813942965903e-04 1.0218697342798733e-02 1.4018950519479132e-17 -1.3679592823154435e-05 9.2545773225281229e-04 -1.4045605782944320e-04 1.0359153400628178e-02 -1.9320001878830200e-19 1.4212150538267429e-17 1.9358458718052134e+01 7 8 5
9.9999999968377229e-01 5.6170309029187209e+00 4.0000000000000002e-01 1.0000000000000000e+00 5.7660000000000000e+03 9.1193617449924244e-04 1.0219942724942751e-02 -5.4462795473192843e-17 -1.3682974659590646e-05 9.2561914915882963e-04 -1.4048390932977506e-04 1.0360426634272515e-02 7.4864865949089096e-19 -5.5211444132683790e-17 1.9624083709903061e+01 7 8 6
9.9999999998221722e-01 5.6169806540664897e+00 4.0000000000000002e-01 1.0000000000000000e+00 5.7760000000000000e+03 9.1197365565020628e-04 1.0220238086048208e-02 3.5904581988759551e-17 -1.3683776759357609e-05 9.2565743240956430e-04 -1.4049051494896894e-04 1.0360728600997170e-02 -4.9304575659210027e-19 3.6397627745351709e-17 2.0130812485935166e+01 7 8 7
9.9999999999900002e-01 5.6169687383637994e+00 4.0000000000000002e-01 1.0000000000000000e+00 5.7860000000000000e+03 9.1198254725903560e-04 1.0220308120464077e-02 4.0038553801151141e-17 -1.3683964623180333e-05 9.2566651188221577e-04 -1.4049205862080847e-04 1.0360800179084874e-02 -5.4936526365386412e-19 4.0587919064805085e-17 2.0768734907032922e+01 7 8 8
9.8999999999999999e-01 1.1454497938059671e+01 0.0000000000000000e+00 1.0000000000000000e+00 5.8320000000000000e+03 2.5881457509418535e-05 1.0289734803485399e-03 0.0000000000000000e+00 -5.8516026440166939e-08 2.5939973535858706e-05 -2.3264315527977593e-06 1.0312999119013377e-03 0.0000000000000000e+00 0.0000000000000000e+00 0.0000000000000000e+00 8 0 0
9.9943765867480960e-01 1.1146591445176558e+01 0.0000000000000000e+00 1.0000000000000000e+00 5.8330000000000000e+03 2.9443265363324629e-05 1.1251454699772812e-03 0.0000000000000000e+00 -7.2768060426153353e-08 2.9516033423750777e-05 -2.7807599645352170e-06 1.1279262299418165e-03 0.0000000000000000e+00 0.0000000000000000e+00 0.0000000000000000e+00 8 0 1
9.9996837722339826e-01 1.1052432932512955e+01 0.0000000000000000e+00 1.0000000000000000e+00 5.8340000000000000e+03 3.0659388975607840e-05 1.1572080454014648e-03 0.0000000000000000e+00 -7.7410850563942442e-08 3.0736799826171784e-05 -2.9217953151393045e-06 1.1601298407166040e-03 0.0000000000000000e+00 0.0000000000000000e+00 0.0000000000000000e+00 8 0 2
9.9999822172058994e-01 1.1019557107987499e+01 0.0000000000000000e+00 1.0000000000000000e+00 5.8440000000000000e+03 3.1098915325470041e-05 1.1687037541620907e-03 0.0000000000000000e+00 -7.9079488985947158e-08 3.1177994814455974e-05 -2.9718237658084385e-06 1.1716755779278996e-03 0.0000000000000000e+00 0.0000000000000000e+00 0.0000000000000000e+00 8 0 3
9.9999990000000005e-01 1.1007415659237960e+01 0.0000000000000000e+00 1.0000000000000000e+00 5.8540000000000000e+03 3.1263193639157974e-05 1.1729878738817954e-03 0.0000000000000000e+00 -7.9704151987092216e-08 3.1342897791145083e-05 -2.9904815502210724e-06 1.1759783554320163e-03 0.0000000000000000e+00 0.0000000000000000e+00 0.0000000000000000e+00 8 0 4
9.9999999437658671e-01 1.1002829820286481e+01 0.0000000000000000e+00 1.0000000000000000e+00 5.8640000000000000e+03 3.1325515155845115e-05 1.1746113310268946e-03 0.0000000000000000e+00 -7.9941431388922645e-08 3.1405456587234040e-05 -2.9975599973626139e-06 1.1776088910242575e-03 0.0000000000000000e+00 0.0000000000000000e+00 0.0000000000000000e+00 8 0 5
9.9999999968377229e-01 1.1001082507441438e+01 0.0000000000000000e+00 1.0000000000000000e+00 5.8380000000000000e+03 3.1349300472896836e-05 1.1752306715396147e-03 0.0000000000000000e+00 -8.0032044406140174e-08 3.1429332517302985e-05 -3.0002619475810261e-06 1.1782309334871957e-03 0.0000000000000000e+00 0.0000000000000000e+00 0.0000000000000000e+00 8 0 6
9.9999999998221722e-01 1.1000414486131833e+01 0.0000000000000000e+00 1.0000000000000000e+00 5.8480000000000000e+03 3.1358399722034938e-05 1.1754675676263493e-03 0.0000000000000000e+00 -8.0066717051116484e-08 3.1438466439086038e-05 -3.0012956647711086e-06 1.1784688632911202e-03 0.0000000000000000e+00 0.0000000000000000e+00 0.0000000000000000e+00 8 0 7
9.9999999999900002e-01 1.1000158750801251e+01 0.0000000000000000e+00 1.0000000000000000e+00 5.8400000000000000e+03 3.1361884297895794e-05 1.1755582855089422e-03 0.0000000000000000e+00 -8.0080009825419227e-08 3.1441964307721225e-05 -3.0016920590522413e-06 1.1785599775679940e-03 0.0000000000000000e+00 0.0000000000000000e+00 0.0000000000000000e+00 8 0 8
9.8999999999999999e-01 1.1482160941731149e+01 5.0000000000000003e-02 1.0000000000000000e+00 5.9130000000000000e+03 2.5699186980259949e-05 1.0200934096150905e-03 -1.8577008315562966e-18 -5.8289808514301855e-08 2.5757476788774258e-05 -2.3037437075100090e-06 1.0223971533226018e-03 4.1958143910824002e-21 -1.8618966459473793e-18 2.8972683509346098e+00 8 1 0
9.9943765867480960e-01 1.1173096021923959e+01 5.0000000000000003e-02 1.0000000000000000e+00 5.9140000000000000e+03 2.9241966862453544e-05 1.1156111211828791e-03 -9.1294547086164436e-19 -7.2503823676837008e-08 2.9314470686130379e-05 -2.7542572129326170e-06 1.1183653783958119e-03 2.2530828242236310e-21 -9.1519855368586854e-19 2.9134439579211175e+00 8 1 1
9.9996837722339826e-01 1.1084316187919693e+01 5.0000000000000003e-02 1.0000000000000000e+00 5.9240000000000000e+03 3.0376584441294190e-05 1.1454901039546380e-03 -6.1043975418753809e-18 -7.6851458773010816e-08 3.0453435900067196e-05 -2.8856739048926223e-06 1.1483757778595299e-03 1.5377959731704504e-20 -6.1197755016070838e-18 3.0619940680917352e+00 8 1 2
9.9999822172058994e-01 1.1058787713821919e+01 5.0000000000000003e-02 1.0000000000000000e+00 5.9340000000000000e+03 3.0713178375966499e-05 1.1542910356931522e-03 -3.1029279461018283e-18 -7.8131800489513565e-08 3.0791310176455996e-05 -2.9239014316399930e-06 1.1572149371247929e-03 7.8602334378259269e-21 -3.1107881795396558e-18 3.0944067889358848e+00 8 1 3
9.9999990000000005e-01 1.1052134461230557e+01 5.0000000000000003e-02 1.0000000000000000e+00 5.9440000000000000e+03 3.0801666107197326e-05 1.1565999788777416e-03 -1.0819818917192753e-18 -7.8468254903957419e-08 3.0880134362101268e-05 -2.9339162980940719e-06 1.1595338951758372e-03 2.7452287624480798e-21 -1.0847271204817232e-18 3.2554654439445585e+00 8 1 4
9.9999999437658671e-01 1.1050509288732052e+01 5.0000000000000003e-02 1.0000000000000000e+00 5.9180000000000000e+03 3.0823328809353225e-05 1.1571649307148769e-03 4.0836990625071863e-18 -7.8550627543966951e-08 3.0901879436897201e-05 -2.9363663597446940e-06 1.1601012970746229e-03 -1.0362301959996158e-20 4.0940613644671883e-18 3.3160571961198002e+00 8 1 5
9.9999999968377229e-01 1.1050120951548235e+01 5.0000000000000003e-02 1.0000000000000000e+00 5.9280000000000000e+03 3.0828507934409468e-05 1.1572999820374846e-03 1.1100325155417248e-18 -7.8570321725598116e-08 3.0907078256135012e-05 -2.9369520312007995e-06 1.1602369340686842e-03 -2.8178908063637162e-21 1.1128504063480890e-18 3.3067353731021285e+00 8 1 6
9.9999999998221722e-01 1.1050028692281197e+01 5.0000000000000003e-02 1.0000000000000000e+00 5.9380000000000000e+03 3.0829738506098437e-05 1.1573320693080290e-03 6.1675042103176837e-18 -7.8575001536361608e-08 3.0908313507634834e-05 -2.9370911972606417e-06 1.1602691605052903e-03 -1.5651966108588611e-20 6.1831561764262711e-18 3.5787411730270833e+00 8 1 7
9.9999999999900002e-01 1.1050006803743328e+01 5.0000000000000003e-02 1.0000000000000000e+00 5.9300000000000000e+03 3.0830030890382945e-05 1.1573396983733466e-03 6.1675448661447459e-18 -7.8576125465718585e-08 3.0908607015848620e-05 -2.9371247285022979e-06 1.1602768231018488e-03 -1.5652144798939955e-20 6.1831970109436850e-18 3.5889979631174356e+00 8 1 8
9.8999999999999999e-01 1.1515631562979777e+01 1.0000000000000001e-01 1.0000000000000000e+00 6.0210000000000000e+03 2.5677416065974078e-05 1.0082203283698502e-03 6.2455506389040761e-18 -5.9346200266555867e-08 2.5736762266240639e-05 -2.2919950371516082e-06 1.0105123234070003e-03 -1.4197193696036946e-20 6.2597478326001048e-18 4.0395778031088412e+00 8 2 0
9.9943765867480960e-01 1.1209542735726194e+01 1.0000000000000001e-01 1.0000000000000000e+00 5.9950000000000000e+03 2.9170411463772159e-05 1.1014405491412598e-03 -5.8437458280236548e-18 -7.3625732512389216e-08 2.9244037196284525e-05 -2.7348011754048235e-06 1.1041753503166646e-03 1.4508555530238492e-20 -5.8582543835538911e-18 3.8483117721043527e+00 8 2 1
9.9996837722339826e-01 1.1127974265383026e+01 1.0000000000000001e-01 1.0000000000000000e+00 5.9960000000000000e+03 3.0205341282477081e-05 1.1284374681103198e-03 -8.0180304572530741e-18 -7.7663656160409322e-08 3.0283004938637520e-05 -2.8543549531798176e-06 1.1312918230634984e-03 2.0281411772627803e-20 -8.0383118690256937e-18 4.2625687660183758e+00 8 2 2
9.9999822172058994e-01 1.1106814501240454e+01 1.0000000000000001e-01 1.0000000000000000e+00 6.0060000000000000e+03 3.0481513453815837e-05 1.1355962472788461e-03 5.0430604016275943e-18 -7.8730588817784509e-08 3.0560244042633628e-05 -2.8855748072198226e-06 1.1384818220860672e-03 -1.2814526361014988e-20 5.0558749279886074e-18 4.4021507780998945e+00 8 2 3
9.9999990000000005e-01 1.1101627751230724e+01 1.0000000000000001e-01 1.0000000000000000e+00 6.0160000000000000e+03 3.0549699802151870e-05 1.1373608229764594e-03 4.0678509376128550e-18 -7.8993546424896231e-08 3.0628693348576759e-05 -2.8932474869881603e-06 1.1402540704634472e-03 -1.0349040286408185e-20 4.0781999778992602e-18 4.6702174090314656e+00 8 2 4
9.9999999437658671e-01 1.1100386688723670e+01 1.0000000000000001e-01 1.0000000000000000e+00 6.0260000000000000e+03 3.0566043805392356e-05 1.1377836139087473e-03 -1.0105548521621697e-17 -7.9056553304150060e-08 3.0645100358696473e-05 -2.8950846830069711e-06 1.1406786985917545e-03 2.5713517386511716e-20 -1.0131262039008184e-17 4.3568744570948184e+00 8 2 5
9.9999999968377229e-01 1.1100091737391917e+01 1.0000000000000001e-01 1.0000000000000000e+00 6.0000000000000000e+03 3.0569929757545983e-05 1.1378841270234797e-03 -9.0957971316741205e-18 -7.9071532620065603e-08 3.0649001290166024e-05 -2.8955213899853611e-06 1.1407796484134637e-03 2.3145656511285935e-20 -9.1189427881853949e-18 4.4287080331705511e+00 8 2 6
9.9999999998221722e-01 1.1100021756577094e+01 1.0000000000000001e-01 1.0000000000000000e+00 6.0100000000000000e+03 3.0570851851229828e-05 1.1379079773209480e-03 2.0484829890082823e-18 -7.9075086934337142e-08 3.0649926938164176e-05 -2.8956250087390777e-06 1.1408036023296850e-03 -5.2138960743630548e-21 2.0536968850826434e-18 4.9070430099964142e+00 8 2 7
9.9999999999900002e-01 1.1100005159728589e+01 1.0000000000000001e-01 1.0000000000000000e+00 6.0200000000000000e+03 3.0571070865384032e-05 1.1379136464354450e-03 9.1503382290356871e-18 -7.9075929738346993e-08 3.0650146795122437e-05 -2.8956495959005458e-06 1.1408092960313453e-03 -2.3287148407452890e-20 9.1736253774431346e-18 4.3066402350086719e+00 8 2 8
9.8999999999999999e-01 1.1553584645049700e+01 1.5000000000000002e-01 1.0000000000000000e+00 6.1020000000000000e+03 2.5803355302069650e-05 9.9356997468551494e-04 2.2917983335153069e-20 -6.1576157116274405e-08 2.5864931459185910e-05 -2.2903828552774845e-06 9.9586035754079113e-04 -5.4690613918739210e-23 2.2972673949071796e-20 4.1986190949101001e+00 8 3 0
9.9943765867480960e-01 1.1251310715604980e+01 1.5000000000000002e-01 1.0000000000000000e+00 6.0850000000000000e+03 2.9255523161662382e-05 1.0840074872061295e-03 -2.0035364868473638e-18 -7.6142603458558423e-08 2.9331665765120934e-05 -2.7261450902084319e-06 1.0867336322963354e-03 5.0454911278241856e-21 -2.0085819779751874e-18 4.3661728440783918e+00 8 3 1
9.9996837722339826e-01 1.1174921013951145e+01 1.5000000000000002e-01 1.0000000000000000e+00 6.1040000000000000e+03 3.0223311621126732e-05 1.1088056112097090e-03 1.9159470447302273e-18 -8.0034196281834963e-08 3.0303345817408554e-05 -2.8374103574744946e-06 1.1116430215671817e-03 -4.8980840027337937e-21 1.9208451287329602e-18 4.8729813420213759e+00 8 3 2
9.9999822172058994e-01 1.1155980660797614e+01 1.5000000000000002e-01 1.0000000000000000e+00 6.0780000000000000e+03 3.0469707780838559e-05 1.1150826920057722e-03 -9.0920477250411963e-19 -8.1013167144434823e-08 3.0550720947983012e-05 -2.8650810304075710e-06 1.1179477730361798e-03 2.3288407015924649e-21 -9.1153361320571102e-19 5.1212408049032092e+00 8 3 3
9.9999990000000005e-01 1.1151422622906262e+01 1.5000000000000002e-01 1.0000000000000000e+00 6.0880000000000000e+03 3.0529391536614029e-05 1.1166009721311617e-03 8.9527835284971027e-18 -8.1249677892159034e-08 3.0610641214506249e-05 -2.8717476368034560e-06 1.1194727197679653e-03 -2.3027782711014340e-20 8.9758113112081066e-18 4.8113902048207819e+00 8 3 4
9.9999999437658671e-01 1.1150337609458875e+01 1.5000000000000002e-01 1.0000000000000000e+00 6.0980000000000000e+03 3.0543621147965706e-05 1.1169628295120068e-03 7.9907546165642696e-18 -8.1306032071420704e-08 3.0624927180037117e-05 -2.8733350709132519e-06 1.1198361645829216e-03 -2.0560702146576026e-20 8.0113153187108624e-18 5.3293662860523909e+00 8 3 5
9.9999999968377229e-01 1.1150080074089997e+01 1.5000000000000002e-01 1.0000000000000000e+00 6.1080000000000000e+03 3.0546999903063148e-05 1.1170487437496778e-03 -4.8792993814565584e-18 -8.1319411240767934e-08 3.0628319314303981e-05 -2.8737118889768827e-06 1.1199224556386550e-03 1.2545165982624465e-20 -4.8918445474391816e-18 5.2322408820036799e+00 8 3 6
9.9999999998221722e-01 1.1150018989284975e+01 1.5000000000000002e-01 1.0000000000000000e+00 6.0820000000000000e+03 3.0547801330778491e-05 1.1170691212900714e-03 9.8673030726096882e-18 -8.1322584670151576e-08 3.0629123915448656e-05 -2.8738012622451030e-06 1.1199429225523172e-03 -2.5380024706854318e-20 9.8926830973165255e-18 6.1681242538616061e+00 8 3 7
9.9999999999900002e-01 1.1150004503352974e+01 1.5000000000000002e-01 1.0000000000000000e+00 6.0920000000000000e+03 3.0547990877572617e-05 1.1170739343230687e-03 -3.0578790838137679e-18 -8.1323330009889440e-08 3.0629314207582493e-05 -2.8738221281228292e-06 1.1199477564511921e-03 7.8740892689649697e-21 -3.0657531730827303e-18 4.9574930178932846e+00 8 3 8
9.8999999999999999e-01 1.1594990230460807e+01 2.0000000000000001e-01 1.0000000000000000e+00 6.2010000000000000e+03 2.6048384378504596e-05 9.7610894100617093e-04 4.4042013220092439e-18 -6.4809507545245823e-08 2.6113193886049850e-05 -2.2966588391873665e-06 9.7840559984535840e-04 -1.0371901309878045e-20 4.4145732233191125e-18 5.7902099168859422e+00 8 4 0
9.9943765867480960e-01 1.1296096206764727e+01 2.0000000000000001e-01 1.0000000000000000e+00 6.1660000000000000e+03 2.9480238513328654e-05 1.0637084295786034e-03 1.8109746090441971e-18 -7.9894861721137316e-08 2.9560133375049742e-05 -2.7273702126687663e-06 1.0664357997912726e-03 -4.6319000547737509e-21 1.8156065090989687e-18 5.0752873760648072e+00 8 4 1
9.9996837722339826e-01 1.1223200821727325e+01 2.0000000000000001e-01 1.0000000000000000e+00 6.1850000000000000e+03 3.0407244031892094e-05 1.0868651260920786e-03 5.7379667848144881e-18 -8.3771367805469435e-08 3.0491015399697566e-05 -2.8332400210279399e-06 1.0896983661131078e-03 -1.4949728024899311e-20 5.7529165128393777e-18 6.0629796739667654e+00 8 4 2
9.9999822172058994e-01 1.1205532878292797e+01 2.0000000000000001e-01 1.0000000000000000e+00 6.1590000000000000e+03 3.0637701544949227e-05 1.0925907657145079e-03 5.4423490682874179e-20 -8.4722009535049552e-08 3.0722423554484266e-05 -2.8589114892271737e-06 1.0954496772037357e-03 -1.5049652108531848e-22 5.4573987203959468e-20 5.8013487749267370e+00 8 4 3
9.9999990000000005e-01 1.1201313936886553e+01 2.0000000000000001e-01 1.0000000000000000e+00 6.1690000000000000e+03 3.0693071973579182e-05 1.0939646003873310e-03 -1.9432714999597973e-18 -8.4949681145202938e-08 3.0778021654724450e-05 -2.8650429720957894e-06 1.0968296433594266e-03 5.0893386786579764e-21 -1.9483608386384550e-18 6.5346671419683844e+00 8 4 4
9.9999999437658671e-01 1.1200311691473075e+01 2.0000000000000001e-01 1.0000000000000000e+00 6.1790000000000000e+03 3.0706244996288624e-05 1.0942913417506665e-03 7.8026802610168294e-18 -8.5003804896874697e-08 3.0791248801185516e-05 -2.8664996535024090e-06 1.0971578414041656e-03 -2.0443203603651565e-20 7.8231234646204894e-18 6.5816018718760461e+00 8 4 5
9.9999999968377229e-01 1.1200073919800712e+01 2.0000000000000001e-01 1.0000000000000000e+00 6.1890000000000000e+03 3.0709371240848731e-05 1.0943688787489938e-03 -2.8614336622514876e-18 -8.5016647337840695e-08 3.0794387888186560e-05 -2.8668452408539494e-06 1.0972357239898455e-03 7.4877903236780132e-21 -2.8689214525751570e-18 6.5414781828876585e+00 8 4 6
9.9999999998221722e-01 1.1200017529620048e+01 2.0000000000000001e-01 1.0000000000000000e+00 6.1630000000000000e+03 3.0710112754072344e-05 1.0943872698566883e-03 -6.8040780911687494e-18 -8.5019693110425106e-08 3.0795132447182805e-05 -2.8669271983021843e-06 1.0972541970549901e-03 1.7824400078683415e-20 -6.8219024912474336e-18 6.4874585329089314e+00 8 4 7
9.9999999999900002e-01 1.1200004157023482e+01 2.0000000000000001e-01 1.0000000000000000e+00 6.1730000000000000e+03 3.0710288265876822e-05 1.0943916206365117e-03 3.8335076499989412e-18 -8.5020427417096748e-08 3.0795308693293914e-05 -2.8669470436548506e-06 1.0972585676801670e-03 -1.0034415360658165e-20 3.8435420653596034e-18 6.6869482598267496e+00 8 4 8
9.8999999999999999e-01 1.1639068657913203e+01 2.5000000000000000e-01 1.0000000000000000e+00 6.2370000000000000e+03 2.6370334143970228e-05 9.5558244047666259e-04 -8.9557082528966258e-19 -6.8825329806444252e-08 2.6439159473776638e-05 -2.3073793451927594e-06 9.5788981982185576e-04 2.1716228857876675e-21 -8.9774244817545071e-19 6.5376994749531150e+00 8 5 0
9.9943765867480960e-01 1.1342720045326427e+01 2.5000000000000000e-01 1.0000000000000000e+00 6.2470000000000000e+03 2.9801589003377374e-05 1.0403938968637446e-03 8.9758627895652496e-19 -8.4626742466213483e-08 2.9886215745843575e-05 -2.7349310618924790e-06 1.0431288279256368e-03 -2.3539431021524337e-21 8.9994022205867878e-19 8.1724597110878676e+00 8 5 1
9.9996837722339826e-01 1.1272155445585877e+01 2.5000000000000000e-01 1.0000000000000000e+00 6.2390000000000000e+03 3.0705642455115737e-05 1.0622720743295156e-03 8.4641121014344267e-18 -8.8580627400539594e-08 3.0794223082516263e-05 -2.8373392378488251e-06 1.0651094135673653e-03 -2.2601895922170837e-20 8.4867139973566001e-18 6.9633667869493365e+00 8 5 2
9.9999822172058994e-01 1.1255266843913438e+01 2.5000000000000000e-01 1.0000000000000000e+00 6.2490000000000000e+03 3.0927429875205084e-05 1.0676115540568334e-03 -3.7379800201592751e-18 -8.9536227097802796e-08 3.1016966102302883e-05 -2.8618160673500480e-06 1.0704733701241815e-03 1.0008164799306290e-20 -3.7479881849585820e-18 7.6627862069290131e+00 8 5 3
9.9999990000000005e-01 1.1251249751122641e+01 2.5000000000000000e-01 1.0000000000000000e+00 6.2590000000000000e+03 3.0980497829504696e-05 1.0688875541564097e-03 5.5032419207465281e-20 -8.9764048698154252e-08 3.1070261878202912e-05 -2.8676358983353118e-06 1.0717551900547438e-03 -1.5945298183722345e-22 5.5191872189302615e-20 7.5059469549451023e+00 8 5 4
9.9999999437658671e-01 1.1250296407672190e+01 2.5000000000000000e-01 1.0000000000000000e+00 6.2690000000000000e+03 3.0993109805838887e-05 1.0691907142048693e-03 3.8260558868910495e-18 -8.9818145367283969e-08 3.1082927951206196e-05 -2.8690169473050548e-06 1.0720597311521694e-03 -1.0272570291813826e-20 3.8363284571828743e-18 7.7113992040976882e+00 8 5 5
9.9999999968377229e-01 1.1250070291870744e+01 2.5000000000000000e-01 1.0000000000000000e+00 6.2430000000000000e+03 3.0996102141516774e-05 1.0692626373176462e-03 -1.9544521369481881e-18 -8.9830977784990512e-08 3.1085933119301762e-05 -2.8693445001294083e-06 1.0721319818177747e-03 5.2565515991787468e-21 -1.9597086885473719e-18 7.8289410909637809e+00 8 5 6
9.9999999998221722e-01 1.1250016668968380e+01 2.5000000000000000e-01 1.0000000000000000e+00 6.2530000000000000e+03 3.0996811813796158e-05 1.0692796944719476e-03 6.6755087441072102e-18 -8.9834020694665870e-08 3.1086645834490820e-05 -2.8694221619716453e-06 1.0721491166339166e-03 -1.7919700527443377e-20 6.6934284446346518e-18 7.8461122091393918e+00 8 5 7
9.9999999999900002e-01 1.1250003952626345e+01 2.5000000000000000e-01 1.0000000000000000e+00 6.2630000000000000e+03 3.0996980172272244e-05 1.0692837391013165e-03 8.2592546594654705e-20 -8.9834745596139047e-08 3.1086814917868449e-05 -2.8694406803213920e-06 1.0721531797816357e-03 -2.3936784713322488e-22 8.2831914441787961e-20 7.2382534570060670e+00 8 5 8
9.8999999999999999e-01 1.1685235235381956e+01 3.0000000000000004e-01 1.0000000000000000e+00 6.3270000000000000e+03 2.6715578970645854e-05 9.3154869161366947e-04 -1.7259474917168647e-18 -7.3358335623784455e-08 2.6788937306269626e-05 -2.3181453228466520e-06 9.3386683693651694e-04 4.3133191707808639e-21 -1.7302608108876457e-18 7.1845904348883778e+00 8 6 0
9.9943765867480960e-01 1.1390536860871268e+01 3.0000000000000004e-01 1.0000000000000000e+00 6.3550000000000000e+03 3.0159919058422327e-05 1.0135932638957381e-03 6.2481868649240919e-18 -9.0018171867617334e-08 3.0249937230289991e-05 -2.7437190187289966e-06 1.0163369829144660e-03 -1.6898479759823881e-20 6.2650853446839058e-18 7.8078674220014364e+00 8 6 1
9.9996837722339826e-01 1.1321501325371916e+01 3.0000000000000004e-01 1.0000000000000000e+00 6.3380000000000000e+03 3.1052340190932465e-05 1.0344135871142904e-03 -8.1859543707592563e-18 -9.4111160085100553e-08 3.1146451351017579e-05 -2.8438680015238436e-06 1.0372574551158150e-03 2.2481997182541160e-20 -8.2084363679418126e-18 8.1323510550428182e+00 8 6 2
9.9999822172058994e-01 1.1305102269471579e+01 3.0000000000000004e-01 1.0000000000000000e+00 6.3480000000000000e+03 3.1269556361926170e-05 1.0394559132954587e-03 -5.5115609173580131e-18 -9.5091642537488159e-08 3.1364648004463524e-05 -2.8675967089826884e-06 1.0423235100044412e-03 1.5197166735133491e-20 -5.5267580840931466e-18 7.6466982879210263e+00 8 6 3
9.9999990000000005e-01 1.1301210162434460e+01 3.0000000000000004e-01 1.0000000000000000e+00 6.3220000000000000e+03 3.1321410628461139e-05 1.0406581831904449e-03 -7.4499591267422630e-18 -9.5324785527893832e-08 3.1416735413988914e-05 -2.8732240754310318e-06 1.0435314072658739e-03 2.0584815784822326e-20 -7.4705439425270663e-18 7.7230367180891335e+00 8 6 4
9.9999999437658671e-01 1.1300286987683112e+01 3.0000000000000004e-01 1.0000000000000000e+00 6.3320000000000000e+03 3.1333727032950681e-05 1.0409436643700639e-03 -3.7538346755871402e-18 -9.5380109437645482e-08 3.1429107142388142e-05 -2.8745585845270574e-06 1.0438182229545920e-03 1.0381912713504984e-20 -3.7642165883006455e-18 8.5447721478994936e+00 8 6 5
9.9999999968377229e-01 1.1300068056219688e+01 3.0000000000000004e-01 1.0000000000000000e+00 6.3420000000000000e+03 3.1336648833263592e-05 1.0410113839986702e-03 -4.5951866944094850e-18 -9.5393230880168400e-08 3.1432042064143733e-05 -2.8748750488687190e-06 1.0438862590475394e-03 1.2682283679644474e-20 -4.6078689780891277e-18 7.9121269129682332e+00 8 6 6
9.9999999998221722e-01 1.1300016138651403e+01 3.0000000000000004e-01 1.0000000000000000e+00 6.3520000000000000e+03 3.1337341775952979e-05 1.0410274443650675e-03 6.4444936221082263e-18 -9.5396342842281184e-08 3.1432738118795231e-05 -2.8749500973695360e-06 1.0439023944624380e-03 -1.7789551466357973e-20 6.4622831735745808e-18 7.9511077459901571e+00 8 6 7
9.9999999999900002e-01 1.1300003826679358e+01 3.0000000000000004e-01 1.0000000000000000e+00 6.3260000000000000e+03 3.1337505860779645e-05 1.0410312460990686e-03 -6.4445171126983083e-18 -9.5397075700054279e-08 3.1432902936479756e-05 -2.8749676906832878e-06 1.0439062137897540e-03 1.7789660197460756e-20 -6.4623067728957665e-18 8.5527659370563924e+00 8 6 8
9.8999999999999999e-01 1.1733051202399627e+01 3.5000000000000003e-01 1.0000000000000000e+00 6.4170000000000000e+03 2.7020859108648322e-05 9.0341414038636590e-04 -5.5447525729756049e-18 -7.8102136066690660e-08 2.7098961244714956e-05 -2.3238173154356870e-06 9.0573795770180219e-04 1.4239644840907421e-20 -5.5589922178165079e-18 8.2559202781412750e+00 8 7 0
9.9943765867480960e-01 1.1439168962420156e+01 3.5000000000000003e-01 1.0000000000000000e+00 6.4270000000000000e+03 3.0483499561735023e-05 9.8262829156183689e-04 3.4909969726081048e-18 -9.5696701345374125e-08 3.0579196263080454e-05 -2.7476103172539699e-06 9.8537590187908783e-04 -9.7614727581215630e-21 3.5007584453662156e-18 8.5511478320695460e+00 8 7 1
9.9996837722339826e-01 1.1371095534142126e+01 3.5000000000000003e-01 1.0000000000000000e+00 6.4190000000000000e+03 3.1370607408441069e-05 1.0025111077642947e-03 -3.6173603187297786e-18 -9.9965031003970588e-08 3.1470572439445016e-05 -2.8461467839784045e-06 1.0053572545482734e-03 1.0289118177838893e-20 -3.6276494369076131e-18 8.1036094448063523e+00 8 7 2
9.9999822172058994e-01 1.1355000643327859e+01 3.5000000000000003e-01 1.0000000000000000e+00 6.4290000000000000e+03 3.1585485050992620e-05 1.0073037019157891e-03 1.9015450050435220e-18 -1.0098178582029407e-07 3.1686466836812996e-05 -2.8693656725623668e-06 1.0101730675883532e-03 -5.4557767089899143e-21 1.9070007817525092e-18 8.2879921800922602e+00 8 7 3
9.9999990000000005e-01 1.1351185746401406e+01 3.5000000000000003e-01 1.0000000000000000e+00 6.4030000000000000e+03 3.1636710779917989e-05 1.0084449032911078e-03 4.5626921341537576e-18 -1.0122316744367844e-07 3.1737933947361645e-05 -2.8748634915882979e-06 1.0113197667826976e-03 -1.3036671262753878e-20 4.5757288054165130e-18 9.1727709788829088e+00 8 7 4
9.9999999437658671e-01 1.1350281179737859e+01 3.5000000000000003e-01 1.0000000000000000e+00 6.4130000000000000e+03 3.1648873759632463e-05 1.0087157940297708e-03 -4.4514881526584798e-18 -1.0128042360547142e-07 3.1750154183237954e-05 -2.8761667699035107e-06 1.0115919607996727e-03 1.2682791195850116e-20 -4.4641709438543319e-18 8.5856083510443568e+00 8 7 5
9.9999999968377229e-01 1.1350066677931983e+01 3.5000000000000003e-01 1.0000000000000000e+00 6.4230000000000000e+03 3.1651758928697710e-05 1.0087800475465014e-03 -6.3561739068621432e-18 -1.0129400209058872e-07 3.1753052930788264e-05 -2.8764758007953015e-06 1.0116565233472955e-03 1.8153667557497919e-20 -6.3743275744196299e-18 9.3590501209255308e+00 8 7 6
9.9999999998221722e-01 1.1350015811884450e+01 3.5000000000000003e-01 1.0000000000000000e+00 6.4330000000000000e+03 3.1652443138563924e-05 1.0087952844974519e-03 -5.6226033852915556e-20 -1.0129722230392872e-07 3.1753740360867826e-05 -2.8765490870255221e-06 1.0116718335844801e-03 1.7994001365183137e-22 -5.6405973866567341e-20 8.8568768838886172e+00 8 7 7
9.9999999999900002e-01 1.1350003749368748e+01 3.5000000000000003e-01 1.0000000000000000e+00 6.4430000000000000e+03 3.1652605222511635e-05 1.0087988906446201e-03 4.4237407006680713e-18 -1.0129797506723131e-07 3.1753903197578867e-05 -2.8765661580219944e-06 1.0116754568026405e-03 -1.2594578571146108e-20 4.4363352792392151e-18 8.6073949921410531e+00 8 7 8
9.8999999999999999e-01 1.1782185235603935e+01 4.0000000000000002e-01 1.0000000000000000e+00 6.4980000000000000e+03 2.7214928765579626e-05 8.7046879592299049e-04 -4.6146178849436453e-18 -8.2710700868463254e-08 2.7297639466448096e-05 -2.3187105057055232e-06 8.7278750642869464e-04 1.2283109936608014e-20 -4.6269009948802395e-18 1.0004969598958269e+01 8 8 0
9.9943765867480960e-01 1.1488382091925379e+01 4.0000000000000002e-01 1.0000000000000000e+00 6.5170000000000000e+03 3.0691240187790807e-05 9.4668038063062997e-04 -2.5769818477061357e-18 -1.0124131376897662e-07 3.0792481501559767e-05 -2.7397966408662336e-06 9.4942017727149574e-04 7.4801254524962475e-21 -2.5844619731586276e-18 9.9998563239350915e+00 8 8 1
9.9996837722339826e-01 1.1420857851100159e+01 4.0000000000000002e-01 1.0000000000000000e+00 6.4910000000000000e+03 3.1575200743015698e-05 9.6567170133242755e-04 -3.5148882982472048e-18 -1.0569797299478602e-07 3.1680898716010487e-05 -2.8369152004080479e-06 9.6850861653283529e-04 1.0360383413946785e-20 -3.5252486816611524e-18 1.0375301370862871e+01 8 8 2
9.9999822172058994e-01 1.1404940998936517e+01 4.0000000000000002e-01 1.0000000000000000e+00 6.5010000000000000e+03 3.1788665706737105e-05 9.7023596657073985e-04 6.8092391595848241e-18 -1.0675574137179309e-07 3.1895421448108920e-05 -2.8597200968632532e-06 9.7309568666760341e-04 -2.0035078974336965e-20 6.8292742385591697e-18 9.7951972100418061e+00 8 8 3
9.9999990000000005e-01 1.1401171411676895e+01 4.0000000000000002e-01 1.0000000000000000e+00 6.5110000000000000e+03 3.1839511999153962e-05 9.7132191776519168e-04 -7.7078061585641975e-18 -1.0700660648369239e-07 3.1946518605637657e-05 -2.8651146072557498e-06 9.7418703237244755e-04 2.2712514759901152e-20 -7.7305186733240823e-18 1.0557876795064658e+01 8 8 4
9.9999999437658671e-01 1.1400277769624227e+01 4.0000000000000002e-01 1.0000000000000000e+00 6.4850000000000000e+03 3.1851582392866921e-05 9.7157964210730513e-04 -7.7381347521424677e-18 -1.0706609733480103e-07 3.1958648490201684e-05 -2.8663930866333878e-06 9.7444603519393773e-04 2.2817722540194480e-20 -7.7609524746826569e-18 1.0783410003874451e+01 8 8 5
9.9999999968377229e-01 1.1400065868632899e+01 4.0000000000000002e-01 1.0000000000000000e+00 6.4950000000000000e+03 3.1854445458020240e-05 9.7164076972521050e-04 -2.8292431027328248e-20 -1.0708020491713704e-07 3.1961525662937428e-05 -2.8666962192693988e-06 9.7450746594448091e-04 9.5106327184468340e-23 -2.8387537354512762e-20 1.0183684326941147e+01 8 8 6
9.9999999998221722e-01 1.1400015619780667e+01 4.0000000000000002e-01 1.0000000000000000e+00 6.5050000000000000e+03 3.1855124412484911e-05 9.7165526538222811e-04 8.9129627216052679e-19 -1.0708354988479267e-07 3.1962207962369720e-05 -2.8667680907711721e-06 9.7452203347299859e-04 -2.6413108506204424e-21 8.9393758301114695e-19 1.0196962171001360e+01 8 8 7
9.9999999999900002e-01 1.1400003704077978e+01 4.0000000000000002e-01 1.0000000000000000e+00 6.5150000000000000e+03 3.1855285049207504e-05 9.7165868990406500e-04 -2.5607256623265598e-18 -1.0708433833648974e-07 3.1962369387543987e-05 -2.8667850236611569e-06 9.7452547492772785e-04 7.5435397774077124e-21 -2.5682692021039662e-18 1.0266918017063290e+01 8 8 8
